nat_index,name,type1,type2,hp,attack,defense,sp_attack,sp_defense,speed,is_mega,is_gmax,is_alolan,is_galarian,is_hisuian,is_paldean,is_alt_form,has_alt_form,height_m,weight_kg,norm_abils,hidd_abil
1,Bulbasaur,Grass,Poison,45,49,49,65,65,45,False,False,False,False,False,False,False,False,0.7,6.9,['Overgrow'],Chlorophyll
2,Ivysaur,Grass,Poison,60,62,63,80,80,60,False,False,False,False,False,False,False,False,1.0,13.0,['Overgrow'],Chlorophyll
3,Venusaur,Grass,Poison,80,82,83,100,100,80,False,False,False,False,False,False,False,True,2.0,100.0,['Overgrow'],Chlorophyll
3,Mega Venusaur,Grass,Poison,80,100,123,122,120,80,True,False,False,False,False,False,True,True,2.4,155.5,['Thick Fat'],
4,Charmander,Fire,,39,52,43,60,50,65,False,False,False,False,False,False,False,False,0.6,8.5,['Blaze'],Solar Power
5,Charmeleon,Fire,,58,64,58,80,65,80,False,False,False,False,False,False,False,False,1.1,19.0,['Blaze'],Solar Power
6,Charizard,Fire,Flying,78,84,78,109,85,100,False,False,False,False,False,False,False,True,1.7,90.5,['Blaze'],Solar Power
6,Mega Charizard X,Fire,Dragon,78,130,111,130,85,100,True,False,False,False,False,False,True,True,1.7,110.5,['Tough Claws'],
6,Mega Charizard Y,Fire,Flying,78,104,78,159,115,100,True,False,False,False,False,False,True,True,1.7,100.5,['Drought'],
7,Squirtle,Water,,44,48,65,50,64,43,False,False,False,False,False,False,False,False,0.5,9.0,['Torrent'],Rain Dish
8,Wartortle,Water,,59,63,80,65,80,58,False,False,False,False,False,False,False,False,1.0,22.5,['Torrent'],Rain Dish
9,Blastoise,Water,,79,83,100,85,105,78,False,False,False,False,False,False,False,True,1.6,85.5,['Torrent'],Rain Dish
9,Mega Blastoise,Water,,79,103,120,135,115,78,True,False,False,False,False,False,True,True,1.6,101.1,['Mega Launcher'],
10,Caterpie,Bug,,45,30,35,20,20,45,False,False,False,False,False,False,False,False,0.3,2.9,['Shield Dust'],Run Away
11,Metapod,Bug,,50,20,55,25,25,30,False,False,False,False,False,False,False,False,0.7,9.9,['Shed Skin'],
12,Butterfree,Bug,Flying,60,45,50,90,80,70,False,False,False,False,False,False,False,False,1.1,32.0,['Compound Eyes'],Tinted Lens
13,Weedle,Bug,Poison,40,35,30,20,20,50,False,False,False,False,False,False,False,False,0.3,3.2,['Shield Dust'],Run Away
14,Kakuna,Bug,Poison,45,25,50,25,25,35,False,False,False,False,False,False,False,False,0.6,10.0,['Shed Skin'],
15,Beedrill,Bug,Poison,65,90,40,45,80,75,False,False,False,False,False,False,False,True,1.0,29.5,['Swarm'],Sniper
15,Mega Beedrill,Bug,Poison,65,150,40,15,80,145,True,False,False,False,False,False,True,True,1.4,40.5,['Adaptability'],
16,Pidgey,Normal,Flying,40,45,40,35,35,56,False,False,False,False,False,False,False,False,0.3,1.8,"['Keen Eye', 'Tangled Feet']",Big Pecks
17,Pidgeotto,Normal,Flying,63,60,55,50,50,71,False,False,False,False,False,False,False,False,1.1,30.0,"['Keen Eye', 'Tangled Feet']",Big Pecks
18,Pidgeot,Normal,Flying,83,80,75,70,70,101,False,False,False,False,False,False,False,True,1.5,39.5,"['Keen Eye', 'Tangled Feet']",Big Pecks
18,Mega Pidgeot,Normal,Flying,83,80,80,135,80,121,True,False,False,False,False,False,True,True,2.2,50.5,['No Guard'],
19,Rattata,Normal,,30,56,35,25,35,72,False,False,False,False,False,False,False,True,0.3,3.5,"['Run Away', 'Guts']",Hustle
19,Alolan Rattata,Dark,Normal,30,56,35,25,35,72,False,False,True,False,False,False,True,True,0.3,3.8,"['Gluttony', 'Hustle']",Thick Fat
20,Raticate,Normal,,55,81,60,50,70,97,False,False,False,False,False,False,False,True,0.7,18.5,"['Run Away', 'Guts']",Hustle
20,Alolan Raticate,Dark,Normal,75,71,70,40,80,77,False,False,True,False,False,False,True,True,0.7,25.5,"['Gluttony', 'Hustle']",Thick Fat
21,Spearow,Normal,Flying,40,60,30,31,31,70,False,False,False,False,False,False,False,False,0.3,2.0,['Keen Eye'],Sniper
22,Fearow,Normal,Flying,65,90,65,61,61,100,False,False,False,False,False,False,False,False,1.2,38.0,['Keen Eye'],Sniper
23,Ekans,Poison,,35,60,44,40,54,55,False,False,False,False,False,False,False,False,2.0,6.9,"['Intimidate', 'Shed Skin']",Unnerve
24,Arbok,Poison,,60,95,69,65,79,80,False,False,False,False,False,False,False,False,3.5,65.0,"['Intimidate', 'Shed Skin']",Unnerve
25,Pikachu,Electric,,35,55,40,50,50,90,False,False,False,False,False,False,False,True,0.4,6.0,['Static'],Lightning Rod
25,Partner Pikachu,Electric,,45,80,50,75,60,120,False,False,False,False,False,False,True,True,0.4,6.0,[],
26,Raichu,Electric,,60,90,55,90,80,110,False,False,False,False,False,False,False,True,0.8,30.0,['Static'],Lightning Rod
26,Alolan Raichu,Electric,Psychic,60,85,50,95,85,110,False,False,True,False,False,False,True,True,0.7,21.0,['Surge Surfer'],
26,Mega Raichu X,Electric,,60,135,95,90,95,110,True,False,False,False,False,False,True,True,1.2,38.0,['Electric Surge'],
26,Mega Raichu Y,Electric,,60,100,55,160,80,130,True,False,False,False,False,False,True,True,1.0,26.0,['No Guard'],
27,Sandshrew,Ground,,50,75,85,20,30,40,False,False,False,False,False,False,False,True,0.6,12.0,['Sand Veil'],Sand Rush
27,Alolan Sandshrew,Ice,Steel,50,75,90,10,35,40,False,False,True,False,False,False,True,True,0.7,40.0,['Snow Cloak'],Slush Rush
28,Sandslash,Ground,,75,100,110,45,55,65,False,False,False,False,False,False,False,True,1.0,29.5,['Sand Veil'],Sand Rush
28,Alolan Sandslash,Ice,Steel,75,100,120,25,65,65,False,False,True,False,False,False,True,True,1.2,55.0,['Snow Cloak'],Slush Rush
29,Nidoran♀,Poison,,55,47,52,40,40,41,False,False,False,False,False,False,False,False,0.4,7.0,"['Poison Point', 'Rivalry']",Hustle
30,Nidorina,Poison,,70,62,67,55,55,56,False,False,False,False,False,False,False,False,0.8,20.0,"['Poison Point', 'Rivalry']",Hustle
31,Nidoqueen,Poison,Ground,90,92,87,75,85,76,False,False,False,False,False,False,False,False,1.3,60.0,"['Poison Point', 'Rivalry']",Sheer Force
32,Nidoran♂,Poison,,46,57,40,40,40,50,False,False,False,False,False,False,False,False,0.5,9.0,"['Poison Point', 'Rivalry']",Hustle
33,Nidorino,Poison,,61,72,57,55,55,65,False,False,False,False,False,False,False,False,0.9,19.5,"['Poison Point', 'Rivalry']",Hustle
34,Nidoking,Poison,Ground,81,102,77,85,75,85,False,False,False,False,False,False,False,False,1.4,62.0,"['Poison Point', 'Rivalry']",Sheer Force
35,Clefairy,Fairy,,70,45,48,60,65,35,False,False,False,False,False,False,False,False,0.6,7.5,"['Cute Charm', 'Magic Guard']",Friend Guard
36,Clefable,Fairy,,95,70,73,95,90,60,False,False,False,False,False,False,False,True,1.3,40.0,"['Cute Charm', 'Magic Guard']",Unaware
36,Mega Clefable,Fairy,Flying,95,80,93,135,110,70,True,False,False,False,False,False,True,True,1.7,42.3,['Magic Bounce'],
37,Vulpix,Fire,,38,41,40,50,65,65,False,False,False,False,False,False,False,True,0.6,9.9,['Flash Fire'],Drought
37,Alolan Vulpix,Ice,,38,41,40,50,65,65,False,False,True,False,False,False,True,True,0.6,9.9,['Snow Cloak'],Snow Warning
38,Ninetales,Fire,,73,76,75,81,100,100,False,False,False,False,False,False,False,True,1.1,19.9,['Flash Fire'],Drought
38,Alolan Ninetales,Ice,Fairy,73,67,75,81,100,109,False,False,True,False,False,False,True,True,1.1,19.9,['Snow Cloak'],Snow Warning
39,Jigglypuff,Normal,Fairy,115,45,20,45,25,20,False,False,False,False,False,False,False,False,0.5,5.5,"['Cute Charm', 'Competitive']",Friend Guard
40,Wigglytuff,Normal,Fairy,140,70,45,85,50,45,False,False,False,False,False,False,False,False,1.0,12.0,"['Cute Charm', 'Competitive']",Frisk
41,Zubat,Poison,Flying,40,45,35,30,40,55,False,False,False,False,False,False,False,False,0.8,7.5,['Inner Focus'],Infiltrator
42,Golbat,Poison,Flying,75,80,70,65,75,90,False,False,False,False,False,False,False,False,1.6,55.0,['Inner Focus'],Infiltrator
43,Oddish,Grass,Poison,45,50,55,75,65,30,False,False,False,False,False,False,False,False,0.5,5.4,['Chlorophyll'],Run Away
44,Gloom,Grass,Poison,60,65,70,85,75,40,False,False,False,False,False,False,False,False,0.8,8.6,['Chlorophyll'],Stench
45,Vileplume,Grass,Poison,75,80,85,110,90,50,False,False,False,False,False,False,False,False,1.2,18.6,['Chlorophyll'],Effect Spore
46,Paras,Bug,Grass,35,70,55,45,55,25,False,False,False,False,False,False,False,False,0.3,5.4,"['Effect Spore', 'Dry Skin']",Damp
47,Parasect,Bug,Grass,60,95,80,60,80,30,False,False,False,False,False,False,False,False,1.0,29.5,"['Effect Spore', 'Dry Skin']",Damp
48,Venonat,Bug,Poison,60,55,50,40,55,45,False,False,False,False,False,False,False,False,1.0,30.0,"['Compound Eyes', 'Tinted Lens']",Run Away
49,Venomoth,Bug,Poison,70,65,60,90,75,90,False,False,False,False,False,False,False,False,1.5,12.5,"['Shield Dust', 'Tinted Lens']",Wonder Skin
50,Diglett,Ground,,10,55,25,35,45,95,False,False,False,False,False,False,False,True,0.2,0.8,"['Sand Veil', 'Arena Trap']",Sand Force
50,Alolan Diglett,Ground,Steel,10,55,30,35,45,90,False,False,True,False,False,False,True,True,0.2,1.0,"['Sand Veil', 'Tangling Hair']",Sand Force
51,Dugtrio,Ground,,35,100,50,50,70,120,False,False,False,False,False,False,False,True,0.7,33.3,"['Sand Veil', 'Arena Trap']",Sand Force
51,Alolan Dugtrio,Ground,Steel,35,100,60,50,70,110,False,False,True,False,False,False,True,True,0.7,66.6,"['Sand Veil', 'Tangling Hair']",Sand Force
52,Meowth,Normal,,40,45,35,40,40,90,False,False,False,False,False,False,False,True,0.4,4.2,"['Pickup', 'Technician']",Unnerve
52,Alolan Meowth,Dark,,40,35,35,50,40,90,False,False,True,False,False,False,True,True,0.4,4.2,"['Pickup', 'Technician']",Rattled
52,Galarian Meowth,Steel,,50,65,55,40,40,40,False,False,False,True,False,False,True,True,0.4,7.5,"['Pickup', 'Tough Claws']",Unnerve
53,Persian,Normal,,65,70,60,65,65,115,False,False,False,False,False,False,False,True,1.0,32.0,"['Limber', 'Technician']",Unnerve
53,Alolan Persian,Dark,,65,60,60,75,65,115,False,False,True,False,False,False,True,True,1.1,33.0,"['Fur Coat', 'Technician']",Rattled
54,Psyduck,Water,,50,52,48,65,50,55,False,False,False,False,False,False,False,False,0.8,19.6,"['Damp', 'Cloud Nine']",Swift Swim
55,Golduck,Water,,80,82,78,95,80,85,False,False,False,False,False,False,False,False,1.7,76.6,"['Damp', 'Cloud Nine']",Swift Swim
56,Mankey,Fighting,,40,80,35,35,45,70,False,False,False,False,False,False,False,False,0.5,28.0,"['Vital Spirit', 'Anger Point']",Defiant
57,Primeape,Fighting,,65,105,60,60,70,95,False,False,False,False,False,False,False,False,1.0,32.0,"['Vital Spirit', 'Anger Point']",Defiant
58,Growlithe,Fire,,55,70,45,70,50,60,False,False,False,False,False,False,False,True,0.7,19.0,"['Intimidate', 'Flash Fire']",Justified
58,Hisuian Growlithe,Fire,Rock,60,75,45,65,50,55,False,False,False,False,True,False,True,True,0.8,22.7,"['Intimidate', 'Flash Fire']",Rock Head
59,Arcanine,Fire,,90,110,80,100,80,95,False,False,False,False,False,False,False,True,1.9,155.0,"['Intimidate', 'Flash Fire']",Justified
59,Hisuian Arcanine,Fire,Rock,95,115,80,95,80,90,False,False,False,False,True,False,True,True,2.0,168.0,"['Intimidate', 'Flash Fire']",Rock Head
60,Poliwag,Water,,40,50,40,40,40,90,False,False,False,False,False,False,False,False,0.6,12.4,"['Water Absorb', 'Damp']",Swift Swim
61,Poliwhirl,Water,,65,65,65,50,50,90,False,False,False,False,False,False,False,False,1.0,20.0,"['Water Absorb', 'Damp']",Swift Swim
62,Poliwrath,Water,Fighting,90,95,95,70,90,70,False,False,False,False,False,False,False,False,1.3,54.0,"['Water Absorb', 'Damp']",Swift Swim
63,Abra,Psychic,,25,20,15,105,55,90,False,False,False,False,False,False,False,False,0.9,19.5,"['Synchronize', 'Inner Focus']",Magic Guard
64,Kadabra,Psychic,,40,35,30,120,70,105,False,False,False,False,False,False,False,False,1.3,56.5,"['Synchronize', 'Inner Focus']",Magic Guard
65,Alakazam,Psychic,,55,50,45,135,95,120,False,False,False,False,False,False,False,True,1.5,48.0,"['Synchronize', 'Inner Focus']",Magic Guard
65,Mega Alakazam,Psychic,,55,50,65,175,105,150,True,False,False,False,False,False,True,True,1.2,48.0,['Trace'],
66,Machop,Fighting,,70,80,50,35,35,35,False,False,False,False,False,False,False,False,0.8,19.5,"['Guts', 'No Guard']",Steadfast
67,Machoke,Fighting,,80,100,70,50,60,45,False,False,False,False,False,False,False,False,1.5,70.5,"['Guts', 'No Guard']",Steadfast
68,Machamp,Fighting,,90,130,80,65,85,55,False,False,False,False,False,False,False,False,1.6,130.0,"['Guts', 'No Guard']",Steadfast
69,Bellsprout,Grass,Poison,50,75,35,70,30,40,False,False,False,False,False,False,False,False,0.7,4.0,['Chlorophyll'],Gluttony
70,Weepinbell,Grass,Poison,65,90,50,85,45,55,False,False,False,False,False,False,False,False,1.0,6.4,['Chlorophyll'],Gluttony
71,Victreebel,Grass,Poison,80,105,65,100,70,70,False,False,False,False,False,False,False,True,1.7,15.5,['Chlorophyll'],Gluttony
71,Mega Victreebel,Grass,Poison,80,125,85,135,95,70,True,False,False,False,False,False,True,True,4.5,125.5,['Innards Out'],
72,Tentacool,Water,Poison,40,40,35,50,100,70,False,False,False,False,False,False,False,False,0.9,45.5,"['Clear Body', 'Liquid Ooze']",Rain Dish
73,Tentacruel,Water,Poison,80,70,65,80,120,100,False,False,False,False,False,False,False,False,1.6,55.0,"['Clear Body', 'Liquid Ooze']",Rain Dish
74,Geodude,Rock,Ground,40,80,100,30,30,20,False,False,False,False,False,False,False,True,0.4,20.0,"['Rock Head', 'Sturdy']",Sand Veil
74,Alolan Geodude,Rock,Electric,40,80,100,30,30,20,False,False,True,False,False,False,True,True,0.4,20.3,"['Magnet Pull', 'Sturdy']",Galvanize
75,Graveler,Rock,Ground,55,95,115,45,45,35,False,False,False,False,False,False,False,True,1.0,105.0,"['Rock Head', 'Sturdy']",Sand Veil
75,Alolan Graveler,Rock,Electric,55,95,115,45,45,35,False,False,True,False,False,False,True,True,1.0,110.0,"['Magnet Pull', 'Sturdy']",Galvanize
76,Golem,Rock,Ground,80,120,130,55,65,45,False,False,False,False,False,False,False,True,1.4,300.0,"['Rock Head', 'Sturdy']",Sand Veil
76,Alolan Golem,Rock,Electric,80,120,130,55,65,45,False,False,True,False,False,False,True,True,1.7,316.0,"['Magnet Pull', 'Sturdy']",Galvanize
77,Ponyta,Fire,,50,85,55,65,65,90,False,False,False,False,False,False,False,True,1.0,30.0,"['Run Away', 'Flash Fire']",Flame Body
77,Galarian Ponyta,Psychic,,50,85,55,65,65,90,False,False,False,True,False,False,True,True,0.8,24.0,"['Run Away', 'Pastel Veil']",Anticipation
78,Rapidash,Fire,,65,100,70,80,80,105,False,False,False,False,False,False,False,True,1.7,95.0,"['Run Away', 'Flash Fire']",Flame Body
78,Galarian Rapidash,Psychic,Fairy,65,100,70,80,80,105,False,False,False,True,False,False,True,True,1.7,80.0,"['Run Away', 'Pastel Veil']",Anticipation
79,Slowpoke,Water,Psychic,90,65,65,40,40,15,False,False,False,False,False,False,False,True,1.2,36.0,"['Oblivious', 'Own Tempo']",Regenerator
79,Galarian Slowpoke,Psychic,,90,65,65,40,40,15,False,False,False,True,False,False,True,True,1.2,36.0,"['Gluttony', 'Own Tempo']",Regenerator
80,Slowbro,Water,Psychic,95,75,110,100,80,30,False,False,False,False,False,False,False,True,1.6,78.5,"['Oblivious', 'Own Tempo']",Regenerator
80,Mega Slowbro,Water,Psychic,95,75,180,130,80,30,True,False,False,False,False,False,True,True,2.0,120.0,['Shell Armor'],
80,Galarian Slowbro,Poison,Psychic,95,100,95,100,70,30,False,False,False,True,False,False,True,True,1.6,70.5,"['Quick Draw', 'Own Tempo']",Regenerator
81,Magnemite,Electric,Steel,25,35,70,95,55,45,False,False,False,False,False,False,False,False,0.3,6.0,"['Magnet Pull', 'Sturdy']",Analytic
82,Magneton,Electric,Steel,50,60,95,120,70,70,False,False,False,False,False,False,False,False,1.0,60.0,"['Magnet Pull', 'Sturdy']",Analytic
83,Farfetch'd,Normal,Flying,52,90,55,58,62,60,False,False,False,False,False,False,False,True,0.8,15.0,"['Keen Eye', 'Inner Focus']",Defiant
83,Galarian Farfetch'd,Fighting,,52,95,55,58,62,55,False,False,False,True,False,False,True,True,0.8,42.0,['Steadfast'],Scrappy
84,Doduo,Normal,Flying,35,85,45,35,35,75,False,False,False,False,False,False,False,False,1.4,39.2,"['Run Away', 'Early Bird']",Tangled Feet
85,Dodrio,Normal,Flying,60,110,70,60,60,110,False,False,False,False,False,False,False,False,1.8,85.2,"['Run Away', 'Early Bird']",Tangled Feet
86,Seel,Water,,65,45,55,45,70,45,False,False,False,False,False,False,False,False,1.1,90.0,"['Thick Fat', 'Hydration']",Ice Body
87,Dewgong,Water,Ice,90,70,80,70,95,70,False,False,False,False,False,False,False,False,1.7,120.0,"['Thick Fat', 'Hydration']",Ice Body
88,Grimer,Poison,,80,80,50,40,50,25,False,False,False,False,False,False,False,True,0.9,30.0,"['Stench', 'Sticky Hold']",Poison Touch
88,Alolan Grimer,Poison,Dark,80,80,50,40,50,25,False,False,True,False,False,False,True,True,0.7,42.0,"['Poison Touch', 'Gluttony']",Power of Alchemy
89,Muk,Poison,,105,105,75,65,100,50,False,False,False,False,False,False,False,True,1.2,30.0,"['Stench', 'Sticky Hold']",Poison Touch
89,Alolan Muk,Poison,Dark,105,105,75,65,100,50,False,False,True,False,False,False,True,True,1.0,52.0,"['Poison Touch', 'Gluttony']",Power of Alchemy
90,Shellder,Water,,30,65,100,45,25,40,False,False,False,False,False,False,False,False,0.3,4.0,"['Shell Armor', 'Skill Link']",Overcoat
91,Cloyster,Water,Ice,50,95,180,85,45,70,False,False,False,False,False,False,False,False,1.5,132.5,"['Shell Armor', 'Skill Link']",Overcoat
92,Gastly,Ghost,Poison,30,35,30,100,35,80,False,False,False,False,False,False,False,False,1.3,0.1,['Levitate'],
93,Haunter,Ghost,Poison,45,50,45,115,55,95,False,False,False,False,False,False,False,False,1.6,0.1,['Levitate'],
94,Gengar,Ghost,Poison,60,65,60,130,75,110,False,False,False,False,False,False,False,True,1.5,40.5,['Cursed Body'],
94,Mega Gengar,Ghost,Poison,60,65,80,170,95,130,True,False,False,False,False,False,True,True,1.4,40.5,['Shadow Tag'],
95,Onix,Rock,Ground,35,45,160,30,45,70,False,False,False,False,False,False,False,False,8.8,210.0,"['Rock Head', 'Sturdy']",Weak Armor
96,Drowzee,Psychic,,60,48,45,43,90,42,False,False,False,False,False,False,False,False,1.0,32.4,"['Insomnia', 'Forewarn']",Inner Focus
97,Hypno,Psychic,,85,73,70,73,115,67,False,False,False,False,False,False,False,False,1.6,75.6,"['Insomnia', 'Forewarn']",Inner Focus
98,Krabby,Water,,30,105,90,25,25,50,False,False,False,False,False,False,False,False,0.4,6.5,"['Hyper Cutter', 'Shell Armor']",Sheer Force
99,Kingler,Water,,55,130,115,50,50,75,False,False,False,False,False,False,False,False,1.3,60.0,"['Hyper Cutter', 'Shell Armor']",Sheer Force
100,Voltorb,Electric,,40,30,50,55,55,100,False,False,False,False,False,False,False,True,0.5,10.4,"['Soundproof', 'Static']",Aftermath
100,Hisuian Voltorb,Electric,Grass,40,30,50,55,55,100,False,False,False,False,True,False,True,True,0.5,13.0,"['Soundproof', 'Static']",Aftermath
101,Electrode,Electric,,60,50,70,80,80,150,False,False,False,False,False,False,False,True,1.2,66.6,"['Soundproof', 'Static']",Aftermath
101,Hisuian Electrode,Electric,Grass,60,50,70,80,80,150,False,False,False,False,True,False,True,True,1.2,71.0,"['Soundproof', 'Static']",Aftermath
102,Exeggcute,Grass,Psychic,60,40,80,60,45,40,False,False,False,False,False,False,False,False,0.4,2.5,['Chlorophyll'],Harvest
103,Exeggutor,Grass,Psychic,95,95,85,125,75,55,False,False,False,False,False,False,False,True,2.0,120.0,['Chlorophyll'],Harvest
103,Alolan Exeggutor,Grass,Dragon,95,105,85,125,75,45,False,False,True,False,False,False,True,True,10.9,415.6,['Frisk'],Harvest
104,Cubone,Ground,,50,50,95,40,50,35,False,False,False,False,False,False,False,False,0.4,6.5,"['Rock Head', 'Lightning Rod']",Battle Armor
105,Marowak,Ground,,60,80,110,50,80,45,False,False,False,False,False,False,False,True,1.0,45.0,"['Rock Head', 'Lightning Rod']",Battle Armor
105,Alolan Marowak,Fire,Ghost,60,80,110,50,80,45,False,False,True,False,False,False,True,True,1.0,34.0,"['Cursed Body', 'Lightning Rod']",Rock Head
106,Hitmonlee,Fighting,,50,120,53,35,110,87,False,False,False,False,False,False,False,False,1.5,49.8,"['Limber', 'Reckless']",Unburden
107,Hitmonchan,Fighting,,50,105,79,35,110,76,False,False,False,False,False,False,False,False,1.4,50.2,"['Keen Eye', 'Iron Fist']",Inner Focus
108,Lickitung,Normal,,90,55,75,60,75,30,False,False,False,False,False,False,False,False,1.2,65.5,"['Own Tempo', 'Oblivious']",Cloud Nine
109,Koffing,Poison,,40,65,95,60,45,35,False,False,False,False,False,False,False,False,0.6,1.0,"['Levitate', 'Neutralizing Gas']",Stench
110,Weezing,Poison,,65,90,120,85,70,60,False,False,False,False,False,False,False,True,1.2,9.5,"['Levitate', 'Neutralizing Gas']",Stench
110,Galarian Weezing,Poison,Fairy,65,90,120,85,70,60,False,False,False,True,False,False,True,True,3.0,16.0,"['Levitate', 'Neutralizing Gas']",Misty Surge
111,Rhyhorn,Ground,Rock,80,85,95,30,30,25,False,False,False,False,False,False,False,False,1.0,115.0,"['Lightning Rod', 'Rock Head']",Reckless
112,Rhydon,Ground,Rock,105,130,120,45,45,40,False,False,False,False,False,False,False,False,1.9,120.0,"['Lightning Rod', 'Rock Head']",Reckless
113,Chansey,Normal,,250,5,5,35,105,50,False,False,False,False,False,False,False,False,1.1,34.6,"['Natural Cure', 'Serene Grace']",Healer
114,Tangela,Grass,,65,55,115,100,40,60,False,False,False,False,False,False,False,False,1.0,35.0,"['Chlorophyll', 'Leaf Guard']",Regenerator
115,Kangaskhan,Normal,,105,95,80,40,80,90,False,False,False,False,False,False,False,True,2.2,80.0,"['Early Bird', 'Scrappy']",Inner Focus
115,Mega Kangaskhan,Normal,,105,125,100,60,100,100,True,False,False,False,False,False,True,True,2.2,100.0,['Parental Bond'],
116,Horsea,Water,,30,40,70,70,25,60,False,False,False,False,False,False,False,False,0.4,8.0,"['Swift Swim', 'Sniper']",Damp
117,Seadra,Water,,55,65,95,95,45,85,False,False,False,False,False,False,False,False,1.2,25.0,"['Poison Point', 'Sniper']",Damp
118,Goldeen,Water,,45,67,60,35,50,63,False,False,False,False,False,False,False,False,0.6,15.0,"['Swift Swim', 'Water Veil']",Lightning Rod
119,Seaking,Water,,80,92,65,65,80,68,False,False,False,False,False,False,False,False,1.3,39.0,"['Swift Swim', 'Water Veil']",Lightning Rod
120,Staryu,Water,,30,45,55,70,55,85,False,False,False,False,False,False,False,False,0.8,34.5,"['Illuminate', 'Natural Cure']",Analytic
121,Starmie,Water,Psychic,60,75,85,100,85,115,False,False,False,False,False,False,False,True,1.1,80.0,"['Illuminate', 'Natural Cure']",Analytic
121,Mega Starmie,Water,Psychic,60,140,105,130,105,120,True,False,False,False,False,False,True,True,2.3,80.0,['Huge Power'],
122,Mr. Mime,Psychic,Fairy,40,45,65,100,120,90,False,False,False,False,False,False,False,True,1.3,54.5,"['Soundproof', 'Filter']",Technician
122,Galarian Mr. Mime,Ice,Psychic,50,65,65,90,90,100,False,False,False,True,False,False,True,True,1.4,56.8,"['Vital Spirit', 'Screen Cleaner']",Ice Body
123,Scyther,Bug,Flying,70,110,80,55,80,105,False,False,False,False,False,False,False,False,1.5,56.0,"['Swarm', 'Technician']",Steadfast
124,Jynx,Ice,Psychic,65,50,35,115,95,95,False,False,False,False,False,False,False,False,1.4,40.6,"['Oblivious', 'Forewarn']",Dry Skin
125,Electabuzz,Electric,,65,83,57,95,85,105,False,False,False,False,False,False,False,False,1.1,30.0,['Static'],Vital Spirit
126,Magmar,Fire,,65,95,57,100,85,93,False,False,False,False,False,False,False,False,1.3,44.5,['Flame Body'],Vital Spirit
127,Pinsir,Bug,,65,125,100,55,70,85,False,False,False,False,False,False,False,True,1.5,55.0,"['Hyper Cutter', 'Mold Breaker']",Moxie
127,Mega Pinsir,Bug,Flying,65,155,120,65,90,105,True,False,False,False,False,False,True,True,1.7,59.0,['Aerilate'],
128,Tauros,Normal,,75,100,95,40,70,110,False,False,False,False,False,False,False,True,1.4,88.4,"['Intimidate', 'Anger Point']",Sheer Force
128,Tauros Combat Breed,Fighting,,75,110,105,30,70,100,False,False,False,False,False,False,True,True,1.4,88.4,"['Intimidate', 'Anger Point']",Sheer Force
128,Tauros Blaze Breed,Fighting,Fire,75,110,105,30,70,100,False,False,False,False,False,False,True,True,1.4,88.4,"['Intimidate', 'Anger Point']",Sheer Force
128,Tauros Aqua Breed,Fighting,Water,75,110,105,30,70,100,False,False,False,False,False,False,True,True,1.4,88.4,"['Intimidate', 'Anger Point']",Sheer Force
129,Magikarp,Water,,20,10,55,15,20,80,False,False,False,False,False,False,False,False,0.9,10.0,['Swift Swim'],Rattled
130,Gyarados,Water,Flying,95,125,79,60,100,81,False,False,False,False,False,False,False,True,6.5,235.0,['Intimidate'],Moxie
130,Mega Gyarados,Water,Dark,95,155,109,70,130,81,True,False,False,False,False,False,True,True,6.5,305.0,['Mold Breaker'],
131,Lapras,Water,Ice,130,85,80,85,95,60,False,False,False,False,False,False,False,False,2.5,220.0,"['Water Absorb', 'Shell Armor']",Hydration
132,Ditto,Normal,,48,48,48,48,48,48,False,False,False,False,False,False,False,False,0.3,4.0,['Limber'],Imposter
133,Eevee,Normal,,55,55,50,45,65,55,False,False,False,False,False,False,False,True,0.3,6.5,"['Run Away', 'Adaptability']",Anticipation
133,Partner Eevee,Normal,,65,75,70,65,85,75,False,False,False,False,False,False,True,True,0.3,6.5,[],
134,Vaporeon,Water,,130,65,60,110,95,65,False,False,False,False,False,False,False,False,1.0,29.0,['Water Absorb'],Hydration
135,Jolteon,Electric,,65,65,60,110,95,130,False,False,False,False,False,False,False,False,0.8,24.5,['Volt Absorb'],Quick Feet
136,Flareon,Fire,,65,130,60,95,110,65,False,False,False,False,False,False,False,False,0.9,25.0,['Flash Fire'],Guts
137,Porygon,Normal,,65,60,70,85,75,40,False,False,False,False,False,False,False,False,0.8,36.5,"['Trace', 'Download']",Analytic
138,Omanyte,Rock,Water,35,40,100,90,55,35,False,False,False,False,False,False,False,False,0.4,7.5,"['Swift Swim', 'Shell Armor']",Weak Armor
139,Omastar,Rock,Water,70,60,125,115,70,55,False,False,False,False,False,False,False,False,1.0,35.0,"['Swift Swim', 'Shell Armor']",Weak Armor
140,Kabuto,Rock,Water,30,80,90,55,45,55,False,False,False,False,False,False,False,False,0.5,11.5,"['Swift Swim', 'Battle Armor']",Weak Armor
141,Kabutops,Rock,Water,60,115,105,65,70,80,False,False,False,False,False,False,False,False,1.3,40.5,"['Swift Swim', 'Battle Armor']",Weak Armor
142,Aerodactyl,Rock,Flying,80,105,65,60,75,130,False,False,False,False,False,False,False,True,1.8,59.0,"['Rock Head', 'Pressure']",Unnerve
142,Mega Aerodactyl,Rock,Flying,80,135,85,70,95,150,True,False,False,False,False,False,True,True,2.1,79.0,['Tough Claws'],
143,Snorlax,Normal,,160,110,65,65,110,30,False,False,False,False,False,False,False,False,2.1,460.0,"['Immunity', 'Thick Fat']",Gluttony
144,Articuno,Ice,Flying,90,85,100,95,125,85,False,False,False,False,False,False,False,True,1.7,55.4,['Pressure'],Snow Cloak
144,Galarian Articuno,Psychic,Flying,90,85,85,125,100,95,False,False,False,True,False,False,True,True,1.7,50.9,['Competitive'],
145,Zapdos,Electric,Flying,90,90,85,125,90,100,False,False,False,False,False,False,False,True,1.6,52.6,['Pressure'],Static
145,Galarian Zapdos,Fighting,Flying,90,125,90,85,90,100,False,False,False,True,False,False,True,True,1.6,58.2,['Defiant'],
146,Moltres,Fire,Flying,90,100,90,125,85,90,False,False,False,False,False,False,False,True,2.0,60.0,['Pressure'],Flame Body
146,Galarian Moltres,Dark,Flying,90,85,90,100,125,90,False,False,False,True,False,False,True,True,2.0,66.0,['Berserk'],
147,Dratini,Dragon,,41,64,45,50,50,50,False,False,False,False,False,False,False,False,1.8,3.3,['Shed Skin'],Marvel Scale
148,Dragonair,Dragon,,61,84,65,70,70,70,False,False,False,False,False,False,False,False,4.0,16.5,['Shed Skin'],Marvel Scale
149,Dragonite,Dragon,Flying,91,134,95,100,100,80,False,False,False,False,False,False,False,True,2.2,210.0,['Inner Focus'],Multiscale
149,Mega Dragonite,Dragon,Flying,91,124,115,145,125,100,True,False,False,False,False,False,True,True,2.2,290.0,['Multiscale'],
150,Mewtwo,Psychic,,106,110,90,154,90,130,False,False,False,False,False,False,False,True,2.0,122.0,['Pressure'],Unnerve
150,Mega Mewtwo X,Psychic,Fighting,106,190,100,154,100,130,True,False,False,False,False,False,True,True,2.3,127.0,['Steadfast'],
150,Mega Mewtwo Y,Psychic,,106,150,70,194,120,140,True,False,False,False,False,False,True,True,1.5,33.0,['Insomnia'],
151,Mew,Psychic,,100,100,100,100,100,100,False,False,False,False,False,False,False,False,0.4,4.0,['Synchronize'],
152,Chikorita,Grass,,45,49,65,49,65,45,False,False,False,False,False,False,False,False,0.9,6.4,['Overgrow'],Leaf Guard
153,Bayleef,Grass,,60,62,80,63,80,60,False,False,False,False,False,False,False,False,1.2,15.8,['Overgrow'],Leaf Guard
154,Meganium,Grass,,80,82,100,83,100,80,False,False,False,False,False,False,False,True,1.8,100.5,['Overgrow'],Leaf Guard
154,Mega Meganium,Grass,Fairy,80,92,115,143,115,80,True,False,False,False,False,False,True,True,2.4,201.0,['Mega Sol'],
155,Cyndaquil,Fire,,39,52,43,60,50,65,False,False,False,False,False,False,False,False,0.5,7.9,['Blaze'],Flash Fire
156,Quilava,Fire,,58,64,58,80,65,80,False,False,False,False,False,False,False,False,0.9,19.0,['Blaze'],Flash Fire
157,Typhlosion,Fire,,78,84,78,109,85,100,False,False,False,False,False,False,False,True,1.7,79.5,['Blaze'],Flash Fire
157,Hisuian Typhlosion,Fire,Ghost,73,84,78,119,85,95,False,False,False,False,True,False,True,True,1.6,69.8,['Blaze'],Frisk
158,Totodile,Water,,50,65,64,44,48,43,False,False,False,False,False,False,False,False,0.6,9.5,['Torrent'],Sheer Force
159,Croconaw,Water,,65,80,80,59,63,58,False,False,False,False,False,False,False,False,1.1,25.0,['Torrent'],Sheer Force
160,Feraligatr,Water,,85,105,100,79,83,78,False,False,False,False,False,False,False,True,2.3,88.8,['Torrent'],Sheer Force
160,Mega Feraligatr,Water,Dragon,85,160,125,89,93,78,True,False,False,False,False,False,True,True,2.3,108.8,['Dragonize'],
161,Sentret,Normal,,35,46,34,35,45,20,False,False,False,False,False,False,False,False,0.8,6.0,"['Run Away', 'Keen Eye']",Frisk
162,Furret,Normal,,85,76,64,45,55,90,False,False,False,False,False,False,False,False,1.8,32.5,"['Run Away', 'Keen Eye']",Frisk
163,Hoothoot,Normal,Flying,60,30,30,36,56,50,False,False,False,False,False,False,False,False,0.7,21.2,"['Insomnia', 'Keen Eye']",Tinted Lens
164,Noctowl,Normal,Flying,100,50,50,86,96,70,False,False,False,False,False,False,False,False,1.6,40.8,"['Insomnia', 'Keen Eye']",Tinted Lens
165,Ledyba,Bug,Flying,40,20,30,40,80,55,False,False,False,False,False,False,False,False,1.0,10.8,"['Swarm', 'Early Bird']",Rattled
166,Ledian,Bug,Flying,55,35,50,55,110,85,False,False,False,False,False,False,False,False,1.4,35.6,"['Swarm', 'Early Bird']",Iron Fist
167,Spinarak,Bug,Poison,40,60,40,40,40,30,False,False,False,False,False,False,False,False,0.5,8.5,"['Swarm', 'Insomnia']",Sniper
168,Ariados,Bug,Poison,70,90,70,60,70,40,False,False,False,False,False,False,False,False,1.1,33.5,"['Swarm', 'Insomnia']",Sniper
169,Crobat,Poison,Flying,85,90,80,70,80,130,False,False,False,False,False,False,False,False,1.8,75.0,['Inner Focus'],Infiltrator
170,Chinchou,Water,Electric,75,38,38,56,56,67,False,False,False,False,False,False,False,False,0.5,12.0,"['Volt Absorb', 'Illuminate']",Water Absorb
171,Lanturn,Water,Electric,125,58,58,76,76,67,False,False,False,False,False,False,False,False,1.2,22.5,"['Volt Absorb', 'Illuminate']",Water Absorb
172,Pichu,Electric,,20,40,15,35,35,60,False,False,False,False,False,False,False,False,0.3,2.0,['Static'],Lightning Rod
173,Cleffa,Fairy,,50,25,28,45,55,15,False,False,False,False,False,False,False,False,0.3,3.0,"['Cute Charm', 'Magic Guard']",Friend Guard
174,Igglybuff,Normal,Fairy,90,30,15,40,20,15,False,False,False,False,False,False,False,False,0.3,1.0,"['Cute Charm', 'Competitive']",Friend Guard
175,Togepi,Fairy,,35,20,65,40,65,20,False,False,False,False,False,False,False,False,0.3,1.5,"['Hustle', 'Serene Grace']",Super Luck
176,Togetic,Fairy,Flying,55,40,85,80,105,40,False,False,False,False,False,False,False,False,0.6,3.2,"['Hustle', 'Serene Grace']",Super Luck
177,Natu,Psychic,Flying,40,50,45,70,45,70,False,False,False,False,False,False,False,False,0.2,2.0,"['Synchronize', 'Early Bird']",Magic Bounce
178,Xatu,Psychic,Flying,65,75,70,95,70,95,False,False,False,False,False,False,False,False,1.5,15.0,"['Synchronize', 'Early Bird']",Magic Bounce
179,Mareep,Electric,,55,40,40,65,45,35,False,False,False,False,False,False,False,False,0.6,7.8,['Static'],Plus
180,Flaaffy,Electric,,70,55,55,80,60,45,False,False,False,False,False,False,False,False,0.8,13.3,['Static'],Plus
181,Ampharos,Electric,,90,75,85,115,90,55,False,False,False,False,False,False,False,True,1.4,61.5,['Static'],Plus
181,Mega Ampharos,Electric,Dragon,90,95,105,165,110,45,True,False,False,False,False,False,True,True,1.4,61.5,['Mold Breaker'],
182,Bellossom,Grass,,75,80,95,90,100,50,False,False,False,False,False,False,False,False,0.4,5.8,['Chlorophyll'],Healer
183,Marill,Water,Fairy,70,20,50,20,50,40,False,False,False,False,False,False,False,False,0.4,8.5,"['Thick Fat', 'Huge Power']",Sap Sipper
184,Azumarill,Water,Fairy,100,50,80,60,80,50,False,False,False,False,False,False,False,False,0.8,28.5,"['Thick Fat', 'Huge Power']",Sap Sipper
185,Sudowoodo,Rock,,70,100,115,30,65,30,False,False,False,False,False,False,False,False,1.2,38.0,"['Sturdy', 'Rock Head']",Rattled
186,Politoed,Water,,90,75,75,90,100,70,False,False,False,False,False,False,False,False,1.1,33.9,"['Water Absorb', 'Damp']",Drizzle
187,Hoppip,Grass,Flying,35,35,40,35,55,50,False,False,False,False,False,False,False,False,0.4,0.5,"['Chlorophyll', 'Leaf Guard']",Infiltrator
188,Skiploom,Grass,Flying,55,45,50,45,65,80,False,False,False,False,False,False,False,False,0.6,1.0,"['Chlorophyll', 'Leaf Guard']",Infiltrator
189,Jumpluff,Grass,Flying,75,55,70,55,95,110,False,False,False,False,False,False,False,False,0.8,3.0,"['Chlorophyll', 'Leaf Guard']",Infiltrator
190,Aipom,Normal,,55,70,55,40,55,85,False,False,False,False,False,False,False,False,0.8,11.5,"['Run Away', 'Pickup']",Skill Link
191,Sunkern,Grass,,30,30,30,30,30,30,False,False,False,False,False,False,False,False,0.3,1.8,"['Chlorophyll', 'Solar Power']",Early Bird
192,Sunflora,Grass,,75,75,55,105,85,30,False,False,False,False,False,False,False,False,0.8,8.5,"['Chlorophyll', 'Solar Power']",Early Bird
193,Yanma,Bug,Flying,65,65,45,75,45,95,False,False,False,False,False,False,False,False,1.2,38.0,"['Speed Boost', 'Compound Eyes']",Frisk
194,Wooper,Water,Ground,55,45,45,25,25,15,False,False,False,False,False,False,False,True,0.4,8.5,"['Damp', 'Water Absorb']",Unaware
194,Paldean Wooper,Poison,Ground,55,45,45,25,25,15,False,False,False,False,False,True,True,True,0.4,11.0,"['Poison Point', 'Water Absorb']",Unaware
195,Quagsire,Water,Ground,95,85,85,65,65,35,False,False,False,False,False,False,False,False,1.4,75.0,"['Damp', 'Water Absorb']",Unaware
196,Espeon,Psychic,,65,65,60,130,95,110,False,False,False,False,False,False,False,False,0.9,26.5,['Synchronize'],Magic Bounce
197,Umbreon,Dark,,95,65,110,60,130,65,False,False,False,False,False,False,False,False,1.0,27.0,['Synchronize'],Inner Focus
198,Murkrow,Dark,Flying,60,85,42,85,42,91,False,False,False,False,False,False,False,False,0.5,2.1,"['Insomnia', 'Super Luck']",Prankster
199,Slowking,Water,Psychic,95,75,80,100,110,30,False,False,False,False,False,False,False,True,2.0,79.5,"['Oblivious', 'Own Tempo']",Regenerator
199,Galarian Slowking,Poison,Psychic,95,65,80,110,110,30,False,False,False,True,False,False,True,True,1.8,79.5,"['Curious Medicine', 'Own Tempo']",Regenerator
200,Misdreavus,Ghost,,60,60,60,85,85,85,False,False,False,False,False,False,False,False,0.7,1.0,['Levitate'],
201,Unown,Psychic,,48,72,48,72,48,48,False,False,False,False,False,False,False,False,0.5,5.0,['Levitate'],
202,Wobbuffet,Psychic,,190,33,58,33,58,33,False,False,False,False,False,False,False,False,1.3,28.5,['Shadow Tag'],Telepathy
203,Girafarig,Normal,Psychic,70,80,65,90,65,85,False,False,False,False,False,False,False,False,1.5,41.5,"['Inner Focus', 'Early Bird']",Sap Sipper
204,Pineco,Bug,,50,65,90,35,35,15,False,False,False,False,False,False,False,False,0.6,7.2,['Sturdy'],Overcoat
205,Forretress,Bug,Steel,75,90,140,60,60,40,False,False,False,False,False,False,False,False,1.2,125.8,['Sturdy'],Overcoat
206,Dunsparce,Normal,,100,70,70,65,65,45,False,False,False,False,False,False,False,False,1.5,14.0,"['Serene Grace', 'Run Away']",Rattled
207,Gligar,Ground,Flying,65,75,105,35,65,85,False,False,False,False,False,False,False,False,1.1,64.8,"['Hyper Cutter', 'Sand Veil']",Immunity
208,Steelix,Steel,Ground,75,85,200,55,65,30,False,False,False,False,False,False,False,True,9.2,400.0,"['Rock Head', 'Sturdy']",Sheer Force
208,Mega Steelix,Steel,Ground,75,125,230,55,95,30,True,False,False,False,False,False,True,True,10.5,740.0,['Sand Force'],
209,Snubbull,Fairy,,60,80,50,40,40,30,False,False,False,False,False,False,False,False,0.6,7.8,"['Intimidate', 'Run Away']",Rattled
210,Granbull,Fairy,,90,120,75,60,60,45,False,False,False,False,False,False,False,False,1.4,48.7,"['Intimidate', 'Quick Feet']",Rattled
211,Qwilfish,Water,Poison,65,95,85,55,55,85,False,False,False,False,False,False,False,True,0.5,3.9,"['Poison Point', 'Swift Swim']",Intimidate
211,Hisuian Qwilfish,Dark,Poison,65,95,85,55,55,85,False,False,False,False,True,False,True,True,0.5,3.9,"['Poison Point', 'Swift Swim']",Intimidate
212,Scizor,Bug,Steel,70,130,100,55,80,65,False,False,False,False,False,False,False,True,1.8,118.0,"['Swarm', 'Technician']",Light Metal
212,Mega Scizor,Bug,Steel,70,150,140,65,100,75,True,False,False,False,False,False,True,True,2.0,125.0,['Technician'],
213,Shuckle,Bug,Rock,20,10,230,10,230,5,False,False,False,False,False,False,False,False,0.6,20.5,"['Sturdy', 'Gluttony']",Contrary
214,Heracross,Bug,Fighting,80,125,75,40,95,85,False,False,False,False,False,False,False,True,1.5,54.0,"['Swarm', 'Guts']",Moxie
214,Mega Heracross,Bug,Fighting,80,185,115,40,105,75,True,False,False,False,False,False,True,True,1.7,62.5,['Skill Link'],
215,Sneasel,Dark,Ice,55,95,55,35,75,115,False,False,False,False,False,False,False,True,0.9,28.0,"['Inner Focus', 'Keen Eye']",Pickpocket
215,Hisuian Sneasel,Fighting,Poison,55,95,55,35,75,115,False,False,False,False,True,False,True,True,0.9,27.0,"['Inner Focus', 'Keen Eye']",Pickpocket
216,Teddiursa,Normal,,60,80,50,50,50,40,False,False,False,False,False,False,False,False,0.6,8.8,"['Pickup', 'Quick Feet']",Honey Gather
217,Ursaring,Normal,,90,130,75,75,75,55,False,False,False,False,False,False,False,False,1.8,125.8,"['Guts', 'Quick Feet']",Unnerve
218,Slugma,Fire,,40,40,40,70,40,20,False,False,False,False,False,False,False,False,0.7,35.0,"['Magma Armor', 'Flame Body']",Weak Armor
219,Magcargo,Fire,Rock,60,50,120,90,80,30,False,False,False,False,False,False,False,False,0.8,55.0,"['Magma Armor', 'Flame Body']",Weak Armor
220,Swinub,Ice,Ground,50,50,40,30,30,50,False,False,False,False,False,False,False,False,0.4,6.5,"['Oblivious', 'Snow Cloak']",Thick Fat
221,Piloswine,Ice,Ground,100,100,80,60,60,50,False,False,False,False,False,False,False,False,1.1,55.8,"['Oblivious', 'Snow Cloak']",Thick Fat
222,Corsola,Water,Rock,65,55,95,65,95,35,False,False,False,False,False,False,False,True,0.6,5.0,"['Hustle', 'Natural Cure']",Regenerator
222,Galarian Corsola,Ghost,,60,55,100,65,100,30,False,False,False,True,False,False,True,True,0.6,0.5,['Weak Armor'],Cursed Body
223,Remoraid,Water,,35,65,35,65,35,65,False,False,False,False,False,False,False,False,0.6,12.0,"['Hustle', 'Sniper']",Moody
224,Octillery,Water,,75,105,75,105,75,45,False,False,False,False,False,False,False,False,0.9,28.5,"['Suction Cups', 'Sniper']",Moody
225,Delibird,Ice,Flying,45,55,45,65,45,75,False,False,False,False,False,False,False,False,0.9,16.0,"['Vital Spirit', 'Hustle']",Insomnia
226,Mantine,Water,Flying,85,40,70,80,140,70,False,False,False,False,False,False,False,False,2.1,220.0,"['Swift Swim', 'Water Absorb']",Water Veil
227,Skarmory,Steel,Flying,65,80,140,40,70,70,False,False,False,False,False,False,False,True,1.7,50.5,"['Keen Eye', 'Sturdy']",Weak Armor
227,Mega Skarmory,Steel,Flying,65,140,110,40,100,110,True,False,False,False,False,False,True,True,1.7,40.4,['Stalwart'],
228,Houndour,Dark,Fire,45,60,30,80,50,65,False,False,False,False,False,False,False,False,0.6,10.8,"['Early Bird', 'Flash Fire']",Unnerve
229,Houndoom,Dark,Fire,75,90,50,110,80,95,False,False,False,False,False,False,False,True,1.4,35.0,"['Early Bird', 'Flash Fire']",Unnerve
229,Mega Houndoom,Dark,Fire,75,90,90,140,90,115,True,False,False,False,False,False,True,True,1.9,49.5,['Solar Power'],
230,Kingdra,Water,Dragon,75,95,95,95,95,85,False,False,False,False,False,False,False,False,1.8,152.0,"['Swift Swim', 'Sniper']",Damp
231,Phanpy,Ground,,90,60,60,40,40,40,False,False,False,False,False,False,False,False,0.5,33.5,['Pickup'],Sand Veil
232,Donphan,Ground,,90,120,120,60,60,50,False,False,False,False,False,False,False,False,1.1,120.0,['Sturdy'],Sand Veil
233,Porygon2,Normal,,85,80,90,105,95,60,False,False,False,False,False,False,False,False,0.6,32.5,"['Trace', 'Download']",Analytic
234,Stantler,Normal,,73,95,62,85,65,85,False,False,False,False,False,False,False,False,1.4,71.2,"['Intimidate', 'Frisk']",Sap Sipper
235,Smeargle,Normal,,55,20,35,20,45,75,False,False,False,False,False,False,False,False,1.2,58.0,"['Own Tempo', 'Technician']",Moody
236,Tyrogue,Fighting,,35,35,35,35,35,35,False,False,False,False,False,False,False,False,0.7,21.0,"['Guts', 'Steadfast']",Vital Spirit
237,Hitmontop,Fighting,,50,95,95,35,110,70,False,False,False,False,False,False,False,False,1.4,48.0,"['Intimidate', 'Technician']",Steadfast
238,Smoochum,Ice,Psychic,45,30,15,85,65,65,False,False,False,False,False,False,False,False,0.4,6.0,"['Oblivious', 'Forewarn']",Hydration
239,Elekid,Electric,,45,63,37,65,55,95,False,False,False,False,False,False,False,False,0.6,23.5,['Static'],Vital Spirit
240,Magby,Fire,,45,75,37,70,55,83,False,False,False,False,False,False,False,False,0.7,21.4,['Flame Body'],Vital Spirit
241,Miltank,Normal,,95,80,105,40,70,100,False,False,False,False,False,False,False,False,1.2,75.5,"['Thick Fat', 'Scrappy']",Sap Sipper
242,Blissey,Normal,,255,10,10,75,135,55,False,False,False,False,False,False,False,False,1.5,46.8,"['Natural Cure', 'Serene Grace']",Healer
243,Raikou,Electric,,90,85,75,115,100,115,False,False,False,False,False,False,False,False,1.9,178.0,['Pressure'],Inner Focus
244,Entei,Fire,,115,115,85,90,75,100,False,False,False,False,False,False,False,False,2.1,198.0,['Pressure'],Inner Focus
245,Suicune,Water,,100,75,115,90,115,85,False,False,False,False,False,False,False,False,2.0,187.0,['Pressure'],Inner Focus
246,Larvitar,Rock,Ground,50,64,50,45,50,41,False,False,False,False,False,False,False,False,0.6,72.0,['Guts'],Sand Veil
247,Pupitar,Rock,Ground,70,84,70,65,70,51,False,False,False,False,False,False,False,False,1.2,152.0,['Shed Skin'],
248,Tyranitar,Rock,Dark,100,134,110,95,100,61,False,False,False,False,False,False,False,True,2.0,202.0,['Sand Stream'],Unnerve
248,Mega Tyranitar,Rock,Dark,100,164,150,95,120,71,True,False,False,False,False,False,True,True,2.5,255.0,['Sand Stream'],
249,Lugia,Psychic,Flying,106,90,130,90,154,110,False,False,False,False,False,False,False,False,5.2,216.0,['Pressure'],Multiscale
250,Ho-oh,Fire,Flying,106,130,90,110,154,90,False,False,False,False,False,False,False,False,3.8,199.0,['Pressure'],Regenerator
251,Celebi,Psychic,Grass,100,100,100,100,100,100,False,False,False,False,False,False,False,False,0.6,5.0,['Natural Cure'],
252,Treecko,Grass,,40,45,35,65,55,70,False,False,False,False,False,False,False,False,0.5,5.0,['Overgrow'],Unburden
253,Grovyle,Grass,,50,65,45,85,65,95,False,False,False,False,False,False,False,False,0.9,21.6,['Overgrow'],Unburden
254,Sceptile,Grass,,70,85,65,105,85,120,False,False,False,False,False,False,False,True,1.7,52.2,['Overgrow'],Unburden
254,Mega Sceptile,Grass,Dragon,70,110,75,145,85,145,True,False,False,False,False,False,True,True,1.9,55.2,['Lightning Rod'],
255,Torchic,Fire,,45,60,40,70,50,45,False,False,False,False,False,False,False,False,0.4,2.5,['Blaze'],Speed Boost
256,Combusken,Fire,Fighting,60,85,60,85,60,55,False,False,False,False,False,False,False,False,0.9,19.5,['Blaze'],Speed Boost
257,Blaziken,Fire,Fighting,80,120,70,110,70,80,False,False,False,False,False,False,False,True,1.9,52.0,['Blaze'],Speed Boost
257,Mega Blaziken,Fire,Fighting,80,160,80,130,80,100,True,False,False,False,False,False,True,True,1.9,52.0,['Speed Boost'],
258,Mudkip,Water,,50,70,50,50,50,40,False,False,False,False,False,False,False,False,0.4,7.6,['Torrent'],Damp
259,Marshtomp,Water,Ground,70,85,70,60,70,50,False,False,False,False,False,False,False,False,0.7,28.0,['Torrent'],Damp
260,Swampert,Water,Ground,100,110,90,85,90,60,False,False,False,False,False,False,False,True,1.5,81.9,['Torrent'],Damp
260,Mega Swampert,Water,Ground,100,150,110,95,110,70,True,False,False,False,False,False,True,True,1.9,102.0,['Swift Swim'],
261,Poochyena,Dark,,35,55,35,30,30,35,False,False,False,False,False,False,False,False,0.5,13.6,"['Run Away', 'Quick Feet']",Rattled
262,Mightyena,Dark,,70,90,70,60,60,70,False,False,False,False,False,False,False,False,1.0,37.0,"['Intimidate', 'Quick Feet']",Moxie
263,Zigzagoon,Normal,,38,30,41,30,41,60,False,False,False,False,False,False,False,True,0.4,17.5,"['Pickup', 'Gluttony']",Quick Feet
263,Galarian Zigzagoon,Dark,Normal,38,30,41,30,41,60,False,False,False,True,False,False,True,True,0.4,17.5,"['Pickup', 'Gluttony']",Quick Feet
264,Linoone,Normal,,78,70,61,50,61,100,False,False,False,False,False,False,False,True,0.5,32.5,"['Pickup', 'Gluttony']",Quick Feet
264,Galarian Linoone,Dark,Normal,78,70,61,50,61,100,False,False,False,True,False,False,True,True,0.5,32.5,"['Pickup', 'Gluttony']",Quick Feet
265,Wurmple,Bug,,45,45,35,20,30,20,False,False,False,False,False,False,False,False,0.3,3.6,['Shield Dust'],Run Away
266,Silcoon,Bug,,50,35,55,25,25,15,False,False,False,False,False,False,False,False,0.6,10.0,['Shed Skin'],
267,Beautifly,Bug,Flying,60,70,50,100,50,65,False,False,False,False,False,False,False,False,1.0,28.4,['Swarm'],Rivalry
268,Cascoon,Bug,,50,35,55,25,25,15,False,False,False,False,False,False,False,False,0.7,11.5,['Shed Skin'],
269,Dustox,Bug,Poison,60,50,70,50,90,65,False,False,False,False,False,False,False,False,1.2,31.6,['Shield Dust'],Compound Eyes
270,Lotad,Water,Grass,40,30,30,40,50,30,False,False,False,False,False,False,False,False,0.5,2.6,"['Swift Swim', 'Rain Dish']",Own Tempo
271,Lombre,Water,Grass,60,50,50,60,70,50,False,False,False,False,False,False,False,False,1.2,32.5,"['Swift Swim', 'Rain Dish']",Own Tempo
272,Ludicolo,Water,Grass,80,70,70,90,100,70,False,False,False,False,False,False,False,False,1.5,55.0,"['Swift Swim', 'Rain Dish']",Own Tempo
273,Seedot,Grass,,40,40,50,30,30,30,False,False,False,False,False,False,False,False,0.5,4.0,"['Chlorophyll', 'Early Bird']",Pickpocket
274,Nuzleaf,Grass,Dark,70,70,40,60,40,60,False,False,False,False,False,False,False,False,1.0,28.0,"['Chlorophyll', 'Early Bird']",Pickpocket
275,Shiftry,Grass,Dark,90,100,60,90,60,80,False,False,False,False,False,False,False,False,1.3,59.6,"['Chlorophyll', 'Wind Rider']",Pickpocket
276,Taillow,Normal,Flying,40,55,30,30,30,85,False,False,False,False,False,False,False,False,0.3,2.3,['Guts'],Scrappy
277,Swellow,Normal,Flying,60,85,60,75,50,125,False,False,False,False,False,False,False,False,0.7,19.8,['Guts'],Scrappy
278,Wingull,Water,Flying,40,30,30,55,30,85,False,False,False,False,False,False,False,False,0.6,9.5,"['Keen Eye', 'Hydration']",Rain Dish
279,Pelipper,Water,Flying,60,50,100,95,70,65,False,False,False,False,False,False,False,False,1.2,28.0,"['Keen Eye', 'Drizzle']",Rain Dish
280,Ralts,Psychic,Fairy,28,25,25,45,35,40,False,False,False,False,False,False,False,False,0.4,6.6,"['Synchronize', 'Trace']",Telepathy
281,Kirlia,Psychic,Fairy,38,35,35,65,55,50,False,False,False,False,False,False,False,False,0.8,20.2,"['Synchronize', 'Trace']",Telepathy
282,Gardevoir,Psychic,Fairy,68,65,65,125,115,80,False,False,False,False,False,False,False,True,1.6,48.4,"['Synchronize', 'Trace']",Telepathy
282,Mega Gardevoir,Psychic,Fairy,68,85,65,165,135,100,True,False,False,False,False,False,True,True,1.6,48.4,['Pixilate'],
283,Surskit,Bug,Water,40,30,32,50,52,65,False,False,False,False,False,False,False,False,0.5,1.7,['Swift Swim'],Rain Dish
284,Masquerain,Bug,Flying,70,60,62,100,82,80,False,False,False,False,False,False,False,False,0.8,3.6,['Intimidate'],Unnerve
285,Shroomish,Grass,,60,40,60,40,60,35,False,False,False,False,False,False,False,False,0.4,4.5,"['Effect Spore', 'Poison Heal']",Quick Feet
286,Breloom,Grass,Fighting,60,130,80,60,60,70,False,False,False,False,False,False,False,False,1.2,39.2,"['Effect Spore', 'Poison Heal']",Technician
287,Slakoth,Normal,,60,60,60,35,35,30,False,False,False,False,False,False,False,False,0.8,24.0,['Truant'],
288,Vigoroth,Normal,,80,80,80,55,55,90,False,False,False,False,False,False,False,False,1.4,46.5,['Vital Spirit'],
289,Slaking,Normal,,150,160,100,95,65,100,False,False,False,False,False,False,False,False,2.0,130.5,['Truant'],
290,Nincada,Bug,Ground,31,45,90,30,30,40,False,False,False,False,False,False,False,False,0.5,5.5,['Compound Eyes'],Run Away
291,Ninjask,Bug,Flying,61,90,45,50,50,160,False,False,False,False,False,False,False,False,0.8,12.0,['Speed Boost'],Infiltrator
292,Shedinja,Bug,Ghost,1,90,45,30,30,40,False,False,False,False,False,False,False,False,0.8,1.2,['Wonder Guard'],
293,Whismur,Normal,,64,51,23,51,23,28,False,False,False,False,False,False,False,False,0.6,16.3,['Soundproof'],Rattled
294,Loudred,Normal,,84,71,43,71,43,48,False,False,False,False,False,False,False,False,1.0,40.5,['Soundproof'],Scrappy
295,Exploud,Normal,,104,91,63,91,73,68,False,False,False,False,False,False,False,False,1.5,84.0,['Soundproof'],Scrappy
296,Makuhita,Fighting,,72,60,30,20,30,25,False,False,False,False,False,False,False,False,1.0,86.4,"['Thick Fat', 'Guts']",Sheer Force
297,Hariyama,Fighting,,144,120,60,40,60,50,False,False,False,False,False,False,False,False,2.3,253.8,"['Thick Fat', 'Guts']",Sheer Force
298,Azurill,Normal,Fairy,50,20,40,20,40,20,False,False,False,False,False,False,False,False,0.2,2.0,"['Thick Fat', 'Huge Power']",Sap Sipper
299,Nosepass,Rock,,30,45,135,45,90,30,False,False,False,False,False,False,False,False,1.0,97.0,"['Sturdy', 'Magnet Pull']",Sand Force
300,Skitty,Normal,,50,45,45,35,35,50,False,False,False,False,False,False,False,False,0.6,11.0,"['Cute Charm', 'Normalize']",Wonder Skin
301,Delcatty,Normal,,70,65,65,55,55,90,False,False,False,False,False,False,False,False,1.1,32.6,"['Cute Charm', 'Normalize']",Wonder Skin
302,Sableye,Dark,Ghost,50,75,75,65,65,50,False,False,False,False,False,False,False,True,0.5,11.0,"['Keen Eye', 'Stall']",Prankster
302,Mega Sableye,Dark,Ghost,50,85,125,85,115,20,True,False,False,False,False,False,True,True,0.5,161.0,['Magic Bounce'],
303,Mawile,Steel,Fairy,50,85,85,55,55,50,False,False,False,False,False,False,False,True,0.6,11.5,"['Hyper Cutter', 'Intimidate']",Sheer Force
303,Mega Mawile,Steel,Fairy,50,105,125,55,95,50,True,False,False,False,False,False,True,True,1.0,23.5,['Huge Power'],
304,Aron,Steel,Rock,50,70,100,40,40,30,False,False,False,False,False,False,False,False,0.4,60.0,"['Sturdy', 'Rock Head']",Heavy Metal
305,Lairon,Steel,Rock,60,90,140,50,50,40,False,False,False,False,False,False,False,False,0.9,120.0,"['Sturdy', 'Rock Head']",Heavy Metal
306,Aggron,Steel,Rock,70,110,180,60,60,50,False,False,False,False,False,False,False,True,2.1,360.0,"['Sturdy', 'Rock Head']",Heavy Metal
306,Mega Aggron,Steel,,70,140,230,60,80,50,True,False,False,False,False,False,True,True,2.2,395.0,['Filter'],
307,Meditite,Fighting,Psychic,30,40,55,40,55,60,False,False,False,False,False,False,False,False,0.6,11.2,['Pure Power'],Telepathy
308,Medicham,Fighting,Psychic,60,60,75,60,75,80,False,False,False,False,False,False,False,True,1.3,31.5,['Pure Power'],Telepathy
308,Mega Medicham,Fighting,Psychic,60,100,85,80,85,100,True,False,False,False,False,False,True,True,1.3,31.5,['Pure Power'],
309,Electrike,Electric,,40,45,40,65,40,65,False,False,False,False,False,False,False,False,0.6,15.2,"['Static', 'Lightning Rod']",Minus
310,Manectric,Electric,,70,75,60,105,60,105,False,False,False,False,False,False,False,True,1.5,40.2,"['Static', 'Lightning Rod']",Minus
310,Mega Manectric,Electric,,70,75,80,135,80,135,True,False,False,False,False,False,True,True,1.8,44.0,['Intimidate'],
311,Plusle,Electric,,60,50,40,85,75,95,False,False,False,False,False,False,False,False,0.4,4.2,['Plus'],Lightning Rod
312,Minun,Electric,,60,40,50,75,85,95,False,False,False,False,False,False,False,False,0.4,4.2,['Minus'],Volt Absorb
313,Volbeat,Bug,,65,73,75,47,85,85,False,False,False,False,False,False,False,False,0.7,17.7,"['Illuminate', 'Swarm']",Prankster
314,Illumise,Bug,,65,47,75,73,85,85,False,False,False,False,False,False,False,False,0.6,17.7,"['Oblivious', 'Tinted Lens']",Prankster
315,Roselia,Grass,Poison,50,60,45,100,80,65,False,False,False,False,False,False,False,False,0.3,2.0,"['Natural Cure', 'Poison Point']",Leaf Guard
316,Gulpin,Poison,,70,43,53,43,53,40,False,False,False,False,False,False,False,False,0.4,10.3,"['Liquid Ooze', 'Sticky Hold']",Gluttony
317,Swalot,Poison,,100,73,83,73,83,55,False,False,False,False,False,False,False,False,1.7,80.0,"['Liquid Ooze', 'Sticky Hold']",Gluttony
318,Carvanha,Water,Dark,45,90,20,65,20,65,False,False,False,False,False,False,False,False,0.8,20.8,['Rough Skin'],Speed Boost
319,Sharpedo,Water,Dark,70,120,40,95,40,95,False,False,False,False,False,False,False,True,1.8,88.8,['Rough Skin'],Speed Boost
319,Mega Sharpedo,Water,Dark,70,140,70,110,65,105,True,False,False,False,False,False,True,True,2.5,130.3,['Strong Jaw'],
320,Wailmer,Water,,130,70,35,70,35,60,False,False,False,False,False,False,False,False,2.0,130.0,"['Water Veil', 'Oblivious']",Pressure
321,Wailord,Water,,170,90,45,90,45,60,False,False,False,False,False,False,False,False,14.5,398.0,"['Water Veil', 'Oblivious']",Pressure
322,Numel,Fire,Ground,60,60,40,65,45,35,False,False,False,False,False,False,False,False,0.7,24.0,"['Oblivious', 'Simple']",Own Tempo
323,Camerupt,Fire,Ground,70,100,70,105,75,40,False,False,False,False,False,False,False,True,1.9,220.0,"['Magma Armor', 'Solid Rock']",Anger Point
323,Mega Camerupt,Fire,Ground,70,120,100,145,105,20,True,False,False,False,False,False,True,True,2.5,320.5,['Sheer Force'],
324,Torkoal,Fire,,70,85,140,85,70,20,False,False,False,False,False,False,False,False,0.5,80.4,"['White Smoke', 'Drought']",Shell Armor
325,Spoink,Psychic,,60,25,35,70,80,60,False,False,False,False,False,False,False,False,0.7,30.6,"['Thick Fat', 'Own Tempo']",Gluttony
326,Grumpig,Psychic,,80,45,65,90,110,80,False,False,False,False,False,False,False,False,0.9,71.5,"['Thick Fat', 'Own Tempo']",Gluttony
327,Spinda,Normal,,60,60,60,60,60,60,False,False,False,False,False,False,False,False,1.1,5.0,"['Own Tempo', 'Tangled Feet']",Contrary
328,Trapinch,Ground,,45,100,45,45,45,10,False,False,False,False,False,False,False,False,0.7,15.0,"['Hyper Cutter', 'Arena Trap']",Sheer Force
329,Vibrava,Ground,Dragon,50,70,50,50,50,70,False,False,False,False,False,False,False,False,1.1,15.3,['Levitate'],
330,Flygon,Ground,Dragon,80,100,80,80,80,100,False,False,False,False,False,False,False,False,2.0,82.0,['Levitate'],
331,Cacnea,Grass,,50,85,40,85,40,35,False,False,False,False,False,False,False,False,0.4,51.3,['Sand Veil'],Water Absorb
332,Cacturne,Grass,Dark,70,115,60,115,60,55,False,False,False,False,False,False,False,False,1.3,77.4,['Sand Veil'],Water Absorb
333,Swablu,Normal,Flying,45,40,60,40,75,50,False,False,False,False,False,False,False,False,0.4,1.2,['Natural Cure'],Cloud Nine
334,Altaria,Dragon,Flying,75,70,90,70,105,80,False,False,False,False,False,False,False,True,1.1,20.6,['Natural Cure'],Cloud Nine
334,Mega Altaria,Dragon,Fairy,75,110,110,110,105,80,True,False,False,False,False,False,True,True,1.5,20.6,['Pixilate'],
335,Zangoose,Normal,,73,115,60,60,60,90,False,False,False,False,False,False,False,False,1.3,40.3,['Immunity'],Toxic Boost
336,Seviper,Poison,,73,100,60,100,60,65,False,False,False,False,False,False,False,False,2.7,52.5,['Shed Skin'],Infiltrator
337,Lunatone,Rock,Psychic,90,55,65,95,85,70,False,False,False,False,False,False,False,False,1.0,168.0,['Levitate'],
338,Solrock,Rock,Psychic,90,95,85,55,65,70,False,False,False,False,False,False,False,False,1.2,154.0,['Levitate'],
339,Barboach,Water,Ground,50,48,43,46,41,60,False,False,False,False,False,False,False,False,0.4,1.9,"['Oblivious', 'Anticipation']",Hydration
340,Whiscash,Water,Ground,110,78,73,76,71,60,False,False,False,False,False,False,False,False,0.9,23.6,"['Oblivious', 'Anticipation']",Hydration
341,Corphish,Water,,43,80,65,50,35,35,False,False,False,False,False,False,False,False,0.6,11.5,"['Hyper Cutter', 'Shell Armor']",Adaptability
342,Crawdaunt,Water,Dark,63,120,85,90,55,55,False,False,False,False,False,False,False,False,1.1,32.8,"['Hyper Cutter', 'Shell Armor']",Adaptability
343,Baltoy,Ground,Psychic,40,40,55,40,70,55,False,False,False,False,False,False,False,False,0.5,21.5,['Levitate'],
344,Claydol,Ground,Psychic,60,70,105,70,120,75,False,False,False,False,False,False,False,False,1.5,108.0,['Levitate'],
345,Lileep,Rock,Grass,66,41,77,61,87,23,False,False,False,False,False,False,False,False,1.0,23.8,['Suction Cups'],Storm Drain
346,Cradily,Rock,Grass,86,81,97,81,107,43,False,False,False,False,False,False,False,False,1.5,60.4,['Suction Cups'],Storm Drain
347,Anorith,Rock,Bug,45,95,50,40,50,75,False,False,False,False,False,False,False,False,0.7,12.5,['Battle Armor'],Swift Swim
348,Armaldo,Rock,Bug,75,125,100,70,80,45,False,False,False,False,False,False,False,False,1.5,68.2,['Battle Armor'],Swift Swim
349,Feebas,Water,,20,15,20,10,55,80,False,False,False,False,False,False,False,False,0.6,7.4,"['Swift Swim', 'Oblivious']",Adaptability
350,Milotic,Water,,95,60,79,100,125,81,False,False,False,False,False,False,False,False,6.2,162.0,"['Marvel Scale', 'Competitive']",Cute Charm
351,Castform,Normal,,70,70,70,70,70,70,False,False,False,False,False,False,False,True,0.3,0.8,['Forecast'],
351,Castform Sunny Form,Fire,,70,70,70,70,70,70,False,False,False,False,False,False,True,True,0.3,0.8,['Forecast'],
351,Castform Rainy Form,Water,,70,70,70,70,70,70,False,False,False,False,False,False,True,True,0.3,0.8,['Forecast'],
351,Castform Snowy Form,Ice,,70,70,70,70,70,70,False,False,False,False,False,False,True,True,0.3,0.8,['Forecast'],
352,Kecleon,Normal,,60,90,70,60,120,40,False,False,False,False,False,False,False,False,1.0,22.0,['Color Change'],Protean
353,Shuppet,Ghost,,44,75,35,63,33,45,False,False,False,False,False,False,False,False,0.6,2.3,"['Insomnia', 'Frisk']",Cursed Body
354,Banette,Ghost,,64,115,65,83,63,65,False,False,False,False,False,False,False,True,1.1,12.5,"['Insomnia', 'Frisk']",Cursed Body
354,Mega Banette,Ghost,,64,165,75,93,83,75,True,False,False,False,False,False,True,True,1.2,13.0,['Prankster'],
355,Duskull,Ghost,,20,40,90,30,90,25,False,False,False,False,False,False,False,False,0.8,15.0,['Levitate'],Frisk
356,Dusclops,Ghost,,40,70,130,60,130,25,False,False,False,False,False,False,False,False,1.6,30.6,['Pressure'],Frisk
357,Tropius,Grass,Flying,99,68,83,72,87,51,False,False,False,False,False,False,False,False,2.0,100.0,"['Chlorophyll', 'Solar Power']",Harvest
358,Chimecho,Psychic,,75,50,80,95,90,65,False,False,False,False,False,False,False,True,0.6,1.0,['Levitate'],
358,Mega Chimecho,Psychic,Steel,75,50,110,135,120,65,True,False,False,False,False,False,True,True,1.2,8.0,['Levitate'],
359,Absol,Dark,,65,130,60,75,60,75,False,False,False,False,False,False,False,True,1.2,47.0,"['Pressure', 'Super Luck']",Justified
359,Mega Absol,Dark,,65,150,60,115,60,115,True,False,False,False,False,False,True,True,1.2,49.0,['Magic Bounce'],
359,Mega Absol Z,Dark,Ghost,65,154,60,75,60,151,True,False,False,False,False,False,True,True,1.2,49.0,['Sharpness'],
360,Wynaut,Psychic,,95,23,48,23,48,23,False,False,False,False,False,False,False,False,0.6,14.0,['Shadow Tag'],Telepathy
361,Snorunt,Ice,,50,50,50,50,50,50,False,False,False,False,False,False,False,False,0.7,16.8,"['Inner Focus', 'Ice Body']",Moody
362,Glalie,Ice,,80,80,80,80,80,80,False,False,False,False,False,False,False,True,1.5,256.5,"['Inner Focus', 'Ice Body']",Moody
362,Mega Glalie,Ice,,80,120,80,120,80,100,True,False,False,False,False,False,True,True,2.1,350.2,['Refrigerate'],
363,Spheal,Ice,Water,70,40,50,55,50,25,False,False,False,False,False,False,False,False,0.8,39.5,"['Thick Fat', 'Ice Body']",Oblivious
364,Sealeo,Ice,Water,90,60,70,75,70,45,False,False,False,False,False,False,False,False,1.1,87.6,"['Thick Fat', 'Ice Body']",Oblivious
365,Walrein,Ice,Water,110,80,90,95,90,65,False,False,False,False,False,False,False,False,1.4,150.6,"['Thick Fat', 'Ice Body']",Oblivious
366,Clamperl,Water,,35,64,85,74,55,32,False,False,False,False,False,False,False,False,0.4,52.5,['Shell Armor'],Rattled
367,Huntail,Water,,55,104,105,94,75,52,False,False,False,False,False,False,False,False,1.7,27.0,['Swift Swim'],Water Veil
368,Gorebyss,Water,,55,84,105,114,75,52,False,False,False,False,False,False,False,False,1.8,22.6,['Swift Swim'],Hydration
369,Relicanth,Water,Rock,100,90,130,45,65,55,False,False,False,False,False,False,False,False,1.0,23.4,"['Swift Swim', 'Rock Head']",Sturdy
370,Luvdisc,Water,,43,30,55,40,65,97,False,False,False,False,False,False,False,False,0.6,8.7,['Swift Swim'],Hydration
371,Bagon,Dragon,,45,75,60,40,30,50,False,False,False,False,False,False,False,False,0.6,42.1,['Rock Head'],Sheer Force
372,Shelgon,Dragon,,65,95,100,60,50,50,False,False,False,False,False,False,False,False,1.1,110.5,['Rock Head'],Overcoat
373,Salamence,Dragon,Flying,95,135,80,110,80,100,False,False,False,False,False,False,False,True,1.5,102.6,['Intimidate'],Moxie
373,Mega Salamence,Dragon,Flying,95,145,130,120,90,120,True,False,False,False,False,False,True,True,1.8,112.6,['Aerilate'],
374,Beldum,Steel,Psychic,40,55,80,35,60,30,False,False,False,False,False,False,False,False,0.6,95.2,['Clear Body'],Light Metal
375,Metang,Steel,Psychic,60,75,100,55,80,50,False,False,False,False,False,False,False,False,1.2,202.5,['Clear Body'],Light Metal
376,Metagross,Steel,Psychic,80,135,130,95,90,70,False,False,False,False,False,False,False,True,1.6,550.0,['Clear Body'],Light Metal
376,Mega Metagross,Steel,Psychic,80,145,150,105,110,110,True,False,False,False,False,False,True,True,2.5,942.9,['Tough Claws'],
377,Regirock,Rock,,80,100,200,50,100,50,False,False,False,False,False,False,False,False,1.7,230.0,['Clear Body'],Sturdy
378,Regice,Ice,,80,50,100,100,200,50,False,False,False,False,False,False,False,False,1.8,175.0,['Clear Body'],Ice Body
379,Registeel,Steel,,80,75,150,75,150,50,False,False,False,False,False,False,False,False,1.9,205.0,['Clear Body'],Light Metal
380,Latias,Dragon,Psychic,80,80,90,110,130,110,False,False,False,False,False,False,False,True,1.4,40.0,['Levitate'],
380,Mega Latias,Dragon,Psychic,80,100,120,140,150,110,True,False,False,False,False,False,True,True,1.8,52.0,['Levitate'],
381,Latios,Dragon,Psychic,80,90,80,130,110,110,False,False,False,False,False,False,False,True,2.0,60.0,['Levitate'],
381,Mega Latios,Dragon,Psychic,80,130,100,160,120,110,True,False,False,False,False,False,True,True,2.3,70.0,['Levitate'],
382,Kyogre,Water,,100,100,90,150,140,90,False,False,False,False,False,False,False,True,4.5,352.0,['Drizzle'],
382,Primal Kyogre,Water,,100,150,90,180,160,90,True,False,False,False,False,False,True,True,9.8,430.0,['Primordial Sea'],
383,Groudon,Ground,,100,150,140,100,90,90,False,False,False,False,False,False,False,True,3.5,950.0,['Drought'],
383,Primal Groudon,Ground,Fire,100,180,160,150,90,90,True,False,False,False,False,False,True,True,5.0,999.7,['Desolate Land'],
384,Rayquaza,Dragon,Flying,105,150,90,150,90,95,False,False,False,False,False,False,False,True,7.0,206.5,['Air Lock'],
384,Mega Rayquaza,Dragon,Flying,105,180,100,180,100,115,True,False,False,False,False,False,True,True,10.8,392.0,['Delta Stream'],
385,Jirachi,Steel,Psychic,100,100,100,100,100,100,False,False,False,False,False,False,False,False,0.3,1.1,['Serene Grace'],
386,Deoxys Normal Forme,Psychic,,50,150,50,150,50,150,False,False,False,False,False,False,False,True,1.7,60.8,['Pressure'],
386,Deoxys Attack Forme,Psychic,,50,180,20,180,20,150,False,False,False,False,False,False,True,True,1.7,60.8,['Pressure'],
386,Deoxys Defense Forme,Psychic,,50,70,160,70,160,90,False,False,False,False,False,False,True,True,1.7,60.8,['Pressure'],
386,Deoxys Speed Forme,Psychic,,50,95,90,95,90,180,False,False,False,False,False,False,True,True,1.7,60.8,['Pressure'],
387,Turtwig,Grass,,55,68,64,45,55,31,False,False,False,False,False,False,False,False,0.4,10.2,['Overgrow'],Shell Armor
388,Grotle,Grass,,75,89,85,55,65,36,False,False,False,False,False,False,False,False,1.1,97.0,['Overgrow'],Shell Armor
389,Torterra,Grass,Ground,95,109,105,75,85,56,False,False,False,False,False,False,False,False,2.2,310.0,['Overgrow'],Shell Armor
390,Chimchar,Fire,,44,58,44,58,44,61,False,False,False,False,False,False,False,False,0.5,6.2,['Blaze'],Iron Fist
391,Monferno,Fire,Fighting,64,78,52,78,52,81,False,False,False,False,False,False,False,False,0.9,22.0,['Blaze'],Iron Fist
392,Infernape,Fire,Fighting,76,104,71,104,71,108,False,False,False,False,False,False,False,False,1.2,55.0,['Blaze'],Iron Fist
393,Piplup,Water,,53,51,53,61,56,40,False,False,False,False,False,False,False,False,0.4,5.2,['Torrent'],Competitive
394,Prinplup,Water,,64,66,68,81,76,50,False,False,False,False,False,False,False,False,0.8,23.0,['Torrent'],Competitive
395,Empoleon,Water,Steel,84,86,88,111,101,60,False,False,False,False,False,False,False,False,1.7,84.5,['Torrent'],Competitive
396,Starly,Normal,Flying,40,55,30,30,30,60,False,False,False,False,False,False,False,False,0.3,2.0,['Keen Eye'],Reckless
397,Staravia,Normal,Flying,55,75,50,40,40,80,False,False,False,False,False,False,False,False,0.6,15.5,['Intimidate'],Reckless
398,Staraptor,Normal,Flying,85,120,70,50,60,100,False,False,False,False,False,False,False,True,1.2,24.9,['Intimidate'],Reckless
398,Mega Staraptor,Fighting,Flying,85,140,100,60,90,110,True,False,False,False,False,False,True,True,1.9,50.0,['Contrary'],
399,Bidoof,Normal,,59,45,40,35,40,31,False,False,False,False,False,False,False,False,0.5,20.0,"['Simple', 'Unaware']",Moody
400,Bibarel,Normal,Water,79,85,60,55,60,71,False,False,False,False,False,False,False,False,1.0,31.5,"['Simple', 'Unaware']",Moody
401,Kricketot,Bug,,37,25,41,25,41,25,False,False,False,False,False,False,False,False,0.3,2.2,['Shed Skin'],Run Away
402,Kricketune,Bug,,77,85,51,55,51,65,False,False,False,False,False,False,False,False,1.0,25.5,['Swarm'],Technician
403,Shinx,Electric,,45,65,34,40,34,45,False,False,False,False,False,False,False,False,0.5,9.5,"['Rivalry', 'Intimidate']",Guts
404,Luxio,Electric,,60,85,49,60,49,60,False,False,False,False,False,False,False,False,0.9,30.5,"['Rivalry', 'Intimidate']",Guts
405,Luxray,Electric,,80,120,79,95,79,70,False,False,False,False,False,False,False,False,1.4,42.0,"['Rivalry', 'Intimidate']",Guts
406,Budew,Grass,Poison,40,30,35,50,70,55,False,False,False,False,False,False,False,False,0.2,1.2,"['Natural Cure', 'Poison Point']",Leaf Guard
407,Roserade,Grass,Poison,60,70,65,125,105,90,False,False,False,False,False,False,False,False,0.9,14.5,"['Natural Cure', 'Poison Point']",Technician
408,Cranidos,Rock,,67,125,40,30,30,58,False,False,False,False,False,False,False,False,0.9,31.5,['Mold Breaker'],Sheer Force
409,Rampardos,Rock,,97,165,60,65,50,58,False,False,False,False,False,False,False,False,1.6,102.5,['Mold Breaker'],Sheer Force
410,Shieldon,Rock,Steel,30,42,118,42,88,30,False,False,False,False,False,False,False,False,0.5,57.0,['Sturdy'],Soundproof
411,Bastiodon,Rock,Steel,60,52,168,47,138,30,False,False,False,False,False,False,False,False,1.3,149.5,['Sturdy'],Soundproof
412,Burmy Plant Cloak,Bug,,40,29,45,29,45,36,False,False,False,False,False,False,False,True,0.2,3.4,['Shed Skin'],Overcoat
412,Burmy Sandy Cloak,Bug,,40,29,45,29,45,36,False,False,False,False,False,False,True,True,0.2,3.4,['Shed Skin'],Overcoat
412,Burmy Trash Cloak,Bug,,40,29,45,29,45,36,False,False,False,False,False,False,True,True,0.2,3.4,['Shed Skin'],Overcoat
413,Wormadam Plant Cloak,Bug,Grass,60,59,85,79,105,36,False,False,False,False,False,False,False,True,0.5,6.5,['Anticipation'],Overcoat
413,Wormadam Sandy Cloak,Bug,Ground,60,79,105,59,85,36,False,False,False,False,False,False,True,True,0.5,6.5,['Anticipation'],Overcoat
413,Wormadam Trash Cloak,Bug,Steel,60,69,95,69,95,36,False,False,False,False,False,False,True,True,0.5,6.5,['Anticipation'],Overcoat
414,Mothim,Bug,Flying,70,94,50,94,50,66,False,False,False,False,False,False,False,False,0.9,23.3,['Swarm'],Tinted Lens
415,Combee,Bug,Flying,30,30,42,30,42,70,False,False,False,False,False,False,False,False,0.3,5.5,['Honey Gather'],Hustle
416,Vespiquen,Bug,Flying,70,80,102,80,102,40,False,False,False,False,False,False,False,False,1.2,38.5,['Pressure'],Unnerve
417,Pachirisu,Electric,,60,45,70,45,90,95,False,False,False,False,False,False,False,False,0.4,3.9,"['Run Away', 'Pickup']",Volt Absorb
418,Buizel,Water,,55,65,35,60,30,85,False,False,False,False,False,False,False,False,0.7,29.5,['Swift Swim'],Water Veil
419,Floatzel,Water,,85,105,55,85,50,115,False,False,False,False,False,False,False,False,1.1,33.5,['Swift Swim'],Water Veil
420,Cherubi,Grass,,45,35,45,62,53,35,False,False,False,False,False,False,False,False,0.4,3.3,['Chlorophyll'],
421,Cherrim,Grass,,70,60,70,87,78,85,False,False,False,False,False,False,False,False,0.5,9.3,['Flower Gift'],
422,Shellos,Water,,76,48,48,57,62,34,False,False,False,False,False,False,False,False,0.3,6.3,"['Sticky Hold', 'Storm Drain']",Sand Force
423,Gastrodon,Water,Ground,111,83,68,92,82,39,False,False,False,False,False,False,False,False,0.9,29.9,"['Sticky Hold', 'Storm Drain']",Sand Force
424,Ambipom,Normal,,75,100,66,60,66,115,False,False,False,False,False,False,False,False,1.2,20.3,"['Technician', 'Pickup']",Skill Link
425,Drifloon,Ghost,Flying,90,50,34,60,44,70,False,False,False,False,False,False,False,False,0.4,1.2,"['Aftermath', 'Unburden']",Flare Boost
426,Drifblim,Ghost,Flying,150,80,44,90,54,80,False,False,False,False,False,False,False,False,1.2,15.0,"['Aftermath', 'Unburden']",Flare Boost
427,Buneary,Normal,,55,66,44,44,56,85,False,False,False,False,False,False,False,False,0.4,5.5,"['Run Away', 'Klutz']",Limber
428,Lopunny,Normal,,65,76,84,54,96,105,False,False,False,False,False,False,False,True,1.2,33.3,"['Cute Charm', 'Klutz']",Limber
428,Mega Lopunny,Normal,Fighting,65,136,94,54,96,135,True,False,False,False,False,False,True,True,1.3,28.3,['Scrappy'],
429,Mismagius,Ghost,,60,60,60,105,105,105,False,False,False,False,False,False,False,False,0.9,4.4,['Levitate'],
430,Honchkrow,Dark,Flying,100,125,52,105,52,71,False,False,False,False,False,False,False,False,0.9,27.3,"['Insomnia', 'Super Luck']",Moxie
431,Glameow,Normal,,49,55,42,42,37,85,False,False,False,False,False,False,False,False,0.5,3.9,"['Limber', 'Own Tempo']",Keen Eye
432,Purugly,Normal,,71,82,64,64,59,112,False,False,False,False,False,False,False,False,1.0,43.8,"['Thick Fat', 'Own Tempo']",Defiant
433,Chingling,Psychic,,45,30,50,65,50,45,False,False,False,False,False,False,False,False,0.2,0.6,['Levitate'],
434,Stunky,Poison,Dark,63,63,47,41,41,74,False,False,False,False,False,False,False,False,0.4,19.2,"['Stench', 'Aftermath']",Keen Eye
435,Skuntank,Poison,Dark,103,93,67,71,61,84,False,False,False,False,False,False,False,False,1.0,38.0,"['Stench', 'Aftermath']",Keen Eye
436,Bronzor,Steel,Psychic,57,24,86,24,86,23,False,False,False,False,False,False,False,False,0.5,60.5,"['Levitate', 'Heatproof']",Heavy Metal
437,Bronzong,Steel,Psychic,67,89,116,79,116,33,False,False,False,False,False,False,False,False,1.3,187.0,"['Levitate', 'Heatproof']",Heavy Metal
438,Bonsly,Rock,,50,80,95,10,45,10,False,False,False,False,False,False,False,False,0.5,15.0,"['Sturdy', 'Rock Head']",Rattled
439,Mime Jr.,Psychic,Fairy,20,25,45,70,90,60,False,False,False,False,False,False,False,False,0.6,13.0,"['Soundproof', 'Filter']",Technician
440,Happiny,Normal,,100,5,5,15,65,30,False,False,False,False,False,False,False,False,0.6,24.4,"['Natural Cure', 'Serene Grace']",Friend Guard
441,Chatot,Normal,Flying,76,65,45,92,42,91,False,False,False,False,False,False,False,False,0.5,1.9,"['Keen Eye', 'Tangled Feet']",Big Pecks
442,Spiritomb,Ghost,Dark,50,92,108,92,108,35,False,False,False,False,False,False,False,False,1.0,108.0,['Pressure'],Infiltrator
443,Gible,Dragon,Ground,58,70,45,40,45,42,False,False,False,False,False,False,False,False,0.7,20.5,['Sand Veil'],Rough Skin
444,Gabite,Dragon,Ground,68,90,65,50,55,82,False,False,False,False,False,False,False,False,1.4,56.0,['Sand Veil'],Rough Skin
445,Garchomp,Dragon,Ground,108,130,95,80,85,102,False,False,False,False,False,False,False,True,1.9,95.0,['Sand Veil'],Rough Skin
445,Mega Garchomp,Dragon,Ground,108,170,115,120,95,92,True,False,False,False,False,False,True,True,1.9,95.0,['Sand Force'],
445,Mega Garchomp Z,Dragon,,108,130,85,141,85,151,True,False,False,False,False,False,True,True,1.9,99.0,['Levitate'],
446,Munchlax,Normal,,135,85,40,40,85,5,False,False,False,False,False,False,False,False,0.6,105.0,"['Pickup', 'Thick Fat']",Gluttony
447,Riolu,Fighting,,40,70,40,35,40,60,False,False,False,False,False,False,False,False,0.7,20.2,"['Steadfast', 'Inner Focus']",Prankster
448,Lucario,Fighting,Steel,70,110,70,115,70,90,False,False,False,False,False,False,False,True,1.2,54.0,"['Steadfast', 'Inner Focus']",Justified
448,Mega Lucario,Fighting,Steel,70,145,88,140,70,112,True,False,False,False,False,False,True,True,1.3,57.5,['Adaptability'],
448,Mega Lucario Z,Fighting,Steel,70,100,70,164,70,151,True,False,False,False,False,False,True,True,1.3,49.4,['Aura Guard'],
449,Hippopotas,Ground,,68,72,78,38,42,32,False,False,False,False,False,False,False,False,0.8,49.5,['Sand Stream'],Sand Force
450,Hippowdon,Ground,,108,112,118,68,72,47,False,False,False,False,False,False,False,False,2.0,300.0,['Sand Stream'],Sand Force
451,Skorupi,Poison,Bug,40,50,90,30,55,65,False,False,False,False,False,False,False,False,0.8,12.0,"['Battle Armor', 'Sniper']",Keen Eye
452,Drapion,Poison,Dark,70,90,110,60,75,95,False,False,False,False,False,False,False,False,1.3,61.5,"['Battle Armor', 'Sniper']",Keen Eye
453,Croagunk,Poison,Fighting,48,61,40,61,40,50,False,False,False,False,False,False,False,False,0.7,23.0,"['Anticipation', 'Dry Skin']",Poison Touch
454,Toxicroak,Poison,Fighting,83,106,65,86,65,85,False,False,False,False,False,False,False,False,1.3,44.4,"['Anticipation', 'Dry Skin']",Poison Touch
455,Carnivine,Grass,,74,100,72,90,72,46,False,False,False,False,False,False,False,False,1.4,27.0,['Levitate'],
456,Finneon,Water,,49,49,56,49,61,66,False,False,False,False,False,False,False,False,0.4,7.0,"['Swift Swim', 'Storm Drain']",Water Veil
457,Lumineon,Water,,69,69,76,69,86,91,False,False,False,False,False,False,False,False,1.2,24.0,"['Swift Swim', 'Storm Drain']",Water Veil
458,Mantyke,Water,Flying,45,20,50,60,120,50,False,False,False,False,False,False,False,False,1.0,65.0,"['Swift Swim', 'Water Absorb']",Water Veil
459,Snover,Grass,Ice,60,62,50,62,60,40,False,False,False,False,False,False,False,False,1.0,50.5,['Snow Warning'],Soundproof
460,Abomasnow,Grass,Ice,90,92,75,92,85,60,False,False,False,False,False,False,False,True,2.2,135.5,['Snow Warning'],Soundproof
460,Mega Abomasnow,Grass,Ice,90,132,105,132,105,30,True,False,False,False,False,False,True,True,2.7,185.0,['Snow Warning'],
461,Weavile,Dark,Ice,70,120,65,45,85,125,False,False,False,False,False,False,False,False,1.1,34.0,['Pressure'],Pickpocket
462,Magnezone,Electric,Steel,70,70,115,130,90,60,False,False,False,False,False,False,False,False,1.2,180.0,"['Magnet Pull', 'Sturdy']",Analytic
463,Lickilicky,Normal,,110,85,95,80,95,50,False,False,False,False,False,False,False,False,1.7,140.0,"['Own Tempo', 'Oblivious']",Cloud Nine
464,Rhyperior,Ground,Rock,115,140,130,55,55,40,False,False,False,False,False,False,False,False,2.4,282.8,"['Lightning Rod', 'Solid Rock']",Reckless
465,Tangrowth,Grass,,100,100,125,110,50,50,False,False,False,False,False,False,False,False,2.0,128.6,"['Chlorophyll', 'Leaf Guard']",Regenerator
466,Electivire,Electric,,75,123,67,95,85,95,False,False,False,False,False,False,False,False,1.8,138.6,['Motor Drive'],Vital Spirit
467,Magmortar,Fire,,75,95,67,125,95,83,False,False,False,False,False,False,False,False,1.6,68.0,['Flame Body'],Vital Spirit
468,Togekiss,Fairy,Flying,85,50,95,120,115,80,False,False,False,False,False,False,False,False,1.5,38.0,"['Hustle', 'Serene Grace']",Super Luck
469,Yanmega,Bug,Flying,86,76,86,116,56,95,False,False,False,False,False,False,False,False,1.9,51.5,"['Speed Boost', 'Tinted Lens']",Frisk
470,Leafeon,Grass,,65,110,130,60,65,95,False,False,False,False,False,False,False,False,1.0,25.5,['Leaf Guard'],Chlorophyll
471,Glaceon,Ice,,65,60,110,130,95,65,False,False,False,False,False,False,False,False,0.8,25.9,['Snow Cloak'],Ice Body
472,Gliscor,Ground,Flying,75,95,125,45,75,95,False,False,False,False,False,False,False,False,2.0,42.5,"['Hyper Cutter', 'Sand Veil']",Poison Heal
473,Mamoswine,Ice,Ground,110,130,80,70,60,80,False,False,False,False,False,False,False,False,2.5,291.0,"['Oblivious', 'Snow Cloak']",Thick Fat
474,Porygon-Z,Normal,,85,80,70,135,75,90,False,False,False,False,False,False,False,False,0.9,34.0,"['Adaptability', 'Download']",Analytic
475,Gallade,Psychic,Fighting,68,125,65,65,115,80,False,False,False,False,False,False,False,True,1.6,52.0,"['Steadfast', 'Sharpness']",Justified
475,Mega Gallade,Psychic,Fighting,68,165,95,65,115,110,True,False,False,False,False,False,True,True,1.6,56.4,['Inner Focus'],
476,Probopass,Rock,Steel,60,55,145,75,150,40,False,False,False,False,False,False,False,False,1.4,340.0,"['Sturdy', 'Magnet Pull']",Sand Force
477,Dusknoir,Ghost,,45,100,135,65,135,45,False,False,False,False,False,False,False,False,2.2,106.6,['Pressure'],Frisk
478,Froslass,Ice,Ghost,70,80,70,80,70,110,False,False,False,False,False,False,False,True,1.3,26.6,['Snow Cloak'],Cursed Body
478,Mega Froslass,Ice,Ghost,70,80,70,140,100,120,True,False,False,False,False,False,True,True,2.6,29.6,['Snow Warning'],
479,Rotom,Electric,Ghost,50,50,77,95,77,91,False,False,False,False,False,False,False,True,0.3,0.3,['Levitate'],
479,Rotom Heat Rotom,Electric,Fire,50,65,107,105,107,86,False,False,False,False,False,False,True,True,0.3,0.3,['Levitate'],
479,Rotom Wash Rotom,Electric,Water,50,65,107,105,107,86,False,False,False,False,False,False,True,True,0.3,0.3,['Levitate'],
479,Rotom Frost Rotom,Electric,Ice,50,65,107,105,107,86,False,False,False,False,False,False,True,True,0.3,0.3,['Levitate'],
479,Rotom Fan Rotom,Electric,Flying,50,65,107,105,107,86,False,False,False,False,False,False,True,True,0.3,0.3,['Levitate'],
479,Rotom Mow Rotom,Electric,Grass,50,65,107,105,107,86,False,False,False,False,False,False,True,True,0.3,0.3,['Levitate'],
480,Uxie,Psychic,,75,75,130,75,130,95,False,False,False,False,False,False,False,False,0.3,0.3,['Levitate'],
481,Mesprit,Psychic,,80,105,105,105,105,80,False,False,False,False,False,False,False,False,0.3,0.3,['Levitate'],
482,Azelf,Psychic,,75,125,70,125,70,115,False,False,False,False,False,False,False,False,0.3,0.3,['Levitate'],
483,Dialga,Steel,Dragon,100,120,120,150,100,90,False,False,False,False,False,False,False,True,5.4,683.0,['Pressure'],Telepathy
483,Dialga Origin Forme,Steel,Dragon,100,100,120,150,120,90,False,False,False,False,False,False,True,True,5.4,683.0,['Pressure'],Telepathy
484,Palkia,Water,Dragon,90,120,100,150,120,100,False,False,False,False,False,False,False,True,4.2,336.0,['Pressure'],Telepathy
484,Palkia Origin Forme,Water,Dragon,90,100,100,150,120,120,False,False,False,False,False,False,True,True,4.2,336.0,['Pressure'],Telepathy
485,Heatran,Fire,Steel,91,90,106,130,106,77,False,False,False,False,False,False,False,True,1.7,430.0,['Flash Fire'],Flame Body
485,Mega Heatran,Fire,Steel,91,120,106,175,141,67,True,False,False,False,False,False,True,True,2.8,570.0,['Flash Fire'],Flame Body
486,Regigigas,Normal,,110,160,110,80,110,100,False,False,False,False,False,False,False,False,3.7,420.0,['Slow Start'],
487,Giratina Altered Forme,Ghost,Dragon,150,100,120,100,120,90,False,False,False,False,False,False,False,True,4.5,750.0,['Pressure'],Telepathy
487,Giratina Origin Forme,Ghost,Dragon,150,120,100,120,100,90,False,False,False,False,False,False,True,True,6.9,650.0,['Levitate'],
488,Cresselia,Psychic,,120,70,110,75,120,85,False,False,False,False,False,False,False,False,1.5,85.6,['Levitate'],
489,Phione,Water,,80,80,80,80,80,80,False,False,False,False,False,False,False,False,0.4,3.1,['Hydration'],
490,Manaphy,Water,,100,100,100,100,100,100,False,False,False,False,False,False,False,False,0.3,1.4,['Hydration'],
491,Darkrai,Dark,,70,90,90,135,90,125,False,False,False,False,False,False,False,True,1.5,50.5,['Bad Dreams'],
491,Mega Darkrai,Dark,,70,120,130,165,130,85,True,False,False,False,False,False,True,True,3.0,240.0,['Bad Dreams'],
492,Shaymin Land Forme,Grass,,100,100,100,100,100,100,False,False,False,False,False,False,False,True,0.2,2.1,['Natural Cure'],
492,Shaymin Sky Forme,Grass,Flying,100,103,75,120,75,127,False,False,False,False,False,False,True,True,0.4,5.2,['Serene Grace'],
493,Arceus,Normal,,120,120,120,120,120,120,False,False,False,False,False,False,False,False,3.2,320.0,['Multitype'],
494,Victini,Psychic,Fire,100,100,100,100,100,100,False,False,False,False,False,False,False,False,0.4,4.0,['Victory Star'],
495,Snivy,Grass,,45,45,55,45,55,63,False,False,False,False,False,False,False,False,0.6,8.1,['Overgrow'],Contrary
496,Servine,Grass,,60,60,75,60,75,83,False,False,False,False,False,False,False,False,0.8,16.0,['Overgrow'],Contrary
497,Serperior,Grass,,75,75,95,75,95,113,False,False,False,False,False,False,False,False,3.3,63.0,['Overgrow'],Contrary
498,Tepig,Fire,,65,63,45,45,45,45,False,False,False,False,False,False,False,False,0.5,9.9,['Blaze'],Thick Fat
499,Pignite,Fire,Fighting,90,93,55,70,55,55,False,False,False,False,False,False,False,False,1.0,55.5,['Blaze'],Thick Fat
500,Emboar,Fire,Fighting,110,123,65,100,65,65,False,False,False,False,False,False,False,True,1.6,150.0,['Blaze'],Reckless
500,Mega Emboar,Fire,Fighting,110,148,75,110,110,75,True,False,False,False,False,False,True,True,1.8,180.3,['Mold Breaker'],
501,Oshawott,Water,,55,55,45,63,45,45,False,False,False,False,False,False,False,False,0.5,5.9,['Torrent'],Shell Armor
502,Dewott,Water,,75,75,60,83,60,60,False,False,False,False,False,False,False,False,0.8,24.5,['Torrent'],Shell Armor
503,Samurott,Water,,95,100,85,108,70,70,False,False,False,False,False,False,False,True,1.5,94.6,['Torrent'],Shell Armor
503,Hisuian Samurott,Water,Dark,90,108,80,100,65,85,False,False,False,False,True,False,True,True,1.5,58.2,['Torrent'],Sharpness
504,Patrat,Normal,,45,55,39,35,39,42,False,False,False,False,False,False,False,False,0.5,11.6,"['Run Away', 'Keen Eye']",Analytic
505,Watchog,Normal,,60,85,69,60,69,77,False,False,False,False,False,False,False,False,1.1,27.0,"['Illuminate', 'Keen Eye']",Analytic
506,Lillipup,Normal,,45,60,45,25,45,55,False,False,False,False,False,False,False,False,0.4,4.1,"['Vital Spirit', 'Pickup']",Run Away
507,Herdier,Normal,,65,80,65,35,65,60,False,False,False,False,False,False,False,False,0.9,14.7,"['Intimidate', 'Sand Rush']",Scrappy
508,Stoutland,Normal,,85,110,90,45,90,80,False,False,False,False,False,False,False,False,1.2,61.0,"['Intimidate', 'Sand Rush']",Scrappy
509,Purrloin,Dark,,41,50,37,50,37,66,False,False,False,False,False,False,False,False,0.4,10.1,"['Limber', 'Unburden']",Prankster
510,Liepard,Dark,,64,88,50,88,50,106,False,False,False,False,False,False,False,False,1.1,37.5,"['Limber', 'Unburden']",Prankster
511,Pansage,Grass,,50,53,48,53,48,64,False,False,False,False,False,False,False,False,0.6,10.5,['Gluttony'],Overgrow
512,Simisage,Grass,,75,98,63,98,63,101,False,False,False,False,False,False,False,False,1.1,30.5,['Gluttony'],Overgrow
513,Pansear,Fire,,50,53,48,53,48,64,False,False,False,False,False,False,False,False,0.6,11.0,['Gluttony'],Blaze
514,Simisear,Fire,,75,98,63,98,63,101,False,False,False,False,False,False,False,False,1.0,28.0,['Gluttony'],Blaze
515,Panpour,Water,,50,53,48,53,48,64,False,False,False,False,False,False,False,False,0.6,13.5,['Gluttony'],Torrent
516,Simipour,Water,,75,98,63,98,63,101,False,False,False,False,False,False,False,False,1.0,29.0,['Gluttony'],Torrent
517,Munna,Psychic,,76,25,45,67,55,24,False,False,False,False,False,False,False,False,0.6,23.3,"['Forewarn', 'Synchronize']",Telepathy
518,Musharna,Psychic,,116,55,85,107,95,29,False,False,False,False,False,False,False,False,1.1,60.5,"['Forewarn', 'Synchronize']",Telepathy
519,Pidove,Normal,Flying,50,55,50,36,30,43,False,False,False,False,False,False,False,False,0.3,2.1,"['Big Pecks', 'Super Luck']",Rivalry
520,Tranquill,Normal,Flying,62,77,62,50,42,65,False,False,False,False,False,False,False,False,0.6,15.0,"['Big Pecks', 'Super Luck']",Rivalry
521,Unfezant,Normal,Flying,80,115,80,65,55,93,False,False,False,False,False,False,False,False,1.2,29.0,"['Big Pecks', 'Super Luck']",Rivalry
522,Blitzle,Electric,,45,60,32,50,32,76,False,False,False,False,False,False,False,False,0.8,29.8,"['Lightning Rod', 'Motor Drive']",Sap Sipper
523,Zebstrika,Electric,,75,100,63,80,63,116,False,False,False,False,False,False,False,False,1.6,79.5,"['Lightning Rod', 'Motor Drive']",Sap Sipper
524,Roggenrola,Rock,,55,75,85,25,25,15,False,False,False,False,False,False,False,False,0.4,18.0,"['Sturdy', 'Weak Armor']",Sand Force
525,Boldore,Rock,,70,105,105,50,40,20,False,False,False,False,False,False,False,False,0.9,102.0,"['Sturdy', 'Weak Armor']",Sand Force
526,Gigalith,Rock,,85,135,130,60,80,25,False,False,False,False,False,False,False,False,1.7,260.0,"['Sturdy', 'Sand Stream']",Sand Force
527,Woobat,Psychic,Flying,65,45,43,55,43,72,False,False,False,False,False,False,False,False,0.4,2.1,"['Unaware', 'Klutz']",Simple
528,Swoobat,Psychic,Flying,67,57,55,77,55,114,False,False,False,False,False,False,False,False,0.9,10.5,"['Unaware', 'Klutz']",Simple
529,Drilbur,Ground,,60,85,40,30,45,68,False,False,False,False,False,False,False,False,0.3,8.5,"['Sand Rush', 'Sand Force']",Mold Breaker
530,Excadrill,Ground,Steel,110,135,60,50,65,88,False,False,False,False,False,False,False,True,0.7,40.4,"['Sand Rush', 'Sand Force']",Mold Breaker
530,Mega Excadrill,Ground,Steel,110,165,100,65,65,103,True,False,False,False,False,False,True,True,0.9,60.0,['Piercing Drill'],
531,Audino,Normal,,103,60,86,60,86,50,False,False,False,False,False,False,False,True,1.1,31.0,"['Healer', 'Regenerator']",Klutz
531,Mega Audino,Normal,Fairy,103,60,126,80,126,50,True,False,False,False,False,False,True,True,1.5,32.0,['Healer'],
532,Timburr,Fighting,,75,80,55,25,35,35,False,False,False,False,False,False,False,False,0.6,12.5,"['Guts', 'Sheer Force']",Iron Fist
533,Gurdurr,Fighting,,85,105,85,40,50,40,False,False,False,False,False,False,False,False,1.2,40.0,"['Guts', 'Sheer Force']",Iron Fist
534,Conkeldurr,Fighting,,105,140,95,55,65,45,False,False,False,False,False,False,False,False,1.4,87.0,"['Guts', 'Sheer Force']",Iron Fist
535,Tympole,Water,,50,50,40,50,40,64,False,False,False,False,False,False,False,False,0.5,4.5,"['Swift Swim', 'Hydration']",Water Absorb
536,Palpitoad,Water,Ground,75,65,55,65,55,69,False,False,False,False,False,False,False,False,0.8,17.0,"['Swift Swim', 'Hydration']",Water Absorb
537,Seismitoad,Water,Ground,105,95,75,85,75,74,False,False,False,False,False,False,False,False,1.5,62.0,"['Swift Swim', 'Poison Touch']",Water Absorb
538,Throh,Fighting,,120,100,85,30,85,45,False,False,False,False,False,False,False,False,1.3,55.5,"['Guts', 'Inner Focus']",Mold Breaker
539,Sawk,Fighting,,75,125,75,30,75,85,False,False,False,False,False,False,False,False,1.4,51.0,"['Sturdy', 'Inner Focus']",Mold Breaker
540,Sewaddle,Bug,Grass,45,53,70,40,60,42,False,False,False,False,False,False,False,False,0.3,2.5,"['Swarm', 'Chlorophyll']",Overcoat
541,Swadloon,Bug,Grass,55,63,90,50,80,42,False,False,False,False,False,False,False,False,0.5,7.3,"['Leaf Guard', 'Chlorophyll']",Overcoat
542,Leavanny,Bug,Grass,75,103,80,70,80,92,False,False,False,False,False,False,False,False,1.2,20.5,"['Swarm', 'Chlorophyll']",Overcoat
543,Venipede,Bug,Poison,30,45,59,30,39,57,False,False,False,False,False,False,False,False,0.4,5.3,"['Poison Point', 'Swarm']",Speed Boost
544,Whirlipede,Bug,Poison,40,55,99,40,79,47,False,False,False,False,False,False,False,False,1.2,58.5,"['Poison Point', 'Swarm']",Speed Boost
545,Scolipede,Bug,Poison,60,100,89,55,69,112,False,False,False,False,False,False,False,True,2.5,200.5,"['Poison Point', 'Swarm']",Speed Boost
545,Mega Scolipede,Bug,Poison,60,140,149,75,99,62,True,False,False,False,False,False,True,True,3.2,230.5,['Shell Armor'],
546,Cottonee,Grass,Fairy,40,27,60,37,50,66,False,False,False,False,False,False,False,False,0.3,0.6,"['Prankster', 'Infiltrator']",Chlorophyll
547,Whimsicott,Grass,Fairy,60,67,85,77,75,116,False,False,False,False,False,False,False,False,0.7,6.6,"['Prankster', 'Infiltrator']",Chlorophyll
548,Petilil,Grass,,45,35,50,70,50,30,False,False,False,False,False,False,False,False,0.5,6.6,"['Chlorophyll', 'Own Tempo']",Leaf Guard
549,Lilligant,Grass,,70,60,75,110,75,90,False,False,False,False,False,False,False,True,1.1,16.3,"['Chlorophyll', 'Own Tempo']",Leaf Guard
549,Hisuian Lilligant,Grass,Fighting,70,105,75,50,75,105,False,False,False,False,True,False,True,True,1.2,19.2,"['Chlorophyll', 'Hustle']",Leaf Guard
550,Basculin Red-Striped Form,Water,,70,92,65,80,55,98,False,False,False,False,False,False,False,True,1.0,18.0,"['Reckless', 'Adaptability']",Mold Breaker
550,Basculin Blue-Striped Form,Water,,70,92,65,80,55,98,False,False,False,False,False,False,True,True,1.0,18.0,"['Rock Head', 'Adaptability']",Mold Breaker
550,Basculin White-Striped Form,Water,,70,92,65,80,55,98,False,False,False,False,False,False,True,True,1.0,18.0,"['Rattled', 'Adaptability']",Mold Breaker
551,Sandile,Ground,Dark,50,72,35,35,35,65,False,False,False,False,False,False,False,False,0.7,15.2,"['Intimidate', 'Moxie']",Anger Point
552,Krokorok,Ground,Dark,60,82,45,45,45,74,False,False,False,False,False,False,False,False,1.0,33.4,"['Intimidate', 'Moxie']",Anger Point
553,Krookodile,Ground,Dark,95,117,80,65,70,92,False,False,False,False,False,False,False,False,1.5,96.3,"['Intimidate', 'Moxie']",Anger Point
554,Darumaka,Fire,,70,90,45,15,45,50,False,False,False,False,False,False,False,True,0.6,37.5,['Hustle'],Inner Focus
554,Galarian Darumaka,Ice,,70,90,45,15,45,50,False,False,False,True,False,False,True,True,0.7,40.0,['Hustle'],Inner Focus
555,Darmanitan Standard Mode,Fire,,105,140,55,30,55,95,False,False,False,False,False,False,False,True,1.3,92.9,['Sheer Force'],Zen Mode
555,Darmanitan Zen Mode,Fire,Psychic,105,30,105,140,105,55,False,False,False,False,False,False,True,True,1.3,92.9,['Sheer Force'],Zen Mode
555,Darmanitan Galarian Standard Mode,Ice,,105,140,55,30,55,95,False,False,False,True,False,False,True,True,1.3,92.9,['Sheer Force'],Zen Mode
555,Darmanitan Galarian Zen Mode,Ice,Fire,105,160,55,30,55,135,False,False,False,True,False,False,True,True,1.3,92.9,['Sheer Force'],Zen Mode
556,Maractus,Grass,,75,86,67,106,67,60,False,False,False,False,False,False,False,False,1.0,28.0,"['Water Absorb', 'Chlorophyll']",Storm Drain
557,Dwebble,Bug,Rock,50,65,85,35,35,55,False,False,False,False,False,False,False,False,0.3,14.5,"['Sturdy', 'Shell Armor']",Weak Armor
558,Crustle,Bug,Rock,70,105,125,65,75,45,False,False,False,False,False,False,False,False,1.4,200.0,"['Sturdy', 'Shell Armor']",Weak Armor
559,Scraggy,Dark,Fighting,50,75,70,35,70,48,False,False,False,False,False,False,False,False,0.6,11.8,"['Shed Skin', 'Moxie']",Intimidate
560,Scrafty,Dark,Fighting,65,90,115,45,115,58,False,False,False,False,False,False,False,True,1.1,30.0,"['Shed Skin', 'Moxie']",Intimidate
560,Mega Scrafty,Dark,Fighting,65,130,135,55,135,68,True,False,False,False,False,False,True,True,1.1,31.0,['Intimidate'],
561,Sigilyph,Psychic,Flying,72,58,80,103,80,97,False,False,False,False,False,False,False,False,1.4,14.0,"['Wonder Skin', 'Magic Guard']",Tinted Lens
562,Yamask,Ghost,,38,30,85,55,65,30,False,False,False,False,False,False,False,True,0.5,1.5,['Mummy'],
562,Galarian Yamask,Ground,Ghost,38,55,85,30,65,30,False,False,False,True,False,False,True,True,0.5,1.5,['Wandering Spirit'],
563,Cofagrigus,Ghost,,58,50,145,95,105,30,False,False,False,False,False,False,False,False,1.7,76.5,['Mummy'],
564,Tirtouga,Water,Rock,54,78,103,53,45,22,False,False,False,False,False,False,False,False,0.7,16.5,"['Solid Rock', 'Sturdy']",Swift Swim
565,Carracosta,Water,Rock,74,108,133,83,65,32,False,False,False,False,False,False,False,False,1.2,81.0,"['Solid Rock', 'Sturdy']",Swift Swim
566,Archen,Rock,Flying,55,112,45,74,45,70,False,False,False,False,False,False,False,False,0.5,9.5,['Defeatist'],
567,Archeops,Rock,Flying,75,140,65,112,65,110,False,False,False,False,False,False,False,False,1.4,32.0,['Defeatist'],
568,Trubbish,Poison,,50,50,62,40,62,65,False,False,False,False,False,False,False,False,0.6,31.0,"['Stench', 'Sticky Hold']",Aftermath
569,Garbodor,Poison,,80,95,82,60,82,75,False,False,False,False,False,False,False,False,1.9,107.3,"['Stench', 'Weak Armor']",Aftermath
570,Zorua,Dark,,40,65,40,80,40,65,False,False,False,False,False,False,False,True,0.7,12.5,['Illusion'],
570,Hisuian Zorua,Normal,Ghost,35,60,40,85,40,70,False,False,False,False,True,False,True,True,0.7,12.5,['Illusion'],
571,Zoroark,Dark,,60,105,60,120,60,105,False,False,False,False,False,False,False,True,1.6,81.1,['Illusion'],
571,Hisuian Zoroark,Normal,Ghost,55,100,60,125,60,110,False,False,False,False,True,False,True,True,1.6,73.0,['Illusion'],
572,Minccino,Normal,,55,50,40,40,40,75,False,False,False,False,False,False,False,False,0.4,5.8,"['Cute Charm', 'Technician']",Skill Link
573,Cinccino,Normal,,75,95,60,65,60,115,False,False,False,False,False,False,False,False,0.5,7.5,"['Cute Charm', 'Technician']",Skill Link
574,Gothita,Psychic,,45,30,50,55,65,45,False,False,False,False,False,False,False,False,0.4,5.8,"['Frisk', 'Competitive']",Shadow Tag
575,Gothorita,Psychic,,60,45,70,75,85,55,False,False,False,False,False,False,False,False,0.7,18.0,"['Frisk', 'Competitive']",Shadow Tag
576,Gothitelle,Psychic,,70,55,95,95,110,65,False,False,False,False,False,False,False,False,1.5,44.0,"['Frisk', 'Competitive']",Shadow Tag
577,Solosis,Psychic,,45,30,40,105,50,20,False,False,False,False,False,False,False,False,0.3,1.0,"['Overcoat', 'Magic Guard']",Regenerator
578,Duosion,Psychic,,65,40,50,125,60,30,False,False,False,False,False,False,False,False,0.6,8.0,"['Overcoat', 'Magic Guard']",Regenerator
579,Reuniclus,Psychic,,110,65,75,125,85,30,False,False,False,False,False,False,False,False,1.0,20.1,"['Overcoat', 'Magic Guard']",Regenerator
580,Ducklett,Water,Flying,62,44,50,44,50,55,False,False,False,False,False,False,False,False,0.5,5.5,"['Keen Eye', 'Big Pecks']",Hydration
581,Swanna,Water,Flying,75,87,63,87,63,98,False,False,False,False,False,False,False,False,1.3,24.2,"['Keen Eye', 'Big Pecks']",Hydration
582,Vanillite,Ice,,36,50,50,65,60,44,False,False,False,False,False,False,False,False,0.4,5.7,"['Ice Body', 'Snow Cloak']",Weak Armor
583,Vanillish,Ice,,51,65,65,80,75,59,False,False,False,False,False,False,False,False,1.1,41.0,"['Ice Body', 'Snow Cloak']",Weak Armor
584,Vanilluxe,Ice,,71,95,85,110,95,79,False,False,False,False,False,False,False,False,1.3,57.5,"['Ice Body', 'Snow Warning']",Weak Armor
585,Deerling,Normal,Grass,60,60,50,40,50,75,False,False,False,False,False,False,False,False,0.6,19.5,"['Chlorophyll', 'Sap Sipper']",Serene Grace
586,Sawsbuck,Normal,Grass,80,100,70,60,70,95,False,False,False,False,False,False,False,False,1.9,92.5,"['Chlorophyll', 'Sap Sipper']",Serene Grace
587,Emolga,Electric,Flying,55,75,60,75,60,103,False,False,False,False,False,False,False,False,0.4,5.0,['Static'],Motor Drive
588,Karrablast,Bug,,50,75,45,40,45,60,False,False,False,False,False,False,False,False,0.5,5.9,"['Swarm', 'Shed Skin']",No Guard
589,Escavalier,Bug,Steel,70,135,105,60,105,20,False,False,False,False,False,False,False,False,1.0,33.0,"['Swarm', 'Shell Armor']",Overcoat
590,Foongus,Grass,Poison,69,55,45,55,55,15,False,False,False,False,False,False,False,False,0.2,1.0,['Effect Spore'],Regenerator
591,Amoonguss,Grass,Poison,114,85,70,85,80,30,False,False,False,False,False,False,False,False,0.6,10.5,['Effect Spore'],Regenerator
592,Frillish,Water,Ghost,55,40,50,65,85,40,False,False,False,False,False,False,False,False,1.2,33.0,"['Water Absorb', 'Cursed Body']",Damp
593,Jellicent,Water,Ghost,100,60,70,85,105,60,False,False,False,False,False,False,False,False,2.2,135.0,"['Water Absorb', 'Cursed Body']",Damp
594,Alomomola,Water,,165,75,80,40,45,65,False,False,False,False,False,False,False,False,1.2,31.6,"['Healer', 'Hydration']",Regenerator
595,Joltik,Bug,Electric,50,47,50,57,50,65,False,False,False,False,False,False,False,False,0.1,0.6,"['Compound Eyes', 'Unnerve']",Swarm
596,Galvantula,Bug,Electric,70,77,60,97,60,108,False,False,False,False,False,False,False,False,0.8,14.3,"['Compound Eyes', 'Unnerve']",Swarm
597,Ferroseed,Grass,Steel,44,50,91,24,86,10,False,False,False,False,False,False,False,False,0.6,18.8,['Iron Barbs'],
598,Ferrothorn,Grass,Steel,74,94,131,54,116,20,False,False,False,False,False,False,False,False,1.0,110.0,['Iron Barbs'],Anticipation
599,Klink,Steel,,40,55,70,45,60,30,False,False,False,False,False,False,False,False,0.3,21.0,"['Plus', 'Minus']",Clear Body
600,Klang,Steel,,60,80,95,70,85,50,False,False,False,False,False,False,False,False,0.6,51.0,"['Plus', 'Minus']",Clear Body
601,Klinklang,Steel,,60,100,115,70,85,90,False,False,False,False,False,False,False,False,0.6,81.0,"['Plus', 'Minus']",Clear Body
602,Tynamo,Electric,,35,55,40,45,40,60,False,False,False,False,False,False,False,False,0.2,0.3,['Levitate'],
603,Eelektrik,Electric,,65,85,70,75,70,40,False,False,False,False,False,False,False,False,1.2,22.0,['Levitate'],
604,Eelektross,Electric,,85,115,80,105,80,50,False,False,False,False,False,False,False,True,2.1,80.5,['Levitate'],
604,Mega Eelektross,Electric,,85,145,80,135,90,80,True,False,False,False,False,False,True,True,3.0,180.0,['Eelevate'],
605,Elgyem,Psychic,,55,55,55,85,55,30,False,False,False,False,False,False,False,False,0.5,9.0,"['Telepathy', 'Synchronize']",Analytic
606,Beheeyem,Psychic,,75,75,75,125,95,40,False,False,False,False,False,False,False,False,1.0,34.5,"['Telepathy', 'Synchronize']",Analytic
607,Litwick,Ghost,Fire,50,30,55,65,55,20,False,False,False,False,False,False,False,False,0.3,3.1,"['Flash Fire', 'Flame Body']",Infiltrator
608,Lampent,Ghost,Fire,60,40,60,95,60,55,False,False,False,False,False,False,False,False,0.6,13.0,"['Flash Fire', 'Flame Body']",Infiltrator
609,Chandelure,Ghost,Fire,60,55,90,145,90,80,False,False,False,False,False,False,False,True,1.0,34.3,"['Flash Fire', 'Flame Body']",Infiltrator
609,Mega Chandelure,Ghost,Fire,60,75,110,175,110,90,True,False,False,False,False,False,True,True,2.5,69.6,['Infiltrator'],
610,Axew,Dragon,,46,87,60,30,40,57,False,False,False,False,False,False,False,False,0.6,18.0,"['Rivalry', 'Mold Breaker']",Unnerve
611,Fraxure,Dragon,,66,117,70,40,50,67,False,False,False,False,False,False,False,False,1.0,36.0,"['Rivalry', 'Mold Breaker']",Unnerve
612,Haxorus,Dragon,,76,147,90,60,70,97,False,False,False,False,False,False,False,False,1.8,105.5,"['Rivalry', 'Mold Breaker']",Unnerve
613,Cubchoo,Ice,,55,70,40,60,40,40,False,False,False,False,False,False,False,False,0.5,8.5,"['Snow Cloak', 'Slush Rush']",Rattled
614,Beartic,Ice,,95,130,80,70,80,50,False,False,False,False,False,False,False,False,2.6,260.0,"['Snow Cloak', 'Slush Rush']",Swift Swim
615,Cryogonal,Ice,,80,50,50,95,135,105,False,False,False,False,False,False,False,False,1.1,148.0,['Levitate'],
616,Shelmet,Bug,,50,40,85,40,65,25,False,False,False,False,False,False,False,False,0.4,7.7,"['Hydration', 'Shell Armor']",Overcoat
617,Accelgor,Bug,,80,70,40,100,60,145,False,False,False,False,False,False,False,False,0.8,25.3,"['Hydration', 'Sticky Hold']",Unburden
618,Stunfisk,Ground,Electric,109,66,84,81,99,32,False,False,False,False,False,False,False,True,0.7,11.0,"['Static', 'Limber']",Sand Veil
618,Galarian Stunfisk,Ground,Steel,109,81,99,66,84,32,False,False,False,True,False,False,True,True,0.7,20.5,['Mimicry'],
619,Mienfoo,Fighting,,45,85,50,55,50,65,False,False,False,False,False,False,False,False,0.9,20.0,"['Inner Focus', 'Regenerator']",Reckless
620,Mienshao,Fighting,,65,125,60,95,60,105,False,False,False,False,False,False,False,False,1.4,35.5,"['Inner Focus', 'Regenerator']",Reckless
621,Druddigon,Dragon,,77,120,90,60,90,48,False,False,False,False,False,False,False,False,1.6,139.0,"['Rough Skin', 'Sheer Force']",Mold Breaker
622,Golett,Ground,Ghost,59,74,50,35,50,35,False,False,False,False,False,False,False,False,1.0,92.0,"['Iron Fist', 'Klutz']",No Guard
623,Golurk,Ground,Ghost,89,124,80,55,80,55,False,False,False,False,False,False,False,True,2.8,330.0,"['Iron Fist', 'Klutz']",No Guard
623,Mega Golurk,Ground,Ghost,89,159,105,70,105,55,True,False,False,False,False,False,True,True,4.0,330.0,['Unseen Fist'],
624,Pawniard,Dark,Steel,45,85,70,40,40,60,False,False,False,False,False,False,False,False,0.5,10.2,"['Defiant', 'Inner Focus']",Pressure
625,Bisharp,Dark,Steel,65,125,100,60,70,70,False,False,False,False,False,False,False,False,1.6,70.0,"['Defiant', 'Inner Focus']",Pressure
626,Bouffalant,Normal,,95,110,95,40,95,55,False,False,False,False,False,False,False,False,1.6,94.6,"['Reckless', 'Sap Sipper']",Soundproof
627,Rufflet,Normal,Flying,70,83,50,37,50,60,False,False,False,False,False,False,False,False,0.5,10.5,"['Keen Eye', 'Sheer Force']",Hustle
628,Braviary,Normal,Flying,100,123,75,57,75,80,False,False,False,False,False,False,False,True,1.5,41.0,"['Keen Eye', 'Sheer Force']",Defiant
628,Hisuian Braviary,Psychic,Flying,110,83,70,112,70,65,False,False,False,False,True,False,True,True,1.7,43.4,"['Keen Eye', 'Sheer Force']",Tinted Lens
629,Vullaby,Dark,Flying,70,55,75,45,65,60,False,False,False,False,False,False,False,False,0.5,9.0,"['Big Pecks', 'Overcoat']",Weak Armor
630,Mandibuzz,Dark,Flying,110,65,105,55,95,80,False,False,False,False,False,False,False,False,1.2,39.5,"['Big Pecks', 'Overcoat']",Weak Armor
631,Heatmor,Fire,,85,97,66,105,66,65,False,False,False,False,False,False,False,False,1.4,58.0,"['Gluttony', 'Flash Fire']",White Smoke
632,Durant,Bug,Steel,58,109,112,48,48,109,False,False,False,False,False,False,False,False,0.3,33.0,"['Swarm', 'Hustle']",Truant
633,Deino,Dark,Dragon,52,65,50,45,50,38,False,False,False,False,False,False,False,False,0.8,17.3,['Hustle'],
634,Zweilous,Dark,Dragon,72,85,70,65,70,58,False,False,False,False,False,False,False,False,1.4,50.0,['Hustle'],
635,Hydreigon,Dark,Dragon,92,105,90,125,90,98,False,False,False,False,False,False,False,False,1.8,160.0,['Levitate'],
636,Larvesta,Bug,Fire,55,85,55,50,55,60,False,False,False,False,False,False,False,False,1.1,28.8,['Flame Body'],Swarm
637,Volcarona,Bug,Fire,85,60,65,135,105,100,False,False,False,False,False,False,False,False,1.6,46.0,['Flame Body'],Swarm
638,Cobalion,Steel,Fighting,91,90,129,90,72,108,False,False,False,False,False,False,False,False,2.1,250.0,['Justified'],
639,Terrakion,Rock,Fighting,91,129,90,72,90,108,False,False,False,False,False,False,False,False,1.9,260.0,['Justified'],
640,Virizion,Grass,Fighting,91,90,72,90,129,108,False,False,False,False,False,False,False,False,2.0,200.0,['Justified'],
641,Tornadus Incarnate Forme,Flying,,79,115,70,125,80,111,False,False,False,False,False,False,False,True,1.5,63.0,['Prankster'],Defiant
641,Tornadus Therian Forme,Flying,,79,100,80,110,90,121,False,False,False,False,False,False,True,True,1.4,63.0,['Regenerator'],
642,Thundurus Incarnate Forme,Electric,Flying,79,115,70,125,80,111,False,False,False,False,False,False,False,True,1.5,61.0,['Prankster'],Defiant
642,Thundurus Therian Forme,Electric,Flying,79,105,70,145,80,101,False,False,False,False,False,False,True,True,3.0,61.0,['Volt Absorb'],
643,Reshiram,Dragon,Fire,100,120,100,150,120,90,False,False,False,False,False,False,False,False,3.2,330.0,['Turboblaze'],
644,Zekrom,Dragon,Electric,100,150,120,120,100,90,False,False,False,False,False,False,False,False,2.9,345.0,['Teravolt'],
645,Landorus Incarnate Forme,Ground,Flying,89,125,90,115,80,101,False,False,False,False,False,False,False,True,1.5,68.0,['Sand Force'],Sheer Force
645,Landorus Therian Forme,Ground,Flying,89,145,90,105,80,91,False,False,False,False,False,False,True,True,1.3,68.0,['Intimidate'],
646,Kyurem,Dragon,Ice,125,130,90,130,90,95,False,False,False,False,False,False,False,True,3.0,325.0,['Pressure'],
646,Kyurem White Kyurem,Dragon,Ice,125,120,90,170,100,95,False,False,False,False,False,False,True,True,3.0,325.0,['Pressure'],
646,Kyurem Black Kyurem,Dragon,Ice,125,170,100,120,90,95,False,False,False,False,False,False,True,True,3.0,325.0,['Pressure'],
647,Keldeo Ordinary Form,Water,Fighting,91,72,90,129,90,108,False,False,False,False,False,False,False,True,1.4,48.5,['Justified'],
647,Keldeo Resolute Form,Water,Fighting,91,72,90,129,90,108,False,False,False,False,False,False,True,True,1.4,48.5,['Justified'],
648,Meloetta Aria Forme,Normal,Psychic,100,77,77,128,128,90,False,False,False,False,False,False,False,True,0.6,6.5,['Serene Grace'],
648,Meloetta Pirouette Forme,Normal,Fighting,100,128,90,77,77,128,False,False,False,False,False,False,True,True,0.6,6.5,['Serene Grace'],
649,Genesect,Bug,Steel,71,120,95,120,95,99,False,False,False,False,False,False,False,False,1.5,82.5,['Download'],
650,Chespin,Grass,,56,61,65,48,45,38,False,False,False,False,False,False,False,False,0.4,9.0,['Overgrow'],Bulletproof
651,Quilladin,Grass,,61,78,95,56,58,57,False,False,False,False,False,False,False,False,0.7,29.0,['Overgrow'],Bulletproof
652,Chesnaught,Grass,Fighting,88,107,122,74,75,64,False,False,False,False,False,False,False,True,1.6,90.0,['Overgrow'],Bulletproof
652,Mega Chesnaught,Grass,Fighting,88,137,172,74,115,44,True,False,False,False,False,False,True,True,1.6,90.0,['Bulletproof'],
653,Fennekin,Fire,,40,45,40,62,60,60,False,False,False,False,False,False,False,False,0.4,9.4,['Blaze'],Magician
654,Braixen,Fire,,59,59,58,90,70,73,False,False,False,False,False,False,False,False,1.0,14.5,['Blaze'],Magician
655,Delphox,Fire,Psychic,75,69,72,114,100,104,False,False,False,False,False,False,False,True,1.5,39.0,['Blaze'],Magician
655,Mega Delphox,Fire,Psychic,75,69,72,159,125,134,True,False,False,False,False,False,True,True,1.5,39.0,['Levitate'],
656,Froakie,Water,,41,56,40,62,44,71,False,False,False,False,False,False,False,False,0.3,7.0,['Torrent'],Protean
657,Frogadier,Water,,54,63,52,83,56,97,False,False,False,False,False,False,False,False,0.6,10.9,['Torrent'],Protean
658,Greninja,Water,Dark,72,95,67,103,71,122,False,False,False,False,False,False,False,True,1.5,40.0,['Torrent'],Protean
658,Greninja Ash-Greninja,Water,Dark,72,145,67,153,71,132,False,False,False,False,False,False,True,True,1.5,40.0,['Torrent'],Protean
658,Mega Greninja,Water,Dark,72,125,77,133,81,142,True,False,False,False,False,False,True,True,1.5,40.0,['Protean'],
659,Bunnelby,Normal,,38,36,38,32,36,57,False,False,False,False,False,False,False,False,0.4,5.0,"['Pickup', 'Cheek Pouch']",Huge Power
660,Diggersby,Normal,Ground,85,56,77,50,77,78,False,False,False,False,False,False,False,False,1.0,42.4,"['Pickup', 'Cheek Pouch']",Huge Power
661,Fletchling,Normal,Flying,45,50,43,40,38,62,False,False,False,False,False,False,False,False,0.3,1.7,['Big Pecks'],Gale Wings
662,Fletchinder,Fire,Flying,62,73,55,56,52,84,False,False,False,False,False,False,False,False,0.7,16.0,['Flame Body'],Gale Wings
663,Talonflame,Fire,Flying,78,81,71,74,69,126,False,False,False,False,False,False,False,False,1.2,24.5,['Flame Body'],Gale Wings
664,Scatterbug,Bug,,38,35,40,27,25,35,False,False,False,False,False,False,False,False,0.3,2.5,"['Shield Dust', 'Compound Eyes']",Friend Guard
665,Spewpa,Bug,,45,22,60,27,30,29,False,False,False,False,False,False,False,False,0.3,8.4,['Shed Skin'],Friend Guard
666,Vivillon,Bug,Flying,80,52,50,90,50,89,False,False,False,False,False,False,False,False,1.2,17.0,"['Shield Dust', 'Compound Eyes']",Friend Guard
667,Litleo,Fire,Normal,62,50,58,73,54,72,False,False,False,False,False,False,False,False,0.6,13.5,"['Rivalry', 'Unnerve']",Moxie
668,Pyroar,Fire,Normal,86,68,72,109,66,106,False,False,False,False,False,False,False,True,1.5,81.5,"['Rivalry', 'Unnerve']",Moxie
668,Mega Pyroar,Fire,Normal,86,88,92,129,86,126,True,False,False,False,False,False,True,True,1.5,93.3,['Fire Mane'],
669,Flabébé,Fairy,,44,38,39,61,79,42,False,False,False,False,False,False,False,False,0.1,0.1,['Flower Veil'],Symbiosis
670,Floette,Fairy,,54,45,47,75,98,52,False,False,False,False,False,False,False,True,0.2,0.9,['Flower Veil'],Symbiosis
670,Floette Eternal Flower,Fairy,,74,65,67,125,128,92,False,False,False,False,False,False,True,True,0.2,0.9,['Flower Veil'],Symbiosis
670,Mega Floette,Fairy,,74,85,87,155,148,102,True,False,False,False,False,False,True,True,0.2,100.8,['Fairy Aura'],
671,Florges,Fairy,,78,65,68,112,154,75,False,False,False,False,False,False,False,False,1.1,10.0,['Flower Veil'],Symbiosis
672,Skiddo,Grass,,66,65,48,62,57,52,False,False,False,False,False,False,False,False,0.9,31.0,['Sap Sipper'],Grass Pelt
673,Gogoat,Grass,,123,100,62,97,81,68,False,False,False,False,False,False,False,False,1.7,91.0,['Sap Sipper'],Grass Pelt
674,Pancham,Fighting,,67,82,62,46,48,43,False,False,False,False,False,False,False,False,0.6,8.0,"['Iron Fist', 'Mold Breaker']",Scrappy
675,Pangoro,Fighting,Dark,95,124,78,69,71,58,False,False,False,False,False,False,False,False,2.1,136.0,"['Iron Fist', 'Mold Breaker']",Scrappy
676,Furfrou,Normal,,75,80,60,65,90,102,False,False,False,False,False,False,False,False,1.2,28.0,['Fur Coat'],
677,Espurr,Psychic,,62,48,54,63,60,68,False,False,False,False,False,False,False,False,0.3,3.5,"['Keen Eye', 'Infiltrator']",Own Tempo
678,Meowstic Male,Psychic,,74,48,76,83,81,104,False,False,False,False,False,False,False,True,0.6,8.5,"['Keen Eye', 'Infiltrator']",Prankster
678,Meowstic Female,Psychic,,74,48,76,83,81,104,False,False,False,False,False,False,True,True,0.6,8.5,"['Keen Eye', 'Infiltrator']",Competitive
678,Mega Meowstic,Psychic,,74,48,76,143,101,124,True,False,False,False,False,False,True,True,0.8,10.1,['Trace'],
679,Honedge,Steel,Ghost,45,80,100,35,37,28,False,False,False,False,False,False,False,False,0.8,2.0,['No Guard'],
680,Doublade,Steel,Ghost,59,110,150,45,49,35,False,False,False,False,False,False,False,False,0.8,4.5,['No Guard'],
681,Aegislash Shield Forme,Steel,Ghost,60,50,140,50,140,60,False,False,False,False,False,False,False,True,1.7,53.0,['Stance Change'],
681,Aegislash Blade Forme,Steel,Ghost,60,140,50,140,50,60,False,False,False,False,False,False,True,True,1.7,53.0,['Stance Change'],
682,Spritzee,Fairy,,78,52,60,63,65,23,False,False,False,False,False,False,False,False,0.2,0.5,['Healer'],Aroma Veil
683,Aromatisse,Fairy,,101,72,72,99,89,29,False,False,False,False,False,False,False,False,0.8,15.5,['Healer'],Aroma Veil
684,Swirlix,Fairy,,62,48,66,59,57,49,False,False,False,False,False,False,False,False,0.4,3.5,['Sweet Veil'],Unburden
685,Slurpuff,Fairy,,82,80,86,85,75,72,False,False,False,False,False,False,False,False,0.8,5.0,['Sweet Veil'],Unburden
686,Inkay,Dark,Psychic,53,54,53,37,46,45,False,False,False,False,False,False,False,False,0.4,3.5,"['Contrary', 'Suction Cups']",Infiltrator
687,Malamar,Dark,Psychic,86,92,88,68,75,73,False,False,False,False,False,False,False,True,1.5,47.0,"['Contrary', 'Suction Cups']",Infiltrator
687,Mega Malamar,Dark,Psychic,86,102,88,98,120,88,True,False,False,False,False,False,True,True,2.9,69.8,['Contrary'],
688,Binacle,Rock,Water,42,52,67,39,56,50,False,False,False,False,False,False,False,False,0.5,31.0,"['Sniper', 'Tough Claws']",Pickpocket
689,Barbaracle,Rock,Water,72,105,115,54,86,68,False,False,False,False,False,False,False,True,1.3,96.0,"['Sniper', 'Tough Claws']",Pickpocket
689,Mega Barbaracle,Rock,Fighting,72,140,130,64,106,88,True,False,False,False,False,False,True,True,2.2,100.0,['Tough Claws'],
690,Skrelp,Poison,Water,50,60,60,60,60,30,False,False,False,False,False,False,False,False,0.5,7.3,"['Poison Point', 'Poison Touch']",Adaptability
691,Dragalge,Poison,Dragon,65,75,90,97,123,44,False,False,False,False,False,False,False,True,1.8,81.5,"['Poison Point', 'Poison Touch']",Adaptability
691,Mega Dragalge,Poison,Dragon,65,85,105,132,163,44,True,False,False,False,False,False,True,True,2.1,100.3,['Regenerator'],
692,Clauncher,Water,,50,53,62,58,63,44,False,False,False,False,False,False,False,False,0.5,8.3,['Mega Launcher'],
693,Clawitzer,Water,,71,73,88,120,89,59,False,False,False,False,False,False,False,False,1.3,35.3,['Mega Launcher'],
694,Helioptile,Electric,Normal,44,38,33,61,43,70,False,False,False,False,False,False,False,False,0.5,6.0,"['Dry Skin', 'Sand Veil']",Solar Power
695,Heliolisk,Electric,Normal,62,55,52,109,94,109,False,False,False,False,False,False,False,False,1.0,21.0,"['Dry Skin', 'Sand Veil']",Solar Power
696,Tyrunt,Rock,Dragon,58,89,77,45,45,48,False,False,False,False,False,False,False,False,0.8,26.0,['Strong Jaw'],Sturdy
697,Tyrantrum,Rock,Dragon,82,121,119,69,59,71,False,False,False,False,False,False,False,False,2.5,270.0,['Strong Jaw'],Rock Head
698,Amaura,Rock,Ice,77,59,50,67,63,46,False,False,False,False,False,False,False,False,1.3,25.2,['Refrigerate'],Snow Warning
699,Aurorus,Rock,Ice,123,77,72,99,92,58,False,False,False,False,False,False,False,False,2.7,225.0,['Refrigerate'],Snow Warning
700,Sylveon,Fairy,,95,65,65,110,130,60,False,False,False,False,False,False,False,False,1.0,23.5,['Cute Charm'],Pixilate
701,Hawlucha,Fighting,Flying,78,92,75,74,63,118,False,False,False,False,False,False,False,True,0.8,21.5,"['Limber', 'Unburden']",Mold Breaker
701,Mega Hawlucha,Fighting,Flying,78,137,100,74,93,118,True,False,False,False,False,False,True,True,1.0,25.0,['No Guard'],
702,Dedenne,Electric,Fairy,67,58,57,81,67,101,False,False,False,False,False,False,False,False,0.2,2.2,"['Cheek Pouch', 'Pickup']",Plus
703,Carbink,Rock,Fairy,50,50,150,50,150,50,False,False,False,False,False,False,False,False,0.3,5.7,['Clear Body'],Sturdy
704,Goomy,Dragon,,45,50,35,55,75,40,False,False,False,False,False,False,False,False,0.3,2.8,"['Sap Sipper', 'Hydration']",Gooey
705,Sliggoo,Dragon,,68,75,53,83,113,60,False,False,False,False,False,False,False,True,0.8,17.5,"['Sap Sipper', 'Hydration']",Gooey
705,Hisuian Sliggoo,Steel,Dragon,58,75,83,83,113,40,False,False,False,False,True,False,True,True,0.7,68.5,"['Sap Sipper', 'Shell Armor']",Gooey
706,Goodra,Dragon,,90,100,70,110,150,80,False,False,False,False,False,False,False,True,2.0,150.5,"['Sap Sipper', 'Hydration']",Gooey
706,Hisuian Goodra,Steel,Dragon,80,100,100,110,150,60,False,False,False,False,True,False,True,True,1.7,334.1,"['Sap Sipper', 'Shell Armor']",Gooey
707,Klefki,Steel,Fairy,57,80,91,80,87,75,False,False,False,False,False,False,False,False,0.2,3.0,['Prankster'],Magician
708,Phantump,Ghost,Grass,43,70,48,50,60,38,False,False,False,False,False,False,False,False,0.4,7.0,"['Natural Cure', 'Frisk']",Harvest
709,Trevenant,Ghost,Grass,85,110,76,65,82,56,False,False,False,False,False,False,False,False,1.5,71.0,"['Natural Cure', 'Frisk']",Harvest
710,Pumpkaboo Average Size,Ghost,Grass,49,66,70,44,55,51,False,False,False,False,False,False,False,True,0.4,5.0,"['Pickup', 'Frisk']",Insomnia
710,Pumpkaboo Small Size,Ghost,Grass,44,66,70,44,55,56,False,False,False,False,False,False,True,True,0.3,3.5,"['Pickup', 'Frisk']",Insomnia
710,Pumpkaboo Large Size,Ghost,Grass,54,66,70,44,55,46,False,False,False,False,False,False,True,True,0.5,7.5,"['Pickup', 'Frisk']",Insomnia
710,Pumpkaboo Super Size,Ghost,Grass,59,66,70,44,55,41,False,False,False,False,False,False,True,True,0.8,15.0,"['Pickup', 'Frisk']",Insomnia
711,Gourgeist Average Size,Ghost,Grass,65,90,122,58,75,84,False,False,False,False,False,False,False,True,0.9,12.5,"['Pickup', 'Frisk']",Insomnia
711,Gourgeist Small Size,Ghost,Grass,55,85,122,58,75,99,False,False,False,False,False,False,True,True,0.7,9.5,"['Pickup', 'Frisk']",Insomnia
711,Gourgeist Large Size,Ghost,Grass,75,95,122,58,75,69,False,False,False,False,False,False,True,True,1.1,14.0,"['Pickup', 'Frisk']",Insomnia
711,Gourgeist Super Size,Ghost,Grass,85,100,122,58,75,54,False,False,False,False,False,False,True,True,1.7,39.0,"['Pickup', 'Frisk']",Insomnia
712,Bergmite,Ice,,55,69,85,32,35,28,False,False,False,False,False,False,False,False,1.0,99.5,"['Own Tempo', 'Ice Body']",Sturdy
713,Avalugg,Ice,,95,117,184,44,46,28,False,False,False,False,False,False,False,True,2.0,505.0,"['Own Tempo', 'Ice Body']",Sturdy
713,Hisuian Avalugg,Ice,Rock,95,127,184,34,36,38,False,False,False,False,True,False,True,True,1.4,262.4,"['Strong Jaw', 'Ice Body']",Sturdy
714,Noibat,Flying,Dragon,40,30,35,45,40,55,False,False,False,False,False,False,False,False,0.5,8.0,"['Frisk', 'Infiltrator']",Telepathy
715,Noivern,Flying,Dragon,85,70,80,97,80,123,False,False,False,False,False,False,False,False,1.5,85.0,"['Frisk', 'Infiltrator']",Telepathy
716,Xerneas,Fairy,,126,131,95,131,98,99,False,False,False,False,False,False,False,False,3.0,215.0,['Fairy Aura'],
717,Yveltal,Dark,Flying,126,131,95,131,98,99,False,False,False,False,False,False,False,False,5.8,203.0,['Dark Aura'],
718,Zygarde 50% Forme,Dragon,Ground,108,100,121,81,95,95,False,False,False,False,False,False,False,True,5.0,305.0,"['Aura Break', 'Power Construct']",
718,Zygarde 10% Forme,Dragon,Ground,54,100,71,61,85,115,False,False,False,False,False,False,True,True,1.2,33.5,"['Aura Break', 'Power Construct']",
718,Zygarde Complete Forme,Dragon,Ground,216,100,121,91,95,85,False,False,False,False,False,False,True,True,4.5,610.0,['Power Construct'],
718,Mega Zygarde,Dragon,Ground,216,70,91,216,85,100,True,False,False,False,False,False,True,True,7.7,610.0,[],
719,Diancie,Rock,Fairy,50,100,150,100,150,50,False,False,False,False,False,False,False,True,0.7,8.8,['Clear Body'],
719,Mega Diancie,Rock,Fairy,50,160,110,160,110,110,True,False,False,False,False,False,True,True,1.1,27.8,['Magic Bounce'],
720,Hoopa Hoopa Confined,Psychic,Ghost,80,110,60,150,130,70,False,False,False,False,False,False,False,True,0.5,9.0,['Magician'],
720,Hoopa Hoopa Unbound,Psychic,Dark,80,160,60,170,130,80,False,False,False,False,False,False,True,True,6.5,490.0,['Magician'],
721,Volcanion,Fire,Water,80,110,120,130,90,70,False,False,False,False,False,False,False,False,1.7,195.0,['Water Absorb'],
722,Rowlet,Grass,Flying,68,55,55,50,50,42,False,False,False,False,False,False,False,False,0.3,1.5,['Overgrow'],Long Reach
723,Dartrix,Grass,Flying,78,75,75,70,70,52,False,False,False,False,False,False,False,False,0.7,16.0,['Overgrow'],Long Reach
724,Decidueye,Grass,Ghost,78,107,75,100,100,70,False,False,False,False,False,False,False,True,1.6,36.6,['Overgrow'],Long Reach
724,Hisuian Decidueye,Grass,Fighting,88,112,80,95,95,60,False,False,False,False,True,False,True,True,1.6,37.0,['Overgrow'],Scrappy
725,Litten,Fire,,45,65,40,60,40,70,False,False,False,False,False,False,False,False,0.4,4.3,['Blaze'],Intimidate
726,Torracat,Fire,,65,85,50,80,50,90,False,False,False,False,False,False,False,False,0.7,25.0,['Blaze'],Intimidate
727,Incineroar,Fire,Dark,95,115,90,80,90,60,False,False,False,False,False,False,False,False,1.8,83.0,['Blaze'],Intimidate
728,Popplio,Water,,50,54,54,66,56,40,False,False,False,False,False,False,False,False,0.4,7.5,['Torrent'],Liquid Voice
729,Brionne,Water,,60,69,69,91,81,50,False,False,False,False,False,False,False,False,0.6,17.5,['Torrent'],Liquid Voice
730,Primarina,Water,Fairy,80,74,74,126,116,60,False,False,False,False,False,False,False,False,1.8,44.0,['Torrent'],Liquid Voice
731,Pikipek,Normal,Flying,35,75,30,30,30,65,False,False,False,False,False,False,False,False,0.3,1.2,"['Keen Eye', 'Skill Link']",Pickup
732,Trumbeak,Normal,Flying,55,85,50,40,50,75,False,False,False,False,False,False,False,False,0.6,14.8,"['Keen Eye', 'Skill Link']",Pickup
733,Toucannon,Normal,Flying,80,120,75,75,75,60,False,False,False,False,False,False,False,False,1.1,26.0,"['Keen Eye', 'Skill Link']",Sheer Force
734,Yungoos,Normal,,48,70,30,30,30,45,False,False,False,False,False,False,False,False,0.4,6.0,"['Strong Jaw', 'Stakeout']",Adaptability
735,Gumshoos,Normal,,88,110,60,55,60,45,False,False,False,False,False,False,False,False,0.7,14.2,"['Strong Jaw', 'Stakeout']",Adaptability
736,Grubbin,Bug,,47,62,45,55,45,46,False,False,False,False,False,False,False,False,0.4,4.4,['Swarm'],
737,Charjabug,Bug,Electric,57,82,95,55,75,36,False,False,False,False,False,False,False,False,0.5,10.5,['Battery'],
738,Vikavolt,Bug,Electric,77,70,90,145,75,43,False,False,False,False,False,False,False,False,1.5,45.0,['Levitate'],
739,Crabrawler,Fighting,,47,82,57,42,47,63,False,False,False,False,False,False,False,False,0.6,7.0,"['Hyper Cutter', 'Iron Fist']",Anger Point
740,Crabominable,Fighting,Ice,97,132,77,62,67,43,False,False,False,False,False,False,False,True,1.7,180.0,"['Hyper Cutter', 'Iron Fist']",Anger Point
740,Mega Crabominable,Fighting,Ice,97,157,122,62,107,33,True,False,False,False,False,False,True,True,2.6,252.8,['Iron Fist'],
741,Oricorio Baile Style,Fire,Flying,75,70,70,98,70,93,False,False,False,False,False,False,False,True,0.6,3.4,['Dancer'],
741,Oricorio Pom-Pom Style,Electric,Flying,75,70,70,98,70,93,False,False,False,False,False,False,True,True,0.6,3.4,['Dancer'],
741,Oricorio Pa'u Style,Psychic,Flying,75,70,70,98,70,93,False,False,False,False,False,False,True,True,0.6,3.4,['Dancer'],
741,Oricorio Sensu Style,Ghost,Flying,75,70,70,98,70,93,False,False,False,False,False,False,True,True,0.6,3.4,['Dancer'],
742,Cutiefly,Bug,Fairy,40,45,40,55,40,84,False,False,False,False,False,False,False,False,0.1,0.2,"['Honey Gather', 'Shield Dust']",Sweet Veil
743,Ribombee,Bug,Fairy,60,55,60,95,70,124,False,False,False,False,False,False,False,False,0.2,0.5,"['Honey Gather', 'Shield Dust']",Sweet Veil
744,Rockruff,Rock,,45,65,40,30,40,60,False,False,False,False,False,False,False,True,0.5,9.2,"['Keen Eye', 'Vital Spirit']",Steadfast
744,Rockruff Own Tempo Rockruff,Rock,,45,65,40,30,40,60,False,False,False,False,False,False,True,True,0.5,9.2,"['Keen Eye', 'Vital Spirit']",Steadfast
745,Lycanroc Midday Form,Rock,,75,115,65,55,65,112,False,False,False,False,False,False,False,True,0.8,25.0,"['Keen Eye', 'Sand Rush']",Steadfast
745,Lycanroc Midnight Form,Rock,,85,115,75,55,75,82,False,False,False,False,False,False,True,True,1.1,25.0,"['Keen Eye', 'Vital Spirit']",No Guard
745,Lycanroc Dusk Form,Rock,,75,117,65,55,65,110,False,False,False,False,False,False,True,True,0.8,25.0,['Tough Claws'],
746,Wishiwashi Solo Form,Water,,45,20,20,25,25,40,False,False,False,False,False,False,False,True,0.2,0.3,['Schooling'],
746,Wishiwashi School Form,Water,,45,140,130,140,135,30,False,False,False,False,False,False,True,True,8.2,78.6,['Schooling'],
747,Mareanie,Poison,Water,50,53,62,43,52,45,False,False,False,False,False,False,False,False,0.4,8.0,"['Merciless', 'Limber']",Regenerator
748,Toxapex,Poison,Water,50,63,152,53,142,35,False,False,False,False,False,False,False,False,0.7,14.5,"['Merciless', 'Limber']",Regenerator
749,Mudbray,Ground,,70,100,70,45,55,45,False,False,False,False,False,False,False,False,1.0,110.0,"['Own Tempo', 'Stamina']",Inner Focus
750,Mudsdale,Ground,,100,125,100,55,85,35,False,False,False,False,False,False,False,False,2.5,920.0,"['Own Tempo', 'Stamina']",Inner Focus
751,Dewpider,Water,Bug,38,40,52,40,72,27,False,False,False,False,False,False,False,False,0.3,4.0,['Water Bubble'],Water Absorb
752,Araquanid,Water,Bug,68,70,92,50,132,42,False,False,False,False,False,False,False,False,1.8,82.0,['Water Bubble'],Water Absorb
753,Fomantis,Grass,,40,55,35,50,35,35,False,False,False,False,False,False,False,False,0.3,1.5,['Leaf Guard'],Contrary
754,Lurantis,Grass,,70,105,90,80,90,45,False,False,False,False,False,False,False,False,0.9,18.5,['Leaf Guard'],Contrary
755,Morelull,Grass,Fairy,40,35,55,65,75,15,False,False,False,False,False,False,False,False,0.2,1.5,"['Illuminate', 'Effect Spore']",Rain Dish
756,Shiinotic,Grass,Fairy,60,45,80,90,100,30,False,False,False,False,False,False,False,False,1.0,11.5,"['Illuminate', 'Effect Spore']",Rain Dish
757,Salandit,Poison,Fire,48,44,40,71,40,77,False,False,False,False,False,False,False,False,0.6,4.8,['Corrosion'],Oblivious
758,Salazzle,Poison,Fire,68,64,60,111,60,117,False,False,False,False,False,False,False,False,1.2,22.2,['Corrosion'],Oblivious
759,Stufful,Normal,Fighting,70,75,50,45,50,50,False,False,False,False,False,False,False,False,0.5,6.8,"['Fluffy', 'Klutz']",Cute Charm
760,Bewear,Normal,Fighting,120,125,80,55,60,60,False,False,False,False,False,False,False,False,2.1,135.0,"['Fluffy', 'Klutz']",Unnerve
761,Bounsweet,Grass,,42,30,38,30,38,32,False,False,False,False,False,False,False,False,0.3,3.2,"['Leaf Guard', 'Oblivious']",Sweet Veil
762,Steenee,Grass,,52,40,48,40,48,62,False,False,False,False,False,False,False,False,0.7,8.2,"['Leaf Guard', 'Oblivious']",Sweet Veil
763,Tsareena,Grass,,72,120,98,50,98,72,False,False,False,False,False,False,False,False,1.2,21.4,"['Leaf Guard', 'Queenly Majesty']",Sweet Veil
764,Comfey,Fairy,,51,52,90,82,110,100,False,False,False,False,False,False,False,False,0.1,0.3,"['Flower Veil', 'Triage']",Natural Cure
765,Oranguru,Normal,Psychic,90,60,80,90,110,60,False,False,False,False,False,False,False,False,1.5,76.0,"['Inner Focus', 'Telepathy']",Symbiosis
766,Passimian,Fighting,,100,120,90,40,60,80,False,False,False,False,False,False,False,False,2.0,82.8,['Receiver'],Defiant
767,Wimpod,Bug,Water,25,35,40,20,30,80,False,False,False,False,False,False,False,False,0.5,12.0,['Wimp Out'],
768,Golisopod,Bug,Water,75,125,140,60,90,40,False,False,False,False,False,False,False,True,2.0,108.0,['Emergency Exit'],
768,Mega Golisopod,Bug,Steel,75,150,175,70,120,40,True,False,False,False,False,False,True,True,2.3,148.0,['Tough Claws'],
769,Sandygast,Ghost,Ground,55,55,80,70,45,15,False,False,False,False,False,False,False,False,0.5,70.0,['Water Compaction'],Sand Veil
770,Palossand,Ghost,Ground,85,75,110,100,75,35,False,False,False,False,False,False,False,False,1.3,250.0,['Water Compaction'],Sand Veil
771,Pyukumuku,Water,,55,60,130,30,130,5,False,False,False,False,False,False,False,False,0.3,1.2,['Innards Out'],Unaware
772,Type: Null,Normal,,95,95,95,95,95,59,False,False,False,False,False,False,False,False,1.9,120.5,['Battle Armor'],
773,Silvally,Normal,,95,95,95,95,95,95,False,False,False,False,False,False,False,False,2.3,100.5,['RKS System'],
774,Minior Meteor Form,Rock,Flying,60,60,100,60,100,60,False,False,False,False,False,False,False,True,0.3,40.0,['Shields Down'],
774,Minior Core Form,Rock,Flying,60,100,60,100,60,120,False,False,False,False,False,False,True,True,0.3,0.3,['Shields Down'],
775,Komala,Normal,,65,115,65,75,95,65,False,False,False,False,False,False,False,False,0.4,19.9,['Comatose'],
776,Turtonator,Fire,Dragon,60,78,135,91,85,36,False,False,False,False,False,False,False,False,2.0,212.0,['Shell Armor'],
777,Togedemaru,Electric,Steel,65,98,63,40,73,96,False,False,False,False,False,False,False,False,0.3,3.3,"['Iron Barbs', 'Lightning Rod']",Sturdy
778,Mimikyu,Ghost,Fairy,55,90,80,50,105,96,False,False,False,False,False,False,False,False,0.2,0.7,['Disguise'],
779,Bruxish,Water,Psychic,68,105,70,70,70,92,False,False,False,False,False,False,False,False,0.9,19.0,"['Dazzling', 'Strong Jaw']",Wonder Skin
780,Drampa,Normal,Dragon,78,60,85,135,91,36,False,False,False,False,False,False,False,True,3.0,185.0,"['Berserk', 'Sap Sipper']",Cloud Nine
780,Mega Drampa,Normal,Dragon,78,85,110,160,116,36,True,False,False,False,False,False,True,True,3.0,240.5,['Berserk'],
781,Dhelmise,Ghost,Grass,70,131,100,86,90,40,False,False,False,False,False,False,False,False,3.9,210.0,['Steelworker'],
782,Jangmo-o,Dragon,,45,55,65,45,45,45,False,False,False,False,False,False,False,False,0.6,29.7,"['Bulletproof', 'Soundproof']",Overcoat
783,Hakamo-o,Dragon,Fighting,55,75,90,65,70,65,False,False,False,False,False,False,False,False,1.2,47.0,"['Bulletproof', 'Soundproof']",Overcoat
784,Kommo-o,Dragon,Fighting,75,110,125,100,105,85,False,False,False,False,False,False,False,False,1.6,78.2,"['Bulletproof', 'Soundproof']",Overcoat
785,Tapu Koko,Electric,Fairy,70,115,85,95,75,130,False,False,False,False,False,False,False,False,1.8,20.5,['Electric Surge'],Telepathy
786,Tapu Lele,Psychic,Fairy,70,85,75,130,115,95,False,False,False,False,False,False,False,False,1.2,18.6,['Psychic Surge'],Telepathy
787,Tapu Bulu,Grass,Fairy,70,130,115,85,95,75,False,False,False,False,False,False,False,False,1.9,45.5,['Grassy Surge'],Telepathy
788,Tapu Fini,Water,Fairy,70,75,115,95,130,85,False,False,False,False,False,False,False,False,1.3,21.2,['Misty Surge'],Telepathy
789,Cosmog,Psychic,,43,29,31,29,31,37,False,False,False,False,False,False,False,False,0.2,0.1,['Unaware'],
790,Cosmoem,Psychic,,43,29,131,29,131,37,False,False,False,False,False,False,False,False,0.1,999.9,['Sturdy'],
791,Solgaleo,Psychic,Steel,137,137,107,113,89,97,False,False,False,False,False,False,False,False,3.4,230.0,['Full Metal Body'],
792,Lunala,Psychic,Ghost,137,113,89,137,107,97,False,False,False,False,False,False,False,False,4.0,120.0,['Shadow Shield'],
793,Nihilego,Rock,Poison,109,53,47,127,131,103,False,False,False,False,False,False,False,False,1.2,55.5,['Beast Boost'],
794,Buzzwole,Bug,Fighting,107,139,139,53,53,79,False,False,False,False,False,False,False,False,2.4,333.6,['Beast Boost'],
795,Pheromosa,Bug,Fighting,71,137,37,137,37,151,False,False,False,False,False,False,False,False,1.8,25.0,['Beast Boost'],
796,Xurkitree,Electric,,83,89,71,173,71,83,False,False,False,False,False,False,False,False,3.8,100.0,['Beast Boost'],
797,Celesteela,Steel,Flying,97,101,103,107,101,61,False,False,False,False,False,False,False,False,9.2,999.9,['Beast Boost'],
798,Kartana,Grass,Steel,59,181,131,59,31,109,False,False,False,False,False,False,False,False,0.3,0.1,['Beast Boost'],
799,Guzzlord,Dark,Dragon,223,101,53,97,53,43,False,False,False,False,False,False,False,False,5.5,888.0,['Beast Boost'],
800,Necrozma,Psychic,,97,107,101,127,89,79,False,False,False,False,False,False,False,True,2.4,230.0,['Prism Armor'],
800,Necrozma Dusk Mane Necrozma,Psychic,Steel,97,157,127,113,109,77,False,False,False,False,False,False,True,True,2.4,230.0,['Prism Armor'],
800,Necrozma Dawn Wings Necrozma,Psychic,Ghost,97,113,109,157,127,77,False,False,False,False,False,False,True,True,2.4,230.0,['Prism Armor'],
800,Necrozma Ultra Necrozma,Psychic,Dragon,97,167,97,167,97,129,False,False,False,False,False,False,True,True,2.4,230.0,['Prism Armor'],
801,Magearna,Steel,Fairy,80,95,115,130,115,65,False,False,False,False,False,False,False,True,1.0,80.5,['Soul-Heart'],
801,Mega Magearna,Steel,Fairy,80,125,115,170,115,95,True,False,False,False,False,False,True,True,1.3,248.1,['Soul-Heart'],
802,Marshadow,Fighting,Ghost,90,125,80,90,90,125,False,False,False,False,False,False,False,False,0.7,22.2,['Technician'],
803,Poipole,Poison,,67,73,67,73,67,73,False,False,False,False,False,False,False,False,0.6,1.8,['Beast Boost'],
804,Naganadel,Poison,Dragon,73,73,73,127,73,121,False,False,False,False,False,False,False,False,3.6,150.0,['Beast Boost'],
805,Stakataka,Rock,Steel,61,131,211,53,101,13,False,False,False,False,False,False,False,False,5.5,820.0,['Beast Boost'],
806,Blacephalon,Fire,Ghost,53,127,53,151,79,107,False,False,False,False,False,False,False,False,1.8,13.0,['Beast Boost'],
807,Zeraora,Electric,,88,112,75,102,80,143,False,False,False,False,False,False,False,True,1.5,44.5,['Volt Absorb'],
807,Mega Zeraora,Electric,,88,157,75,147,80,153,True,False,False,False,False,False,True,True,1.5,44.5,['Volt Absorb'],
808,Meltan,Steel,,46,65,65,55,35,34,False,False,False,False,False,False,False,False,0.2,8.0,['Magnet Pull'],
809,Melmetal,Steel,,135,143,143,80,65,34,False,False,False,False,False,False,False,False,2.5,800.0,['Iron Fist'],
810,Grookey,Grass,,50,65,50,40,40,65,False,False,False,False,False,False,False,False,0.3,5.0,['Overgrow'],Grassy Surge
811,Thwackey,Grass,,70,85,70,55,60,80,False,False,False,False,False,False,False,False,0.7,14.0,['Overgrow'],Grassy Surge
812,Rillaboom,Grass,,100,125,90,60,70,85,False,False,False,False,False,False,False,False,2.1,90.0,['Overgrow'],Grassy Surge
813,Scorbunny,Fire,,50,71,40,40,40,69,False,False,False,False,False,False,False,False,0.3,4.5,['Blaze'],Libero
814,Raboot,Fire,,65,86,60,55,60,94,False,False,False,False,False,False,False,False,0.6,9.0,['Blaze'],Libero
815,Cinderace,Fire,,80,116,75,65,75,119,False,False,False,False,False,False,False,False,1.4,33.0,['Blaze'],Libero
816,Sobble,Water,,50,40,40,70,40,70,False,False,False,False,False,False,False,False,0.3,4.0,['Torrent'],Sniper
817,Drizzile,Water,,65,60,55,95,55,90,False,False,False,False,False,False,False,False,0.7,11.5,['Torrent'],Sniper
818,Inteleon,Water,,70,85,65,125,65,120,False,False,False,False,False,False,False,False,1.9,45.2,['Torrent'],Sniper
819,Skwovet,Normal,,70,55,55,35,35,25,False,False,False,False,False,False,False,False,0.3,2.5,['Cheek Pouch'],Gluttony
820,Greedent,Normal,,120,95,95,55,75,20,False,False,False,False,False,False,False,False,0.6,6.0,['Cheek Pouch'],Gluttony
821,Rookidee,Flying,,38,47,35,33,35,57,False,False,False,False,False,False,False,False,0.2,1.8,"['Keen Eye', 'Unnerve']",Big Pecks
822,Corvisquire,Flying,,68,67,55,43,55,77,False,False,False,False,False,False,False,False,0.8,16.0,"['Keen Eye', 'Unnerve']",Big Pecks
823,Corviknight,Flying,Steel,98,87,105,53,85,67,False,False,False,False,False,False,False,False,2.2,75.0,"['Pressure', 'Unnerve']",Mirror Armor
824,Blipbug,Bug,,25,20,20,25,45,45,False,False,False,False,False,False,False,False,0.4,8.0,"['Swarm', 'Compound Eyes']",Telepathy
825,Dottler,Bug,Psychic,50,35,80,50,90,30,False,False,False,False,False,False,False,False,0.4,19.5,"['Swarm', 'Compound Eyes']",Telepathy
826,Orbeetle,Bug,Psychic,60,45,110,80,120,90,False,False,False,False,False,False,False,False,0.4,40.8,"['Swarm', 'Frisk']",Telepathy
827,Nickit,Dark,,40,28,28,47,52,50,False,False,False,False,False,False,False,False,0.6,8.9,"['Run Away', 'Unburden']",Stakeout
828,Thievul,Dark,,70,58,58,87,92,90,False,False,False,False,False,False,False,False,1.2,19.9,"['Run Away', 'Unburden']",Stakeout
829,Gossifleur,Grass,,40,40,60,40,60,10,False,False,False,False,False,False,False,False,0.4,2.2,"['Cotton Down', 'Regenerator']",Effect Spore
830,Eldegoss,Grass,,60,50,90,80,120,60,False,False,False,False,False,False,False,False,0.5,2.5,"['Cotton Down', 'Regenerator']",Effect Spore
831,Wooloo,Normal,,42,40,55,40,45,48,False,False,False,False,False,False,False,False,0.6,6.0,"['Fluffy', 'Run Away']",Bulletproof
832,Dubwool,Normal,,72,80,100,60,90,88,False,False,False,False,False,False,False,False,1.3,43.0,"['Fluffy', 'Steadfast']",Bulletproof
833,Chewtle,Water,,50,64,50,38,38,44,False,False,False,False,False,False,False,False,0.3,8.5,"['Strong Jaw', 'Shell Armor']",Swift Swim
834,Drednaw,Water,Rock,90,115,90,48,68,74,False,False,False,False,False,False,False,False,1.0,115.5,"['Strong Jaw', 'Shell Armor']",Swift Swim
835,Yamper,Electric,,59,45,50,40,50,26,False,False,False,False,False,False,False,False,0.3,13.5,['Ball Fetch'],Rattled
836,Boltund,Electric,,69,90,60,90,60,121,False,False,False,False,False,False,False,False,1.0,34.0,['Strong Jaw'],Competitive
837,Rolycoly,Rock,,30,40,50,40,50,30,False,False,False,False,False,False,False,False,0.3,12.0,"['Steam Engine', 'Heatproof']",Flash Fire
838,Carkol,Rock,Fire,80,60,90,60,70,50,False,False,False,False,False,False,False,False,1.1,78.0,"['Steam Engine', 'Flame Body']",Flash Fire
839,Coalossal,Rock,Fire,110,80,120,80,90,30,False,False,False,False,False,False,False,False,2.8,310.5,"['Steam Engine', 'Flame Body']",Flash Fire
840,Applin,Grass,Dragon,40,40,80,40,40,20,False,False,False,False,False,False,False,False,0.2,0.5,"['Ripen', 'Gluttony']",Bulletproof
841,Flapple,Grass,Dragon,70,110,80,95,60,70,False,False,False,False,False,False,False,False,0.3,1.0,"['Ripen', 'Gluttony']",Hustle
842,Appletun,Grass,Dragon,110,85,80,100,80,30,False,False,False,False,False,False,False,False,0.4,13.0,"['Ripen', 'Gluttony']",Thick Fat
843,Silicobra,Ground,,52,57,75,35,50,46,False,False,False,False,False,False,False,False,2.2,7.6,"['Sand Spit', 'Shed Skin']",Sand Veil
844,Sandaconda,Ground,,72,107,125,65,70,71,False,False,False,False,False,False,False,False,3.8,65.5,"['Sand Spit', 'Shed Skin']",Sand Veil
845,Cramorant,Flying,Water,70,85,55,85,95,85,False,False,False,False,False,False,False,False,0.8,18.0,['Gulp Missile'],
846,Arrokuda,Water,,41,63,40,40,30,66,False,False,False,False,False,False,False,False,0.5,1.0,['Swift Swim'],Propeller Tail
847,Barraskewda,Water,,61,123,60,60,50,136,False,False,False,False,False,False,False,False,1.3,30.0,['Swift Swim'],Propeller Tail
848,Toxel,Electric,Poison,40,38,35,54,35,40,False,False,False,False,False,False,False,False,0.4,11.0,"['Rattled', 'Static']",Klutz
849,Toxtricity Amped Form,Electric,Poison,75,98,70,114,70,75,False,False,False,False,False,False,False,True,1.6,40.0,"['Punk Rock', 'Plus']",Technician
849,Toxtricity Low Key Form,Electric,Poison,75,98,70,114,70,75,False,False,False,False,False,False,True,True,1.6,40.0,"['Punk Rock', 'Minus']",Technician
850,Sizzlipede,Fire,Bug,50,65,45,50,50,45,False,False,False,False,False,False,False,False,0.7,1.0,"['Flash Fire', 'White Smoke']",Flame Body
851,Centiskorch,Fire,Bug,100,115,65,90,90,65,False,False,False,False,False,False,False,False,3.0,120.0,"['Flash Fire', 'White Smoke']",Flame Body
852,Clobbopus,Fighting,,50,68,60,50,50,32,False,False,False,False,False,False,False,False,0.6,4.0,['Limber'],Technician
853,Grapploct,Fighting,,80,118,90,70,80,42,False,False,False,False,False,False,False,False,1.6,39.0,['Limber'],Technician
854,Sinistea,Ghost,,40,45,45,74,54,50,False,False,False,False,False,False,False,False,0.1,0.2,['Weak Armor'],Cursed Body
855,Polteageist,Ghost,,60,65,65,134,114,70,False,False,False,False,False,False,False,False,0.2,0.4,['Weak Armor'],Cursed Body
856,Hatenna,Psychic,,42,30,45,56,53,39,False,False,False,False,False,False,False,False,0.4,3.4,"['Healer', 'Anticipation']",Magic Bounce
857,Hattrem,Psychic,,57,40,65,86,73,49,False,False,False,False,False,False,False,False,0.6,4.8,"['Healer', 'Anticipation']",Magic Bounce
858,Hatterene,Psychic,Fairy,57,90,95,136,103,29,False,False,False,False,False,False,False,False,2.1,5.1,"['Healer', 'Anticipation']",Magic Bounce
859,Impidimp,Dark,Fairy,45,45,30,55,40,50,False,False,False,False,False,False,False,False,0.4,5.5,"['Prankster', 'Frisk']",Pickpocket
860,Morgrem,Dark,Fairy,65,60,45,75,55,70,False,False,False,False,False,False,False,False,0.8,12.5,"['Prankster', 'Frisk']",Pickpocket
861,Grimmsnarl,Dark,Fairy,95,120,65,95,75,60,False,False,False,False,False,False,False,False,1.5,61.0,"['Prankster', 'Frisk']",Pickpocket
862,Obstagoon,Dark,Normal,93,90,101,60,81,95,False,False,False,False,False,False,False,False,1.6,46.0,"['Reckless', 'Guts']",Defiant
863,Perrserker,Steel,,70,110,100,50,60,50,False,False,False,False,False,False,False,False,0.8,28.0,"['Battle Armor', 'Tough Claws']",Steely Spirit
864,Cursola,Ghost,,60,95,50,145,130,30,False,False,False,False,False,False,False,False,1.0,0.4,['Weak Armor'],Perish Body
865,Sirfetch'd,Fighting,,62,135,95,68,82,65,False,False,False,False,False,False,False,False,0.8,117.0,['Steadfast'],Scrappy
866,Mr. Rime,Ice,Psychic,80,85,75,110,100,70,False,False,False,False,False,False,False,False,1.5,58.2,"['Tangled Feet', 'Screen Cleaner']",Ice Body
867,Runerigus,Ground,Ghost,58,95,145,50,105,30,False,False,False,False,False,False,False,False,1.6,66.6,['Wandering Spirit'],
868,Milcery,Fairy,,45,40,40,50,61,34,False,False,False,False,False,False,False,False,0.2,0.3,['Sweet Veil'],Aroma Veil
869,Alcremie,Fairy,,65,60,75,110,121,64,False,False,False,False,False,False,False,False,0.3,0.5,['Sweet Veil'],Aroma Veil
870,Falinks,Fighting,,65,100,100,70,60,75,False,False,False,False,False,False,False,True,3.0,62.0,['Battle Armor'],Defiant
870,Mega Falinks,Fighting,,65,135,135,70,65,100,True,False,False,False,False,False,True,True,1.6,99.0,['Defiant'],
871,Pincurchin,Electric,,48,101,95,91,85,15,False,False,False,False,False,False,False,False,0.3,1.0,['Lightning Rod'],Electric Surge
872,Snom,Ice,Bug,30,25,35,45,30,20,False,False,False,False,False,False,False,False,0.3,3.8,['Shield Dust'],Ice Scales
873,Frosmoth,Ice,Bug,70,65,60,125,90,65,False,False,False,False,False,False,False,False,1.3,42.0,['Shield Dust'],Ice Scales
874,Stonjourner,Rock,,100,125,135,20,20,70,False,False,False,False,False,False,False,False,2.5,520.0,['Power Spot'],
875,Eiscue Ice Face,Ice,,75,80,110,65,90,50,False,False,False,False,False,False,False,True,1.4,89.0,['Ice Face'],
875,Eiscue Noice Face,Ice,,75,80,70,65,50,130,False,False,False,False,False,False,True,True,1.4,89.0,['Ice Face'],
876,Indeedee Male,Psychic,Normal,60,65,55,105,95,95,False,False,False,False,False,False,False,True,0.9,28.0,"['Inner Focus', 'Synchronize']",Psychic Surge
876,Indeedee Female,Psychic,Normal,70,55,65,95,105,85,False,False,False,False,False,False,True,True,0.9,28.0,"['Own Tempo', 'Synchronize']",Psychic Surge
877,Morpeko Full Belly Mode,Electric,Dark,58,95,58,70,58,97,False,False,False,False,False,False,False,True,0.3,3.0,['Hunger Switch'],
877,Morpeko Hangry Mode,Electric,Dark,58,95,58,70,58,97,False,False,False,False,False,False,True,True,0.3,3.0,['Hunger Switch'],
878,Cufant,Steel,,72,80,49,40,49,40,False,False,False,False,False,False,False,False,1.2,100.0,['Sheer Force'],Heavy Metal
879,Copperajah,Steel,,122,130,69,80,69,30,False,False,False,False,False,False,False,False,3.0,650.0,['Sheer Force'],Heavy Metal
880,Dracozolt,Electric,Dragon,90,100,90,80,70,75,False,False,False,False,False,False,False,False,1.8,190.0,"['Volt Absorb', 'Hustle']",Sand Rush
881,Arctozolt,Electric,Ice,90,100,90,90,80,55,False,False,False,False,False,False,False,False,2.3,150.0,"['Volt Absorb', 'Static']",Slush Rush
882,Dracovish,Water,Dragon,90,90,100,70,80,75,False,False,False,False,False,False,False,False,2.3,215.0,"['Water Absorb', 'Strong Jaw']",Sand Rush
883,Arctovish,Water,Ice,90,90,100,80,90,55,False,False,False,False,False,False,False,False,2.0,175.0,"['Water Absorb', 'Ice Body']",Slush Rush
884,Duraludon,Steel,Dragon,70,95,115,120,50,85,False,False,False,False,False,False,False,False,1.8,40.0,"['Light Metal', 'Heavy Metal']",Stalwart
885,Dreepy,Dragon,Ghost,28,60,30,40,30,82,False,False,False,False,False,False,False,False,0.5,2.0,"['Clear Body', 'Infiltrator']",Cursed Body
886,Drakloak,Dragon,Ghost,68,80,50,60,50,102,False,False,False,False,False,False,False,False,1.4,11.0,"['Clear Body', 'Infiltrator']",Cursed Body
887,Dragapult,Dragon,Ghost,88,120,75,100,75,142,False,False,False,False,False,False,False,False,3.0,50.0,"['Clear Body', 'Infiltrator']",Cursed Body
888,Zacian Hero of Many Battles,Fairy,,92,120,115,80,115,138,False,False,False,False,False,False,False,True,2.8,110.0,['Intrepid Sword'],
888,Zacian Crowned Sword,Fairy,Steel,92,150,115,80,115,148,False,False,False,False,False,False,True,True,2.8,355.0,['Intrepid Sword'],
889,Zamazenta Hero of Many Battles,Fighting,,92,120,115,80,115,138,False,False,False,False,False,False,False,True,2.9,210.0,['Dauntless Shield'],
889,Zamazenta Crowned Shield,Fighting,Steel,92,120,140,80,140,128,False,False,False,False,False,False,True,True,2.9,785.0,['Dauntless Shield'],
890,Eternatus,Poison,Dragon,140,85,95,145,95,130,False,False,False,False,False,False,False,True,20.0,950.0,['Pressure'],
890,Eternatus Eternamax,Poison,Dragon,255,115,250,125,250,130,False,False,False,False,False,False,True,True,20.0,950.0,['Pressure'],
891,Kubfu,Fighting,,60,90,60,53,50,72,False,False,False,False,False,False,False,False,0.6,12.0,['Inner Focus'],
892,Urshifu Single Strike Style,Fighting,Dark,100,130,100,63,60,97,False,False,False,False,False,False,False,True,1.9,105.0,['Unseen Fist'],
892,Urshifu Rapid Strike Style,Fighting,Water,100,130,100,63,60,97,False,False,False,False,False,False,True,True,1.9,105.0,['Unseen Fist'],
893,Zarude,Dark,Grass,105,120,105,70,95,105,False,False,False,False,False,False,False,False,1.8,70.0,['Leaf Guard'],
894,Regieleki,Electric,,80,100,50,100,50,200,False,False,False,False,False,False,False,False,1.2,145.0,['Transistor'],
895,Regidrago,Dragon,,200,100,50,100,50,80,False,False,False,False,False,False,False,False,2.1,200.0,"[""Dragon's Maw""]",
896,Glastrier,Ice,,100,145,130,65,110,30,False,False,False,False,False,False,False,False,2.2,800.0,['Chilling Neigh'],
897,Spectrier,Ghost,,100,65,60,145,80,130,False,False,False,False,False,False,False,False,2.0,44.5,['Grim Neigh'],
898,Calyrex,Psychic,Grass,100,80,80,80,80,80,False,False,False,False,False,False,False,True,1.1,7.7,['Unnerve'],
898,Calyrex Ice Rider,Psychic,Ice,100,165,150,85,130,50,False,False,False,False,False,False,True,True,1.1,7.7,['Unnerve'],
898,Calyrex Shadow Rider,Psychic,Ghost,100,85,80,165,100,150,False,False,False,False,False,False,True,True,1.1,7.7,['Unnerve'],
899,Wyrdeer,Normal,Psychic,103,105,72,105,75,65,False,False,False,False,False,False,False,False,1.8,95.1,"['Intimidate', 'Frisk']",Sap Sipper
900,Kleavor,Bug,Rock,70,135,95,45,70,85,False,False,False,False,False,False,False,False,1.8,89.0,"['Swarm', 'Sheer Force']",Sharpness
901,Ursaluna,Ground,Normal,130,140,105,45,80,50,False,False,False,False,False,False,False,True,2.4,290.0,"['Guts', 'Bulletproof']",Unnerve
901,Ursaluna Bloodmoon,Ground,Normal,113,70,120,135,65,52,False,False,False,False,False,False,True,True,2.4,290.0,"['Guts', 'Bulletproof']",Unnerve
902,Basculegion Male,Water,Ghost,120,112,65,80,75,78,False,False,False,False,False,False,False,True,3.0,110.0,"['Swift Swim', 'Adaptability']",Mold Breaker
902,Basculegion Female,Water,Ghost,120,92,65,100,75,78,False,False,False,False,False,False,True,True,3.0,110.0,"['Swift Swim', 'Adaptability']",Mold Breaker
903,Sneasler,Fighting,Poison,80,130,60,40,80,120,False,False,False,False,False,False,False,False,1.3,43.0,"['Pressure', 'Unburden']",Poison Touch
904,Overqwil,Dark,Poison,85,115,95,65,65,85,False,False,False,False,False,False,False,False,2.5,60.5,"['Poison Point', 'Swift Swim']",Intimidate
905,Enamorus Incarnate Forme,Fairy,Flying,74,115,70,135,80,106,False,False,False,False,False,False,False,True,1.6,48.0,['Cute Charm'],Contrary
905,Enamorus Therian Forme,Fairy,Flying,74,115,110,135,100,46,False,False,False,False,False,False,True,True,1.6,48.0,['Overcoat'],
906,Sprigatito,Grass,,40,61,54,45,45,65,False,False,False,False,False,False,False,False,0.4,4.1,['Overgrow'],Protean
907,Floragato,Grass,,61,80,63,60,63,83,False,False,False,False,False,False,False,False,0.9,12.2,['Overgrow'],Protean
908,Meowscarada,Grass,Dark,76,110,70,81,70,123,False,False,False,False,False,False,False,False,1.5,31.2,['Overgrow'],Protean
909,Fuecoco,Fire,,67,45,59,63,40,36,False,False,False,False,False,False,False,False,0.4,9.8,['Blaze'],Unaware
910,Crocalor,Fire,,81,55,78,90,58,49,False,False,False,False,False,False,False,False,1.0,30.7,['Blaze'],Unaware
911,Skeledirge,Fire,Ghost,104,75,100,110,75,66,False,False,False,False,False,False,False,False,1.6,326.5,['Blaze'],Unaware
912,Quaxly,Water,,55,65,45,50,45,50,False,False,False,False,False,False,False,False,0.5,6.1,['Torrent'],Moxie
913,Quaxwell,Water,,70,85,65,65,60,65,False,False,False,False,False,False,False,False,1.2,21.5,['Torrent'],Moxie
914,Quaquaval,Water,Fighting,85,120,80,85,75,85,False,False,False,False,False,False,False,False,1.8,61.9,['Torrent'],Moxie
915,Lechonk,Normal,,54,45,40,35,45,35,False,False,False,False,False,False,False,False,0.5,10.2,"['Aroma Veil', 'Gluttony']",Thick Fat
916,Oinkologne Male,Normal,,110,100,75,59,80,65,False,False,False,False,False,False,False,True,1.0,120.0,"['Lingering Aroma', 'Gluttony']",Thick Fat
916,Oinkologne Female,Normal,,115,90,70,59,90,65,False,False,False,False,False,False,True,True,1.0,120.0,"['Aroma Veil', 'Gluttony']",Thick Fat
917,Tarountula,Bug,,35,41,45,29,40,20,False,False,False,False,False,False,False,False,0.3,4.0,['Insomnia'],Stakeout
918,Spidops,Bug,,60,79,92,52,86,35,False,False,False,False,False,False,False,False,1.0,16.5,['Insomnia'],Stakeout
919,Nymble,Bug,,33,46,40,21,25,45,False,False,False,False,False,False,False,False,0.2,1.0,['Swarm'],Tinted Lens
920,Lokix,Bug,Dark,71,102,78,52,55,92,False,False,False,False,False,False,False,False,1.0,17.5,['Swarm'],Tinted Lens
921,Pawmi,Electric,,45,50,20,40,25,60,False,False,False,False,False,False,False,False,0.3,2.5,"['Static', 'Natural Cure']",Iron Fist
922,Pawmo,Electric,Fighting,60,75,40,50,40,85,False,False,False,False,False,False,False,False,0.4,6.5,"['Volt Absorb', 'Natural Cure']",Iron Fist
923,Pawmot,Electric,Fighting,70,115,70,70,60,105,False,False,False,False,False,False,False,False,0.9,41.0,"['Volt Absorb', 'Natural Cure']",Iron Fist
924,Tandemaus,Normal,,50,50,45,40,45,75,False,False,False,False,False,False,False,False,0.3,1.8,"['Run Away', 'Pickup']",Own Tempo
925,Maushold Family of Four,Normal,,74,75,70,65,75,111,False,False,False,False,False,False,False,True,0.3,2.8,"['Friend Guard', 'Cheek Pouch']",Technician
925,Maushold Family of Three,Normal,,74,75,70,65,75,111,False,False,False,False,False,False,True,True,0.3,2.3,"['Friend Guard', 'Cheek Pouch']",Technician
926,Fidough,Fairy,,37,55,70,30,55,65,False,False,False,False,False,False,False,False,0.3,10.9,['Own Tempo'],Klutz
927,Dachsbun,Fairy,,57,80,115,50,80,95,False,False,False,False,False,False,False,False,0.5,14.9,['Well-Baked Body'],Aroma Veil
928,Smoliv,Grass,Normal,41,35,45,58,51,30,False,False,False,False,False,False,False,False,0.3,6.5,['Early Bird'],Harvest
929,Dolliv,Grass,Normal,52,53,60,78,78,33,False,False,False,False,False,False,False,False,0.6,11.9,['Early Bird'],Harvest
930,Arboliva,Grass,Normal,78,69,90,125,109,39,False,False,False,False,False,False,False,False,1.4,48.2,['Seed Sower'],Harvest
931,Squawkabilly Green Plumage,Normal,Flying,82,96,51,45,51,92,False,False,False,False,False,False,False,True,0.6,2.4,"['Intimidate', 'Hustle']",Guts
931,Squawkabilly Blue Plumage,Normal,Flying,82,96,51,45,51,92,False,False,False,False,False,False,True,True,0.6,2.4,"['Intimidate', 'Hustle']",Guts
931,Squawkabilly Yellow Plumage,Normal,Flying,82,96,51,45,51,92,False,False,False,False,False,False,True,True,0.6,2.4,"['Intimidate', 'Hustle']",Sheer Force
931,Squawkabilly White Plumage,Normal,Flying,82,96,51,45,51,92,False,False,False,False,False,False,True,True,0.6,2.4,"['Intimidate', 'Hustle']",Sheer Force
932,Nacli,Rock,,55,55,75,35,35,25,False,False,False,False,False,False,False,False,0.4,16.0,"['Purifying Salt', 'Sturdy']",Clear Body
933,Naclstack,Rock,,60,60,100,35,65,35,False,False,False,False,False,False,False,False,0.6,105.0,"['Purifying Salt', 'Sturdy']",Clear Body
934,Garganacl,Rock,,100,100,130,45,90,35,False,False,False,False,False,False,False,False,2.3,240.0,"['Purifying Salt', 'Sturdy']",Clear Body
935,Charcadet,Fire,,40,50,40,50,40,35,False,False,False,False,False,False,False,False,0.6,10.5,['Flash Fire'],Flame Body
936,Armarouge,Fire,Psychic,85,60,100,125,80,75,False,False,False,False,False,False,False,False,1.5,85.0,['Flash Fire'],Weak Armor
937,Ceruledge,Fire,Ghost,75,125,80,60,100,85,False,False,False,False,False,False,False,False,1.6,62.0,['Flash Fire'],Weak Armor
938,Tadbulb,Electric,,61,31,41,59,35,45,False,False,False,False,False,False,False,False,0.3,0.4,"['Own Tempo', 'Static']",Damp
939,Bellibolt,Electric,,109,64,91,103,83,45,False,False,False,False,False,False,False,False,1.2,113.0,"['Electromorphosis', 'Static']",Damp
940,Wattrel,Electric,Flying,40,40,35,55,40,70,False,False,False,False,False,False,False,False,0.4,3.6,"['Wind Power', 'Volt Absorb']",Competitive
941,Kilowattrel,Electric,Flying,70,70,60,105,60,125,False,False,False,False,False,False,False,False,1.4,38.6,"['Wind Power', 'Volt Absorb']",Competitive
942,Maschiff,Dark,,60,78,60,40,51,51,False,False,False,False,False,False,False,False,0.5,16.0,"['Intimidate', 'Run Away']",Stakeout
943,Mabosstiff,Dark,,80,120,90,60,70,85,False,False,False,False,False,False,False,False,1.1,61.0,"['Intimidate', 'Guard Dog']",Stakeout
944,Shroodle,Poison,Normal,40,65,35,40,35,75,False,False,False,False,False,False,False,False,0.2,0.7,"['Unburden', 'Pickpocket']",Prankster
945,Grafaiai,Poison,Normal,63,95,65,80,72,110,False,False,False,False,False,False,False,False,0.7,27.2,"['Unburden', 'Poison Touch']",Prankster
946,Bramblin,Grass,Ghost,40,65,30,45,35,60,False,False,False,False,False,False,False,False,0.6,0.6,['Wind Rider'],Infiltrator
947,Brambleghast,Grass,Ghost,55,115,70,80,70,90,False,False,False,False,False,False,False,False,1.2,6.0,['Wind Rider'],Infiltrator
948,Toedscool,Ground,Grass,40,40,35,50,100,70,False,False,False,False,False,False,False,False,0.9,33.0,['Mycelium Might'],
949,Toedscruel,Ground,Grass,80,70,65,80,120,100,False,False,False,False,False,False,False,False,1.9,58.0,['Mycelium Might'],
950,Klawf,Rock,,70,100,115,35,55,75,False,False,False,False,False,False,False,False,1.3,79.0,"['Anger Shell', 'Shell Armor']",Regenerator
951,Capsakid,Grass,,50,62,40,62,40,50,False,False,False,False,False,False,False,False,0.3,3.0,"['Chlorophyll', 'Insomnia']",Klutz
952,Scovillain,Grass,Fire,65,108,65,108,65,75,False,False,False,False,False,False,False,True,0.9,15.0,"['Chlorophyll', 'Insomnia']",Moody
952,Mega Scovillain,Grass,Fire,65,138,85,138,85,75,True,False,False,False,False,False,True,True,1.2,22.0,['Spicy Spray'],
953,Rellor,Bug,,41,50,60,31,58,30,False,False,False,False,False,False,False,False,0.2,1.0,['Compound Eyes'],Shed Skin
954,Rabsca,Bug,Psychic,75,50,85,115,100,45,False,False,False,False,False,False,False,False,0.3,3.5,['Synchronize'],Telepathy
955,Flittle,Psychic,,30,35,30,55,30,75,False,False,False,False,False,False,False,False,0.2,1.5,"['Anticipation', 'Frisk']",Speed Boost
956,Espathra,Psychic,,95,60,60,101,60,105,False,False,False,False,False,False,False,False,1.9,90.0,"['Opportunist', 'Frisk']",Speed Boost
957,Tinkatink,Fairy,Steel,50,45,45,35,64,58,False,False,False,False,False,False,False,False,0.4,8.9,"['Mold Breaker', 'Own Tempo']",Pickpocket
958,Tinkatuff,Fairy,Steel,65,55,55,45,82,78,False,False,False,False,False,False,False,False,0.7,59.1,"['Mold Breaker', 'Own Tempo']",Pickpocket
959,Tinkaton,Fairy,Steel,85,75,77,70,105,94,False,False,False,False,False,False,False,False,0.7,112.8,"['Mold Breaker', 'Own Tempo']",Pickpocket
960,Wiglett,Water,,10,55,25,35,25,95,False,False,False,False,False,False,False,False,1.2,1.8,"['Gooey', 'Rattled']",Sand Veil
961,Wugtrio,Water,,35,100,50,50,70,120,False,False,False,False,False,False,False,False,1.2,5.4,"['Gooey', 'Rattled']",Sand Veil
962,Bombirdier,Flying,Dark,70,103,85,60,85,82,False,False,False,False,False,False,False,False,1.5,42.9,"['Big Pecks', 'Keen Eye']",Rocky Payload
963,Finizen,Water,,70,45,40,45,40,75,False,False,False,False,False,False,False,False,1.3,60.2,['Water Veil'],
964,Palafin Zero Form,Water,,100,70,72,53,62,100,False,False,False,False,False,False,False,True,1.3,60.2,['Zero to Hero'],
964,Palafin Hero Form,Water,,100,160,97,106,87,100,False,False,False,False,False,False,True,True,1.8,97.4,['Zero to Hero'],
965,Varoom,Steel,Poison,45,70,63,30,45,47,False,False,False,False,False,False,False,False,1.0,35.0,['Overcoat'],Slow Start
966,Revavroom,Steel,Poison,80,119,90,54,67,90,False,False,False,False,False,False,False,False,1.8,120.0,['Overcoat'],Filter
967,Cyclizar,Dragon,Normal,70,95,65,85,65,121,False,False,False,False,False,False,False,False,1.6,63.0,['Shed Skin'],Regenerator
968,Orthworm,Steel,,70,85,145,60,55,65,False,False,False,False,False,False,False,False,2.5,310.0,['Earth Eater'],Sand Veil
969,Glimmet,Rock,Poison,48,35,42,105,60,60,False,False,False,False,False,False,False,False,0.7,8.0,['Toxic Debris'],Corrosion
970,Glimmora,Rock,Poison,83,55,90,130,81,86,False,False,False,False,False,False,False,True,1.5,45.0,['Toxic Debris'],Corrosion
970,Mega Glimmora,Rock,Poison,83,90,105,150,96,101,True,False,False,False,False,False,True,True,2.8,77.0,['Adaptability'],
971,Greavard,Ghost,,50,61,60,30,55,34,False,False,False,False,False,False,False,False,0.6,35.0,['Pickup'],Fluffy
972,Houndstone,Ghost,,72,101,100,50,97,68,False,False,False,False,False,False,False,False,2.0,15.0,['Sand Rush'],Fluffy
973,Flamigo,Flying,Fighting,82,115,74,75,64,90,False,False,False,False,False,False,False,False,1.6,37.0,"['Scrappy', 'Tangled Feet']",Costar
974,Cetoddle,Ice,,108,68,45,30,40,43,False,False,False,False,False,False,False,False,1.2,45.0,"['Thick Fat', 'Snow Cloak']",Sheer Force
975,Cetitan,Ice,,170,113,65,45,55,73,False,False,False,False,False,False,False,False,4.5,700.0,"['Thick Fat', 'Slush Rush']",Sheer Force
976,Veluza,Water,Psychic,90,102,73,78,65,70,False,False,False,False,False,False,False,False,2.5,90.0,['Mold Breaker'],Sharpness
977,Dondozo,Water,,150,100,115,65,65,35,False,False,False,False,False,False,False,False,12.0,220.0,"['Unaware', 'Oblivious']",Water Veil
978,Tatsugiri Curly Form,Dragon,Water,68,50,60,120,95,82,False,False,False,False,False,False,False,True,0.3,8.0,['Commander'],Storm Drain
978,Tatsugiri Droopy Form,Dragon,Water,68,50,60,120,95,82,False,False,False,False,False,False,True,True,0.3,8.0,['Commander'],Storm Drain
978,Tatsugiri Stretchy Form,Dragon,Water,68,50,60,120,95,82,False,False,False,False,False,False,True,True,0.3,8.0,['Commander'],Storm Drain
978,Mega Tatsugiri,Dragon,Water,68,65,90,135,125,92,True,False,False,False,False,False,True,True,0.6,24.0,['Commander'],Storm Drain
979,Annihilape,Fighting,Ghost,110,115,80,50,90,90,False,False,False,False,False,False,False,False,1.2,56.0,"['Vital Spirit', 'Inner Focus']",Defiant
980,Clodsire,Poison,Ground,130,75,60,45,100,20,False,False,False,False,False,False,False,False,1.8,223.0,"['Poison Point', 'Water Absorb']",Unaware
981,Farigiraf,Normal,Psychic,120,90,70,110,70,60,False,False,False,False,False,False,False,False,3.2,160.0,"['Cud Chew', 'Armor Tail']",Sap Sipper
982,Dudunsparce Two-Segment Form,Normal,,125,100,80,85,75,55,False,False,False,False,False,False,False,True,3.6,39.2,"['Serene Grace', 'Run Away']",Rattled
982,Dudunsparce Three-Segment Form,Normal,,125,100,80,85,75,55,False,False,False,False,False,False,True,True,4.5,47.4,"['Serene Grace', 'Run Away']",Rattled
983,Kingambit,Dark,Steel,100,135,120,60,85,50,False,False,False,False,False,False,False,False,2.0,120.0,"['Defiant', 'Supreme Overlord']",Pressure
984,Great Tusk,Ground,Fighting,115,131,131,53,53,87,False,False,False,False,False,False,False,False,2.2,320.0,['Protosynthesis'],
985,Scream Tail,Fairy,Psychic,115,65,99,65,115,111,False,False,False,False,False,False,False,False,1.2,8.0,['Protosynthesis'],
986,Brute Bonnet,Grass,Dark,111,127,99,79,99,55,False,False,False,False,False,False,False,False,1.2,21.0,['Protosynthesis'],
987,Flutter Mane,Ghost,Fairy,55,55,55,135,135,135,False,False,False,False,False,False,False,False,1.4,4.0,['Protosynthesis'],
988,Slither Wing,Bug,Fighting,85,135,79,85,105,81,False,False,False,False,False,False,False,False,3.2,92.0,['Protosynthesis'],
989,Sandy Shocks,Electric,Ground,85,81,97,121,85,101,False,False,False,False,False,False,False,False,2.3,60.0,['Protosynthesis'],
990,Iron Treads,Ground,Steel,90,112,120,72,70,106,False,False,False,False,False,False,False,False,0.9,240.0,['Quark Drive'],
991,Iron Bundle,Ice,Water,56,80,114,124,60,136,False,False,False,False,False,False,False,False,0.6,11.0,['Quark Drive'],
992,Iron Hands,Fighting,Electric,154,140,108,50,68,50,False,False,False,False,False,False,False,False,1.8,380.7,['Quark Drive'],
993,Iron Jugulis,Dark,Flying,94,80,86,122,80,108,False,False,False,False,False,False,False,False,1.3,111.0,['Quark Drive'],
994,Iron Moth,Fire,Poison,80,70,60,140,110,110,False,False,False,False,False,False,False,False,1.2,36.0,['Quark Drive'],
995,Iron Thorns,Rock,Electric,100,134,110,70,84,72,False,False,False,False,False,False,False,False,1.6,303.0,['Quark Drive'],
996,Frigibax,Dragon,Ice,65,75,45,35,45,55,False,False,False,False,False,False,False,False,0.5,17.0,['Thermal Exchange'],Ice Body
997,Arctibax,Dragon,Ice,90,95,66,45,65,62,False,False,False,False,False,False,False,False,0.8,30.0,['Thermal Exchange'],Ice Body
998,Baxcalibur,Dragon,Ice,115,145,92,75,86,87,False,False,False,False,False,False,False,True,2.1,210.0,['Thermal Exchange'],Ice Body
998,Mega Baxcalibur,Dragon,Ice,115,175,117,105,101,87,True,False,False,False,False,False,True,True,2.1,315.0,['Thermal Exchange'],
999,Gimmighoul Chest Form,Ghost,,45,30,70,75,70,10,False,False,False,False,False,False,False,True,0.3,5.0,['Rattled'],
999,Gimmighoul Roaming Form,Ghost,,45,30,25,75,45,80,False,False,False,False,False,False,True,True,0.1,0.1,['Run Away'],
1000,Gholdengo,Steel,Ghost,87,60,95,133,91,84,False,False,False,False,False,False,False,False,1.2,30.0,['Good as Gold'],
1001,Wo-Chien,Dark,Grass,85,85,100,95,135,70,False,False,False,False,False,False,False,False,1.5,74.2,['Tablets of Ruin'],
1002,Chien-Pao,Dark,Ice,80,120,80,90,65,135,False,False,False,False,False,False,False,False,1.9,152.2,['Sword of Ruin'],
1003,Ting-Lu,Dark,Ground,155,110,125,55,80,45,False,False,False,False,False,False,False,False,2.7,699.7,['Vessel of Ruin'],
1004,Chi-Yu,Dark,Fire,55,80,80,135,120,100,False,False,False,False,False,False,False,False,0.4,4.9,['Beads of Ruin'],
1005,Roaring Moon,Dragon,Dark,105,139,71,55,101,119,False,False,False,False,False,False,False,False,2.0,380.0,['Protosynthesis'],
1006,Iron Valiant,Fairy,Fighting,74,130,90,120,60,116,False,False,False,False,False,False,False,False,1.4,35.0,['Quark Drive'],
1007,Koraidon,Fighting,Dragon,100,135,115,85,100,135,False,False,False,False,False,False,False,False,2.5,303.0,['Orichalcum Pulse'],
1008,Miraidon,Electric,Dragon,100,85,100,135,115,135,False,False,False,False,False,False,False,False,3.5,240.0,['Hadron Engine'],
1009,Walking Wake,Water,Dragon,99,83,91,125,83,109,False,False,False,False,False,False,False,False,3.5,280.0,['Protosynthesis'],
1010,Iron Leaves,Grass,Psychic,90,130,88,70,108,104,False,False,False,False,False,False,False,False,1.5,125.0,['Quark Drive'],
1011,Dipplin,Grass,Dragon,80,80,110,95,80,40,False,False,False,False,False,False,False,False,0.4,4.4,"['Supersweet Syrup', 'Gluttony']",Sticky Hold
1012,Poltchageist,Grass,Ghost,40,45,45,74,54,50,False,False,False,False,False,False,False,False,0.1,1.1,['Hospitality'],Heatproof
1013,Sinistcha,Grass,Ghost,71,60,106,121,80,70,False,False,False,False,False,False,False,False,0.2,2.2,['Hospitality'],Heatproof
1014,Okidogi,Poison,Fighting,88,128,115,58,86,80,False,False,False,False,False,False,False,False,1.8,92.0,['Toxic Chain'],Guard Dog
1015,Munkidori,Poison,Psychic,88,75,66,130,90,106,False,False,False,False,False,False,False,False,1.0,12.2,['Toxic Chain'],Frisk
1016,Fezandipiti,Poison,Fairy,88,91,82,70,125,99,False,False,False,False,False,False,False,False,1.4,30.1,['Toxic Chain'],Technician
1017,Ogerpon Teal Mask,Grass,,80,120,84,60,96,110,False,False,False,False,False,False,False,True,1.2,39.8,['Defiant'],Embody Aspect
1017,Ogerpon Wellspring Mask,Grass,Water,80,120,84,60,96,110,False,False,False,False,False,False,True,True,1.2,39.8,['Water Absorb'],Embody Aspect
1017,Ogerpon Hearthflame Mask,Grass,Fire,80,120,84,60,96,110,False,False,False,False,False,False,True,True,1.2,39.8,['Mold Breaker'],Embody Aspect
1017,Ogerpon Cornerstone Mask,Grass,Rock,80,120,84,60,96,110,False,False,False,False,False,False,True,True,1.2,39.8,['Sturdy'],Embody Aspect
1018,Archaludon,Steel,Dragon,90,105,130,125,65,85,False,False,False,False,False,False,False,False,2.0,60.0,"['Stamina', 'Sturdy']",Stalwart
1019,Hydrapple,Grass,Dragon,106,80,110,120,80,44,False,False,False,False,False,False,False,False,1.8,93.0,"['Supersweet Syrup', 'Regenerator']",Sticky Hold
1020,Gouging Fire,Fire,Dragon,105,115,121,65,93,91,False,False,False,False,False,False,False,False,3.5,590.0,['Protosynthesis'],
1021,Raging Bolt,Electric,Dragon,125,73,91,137,89,75,False,False,False,False,False,False,False,False,5.2,480.0,['Protosynthesis'],
1022,Iron Boulder,Rock,Psychic,90,120,80,68,108,124,False,False,False,False,False,False,False,False,1.5,162.5,['Quark Drive'],
1023,Iron Crown,Steel,Psychic,90,72,100,122,108,98,False,False,False,False,False,False,False,False,1.6,156.0,['Quark Drive'],
1024,Terapagos Normal Form,Normal,,90,65,85,65,85,60,False,False,False,False,False,False,False,True,0.2,6.5,['Tera Shift'],
1024,Terapagos Terastal Form,Normal,,95,95,110,105,110,85,False,False,False,False,False,False,True,True,0.3,16.0,['Tera Shell'],
1024,Terapagos Stellar Form,Normal,,160,105,110,130,110,85,False,False,False,False,False,False,True,True,1.7,77.0,['Teraform Zero'],
1025,Pecharunt,Poison,Ghost,88,88,160,88,88,88,False,False,False,False,False,False,False,False,0.3,0.3,['Poison Puppeteer'],
