National Dex Number,Gen,Name,Type,Common Abilities,Hidden Ability,HP,Atk,Def,Sp. Atk,Sp. Def,Spd,Height,Weight,Description,Sprite
1,I,Bulbasaur,"Grass, Poison",Overgrow,Chlorophyll,45,49,49,65,65,45,0.7,6.9,,https://raw.githubusercontent.com/EchoFia/Learning-Through-Projects/refs/heads/main/Python/Pokemon/images/img0.png
2,I,Ivysaur,"Grass, Poison",Overgrow,Chlorophyll,60,62,63,80,80,60,1.0,13.0,,https://raw.githubusercontent.com/EchoFia/Learning-Through-Projects/refs/heads/main/Python/Pokemon/images/img1.png
3,I,Venusaur,"Grass, Poison",Overgrow,Chlorophyll,80,82,83,100,100,80,2.0,100.0,,https://raw.githubusercontent.com/EchoFia/Learning-Through-Projects/refs/heads/main/Python/Pokemon/images/img2.png
3,I,Mega Venusaur,"Grass, Poison",Thick Fat,,80,100,123,122,120,80,2.4,155.5,,https://raw.githubusercontent.com/EchoFia/Learning-Through-Projects/refs/heads/main/Python/Pokemon/images/img3.png
4,I,Charmander,Fire,Blaze,Solar Power,39,52,43,60,50,65,0.6,8.5,,https://raw.githubusercontent.com/EchoFia/Learning-Through-Projects/refs/heads/main/Python/Pokemon/images/img4.png
5,I,Charmeleon,Fire,Blaze,Solar Power,58,64,58,80,65,80,1.1,19.0,,https://raw.githubusercontent.com/EchoFia/Learning-Through-Projects/refs/heads/main/Python/Pokemon/images/img5.png
6,I,Charizard,"Fire, Flying",Blaze,Solar Power,78,84,78,109,85,100,1.7,90.5,,https://raw.githubusercontent.com/EchoFia/Learning-Through-Projects/refs/heads/main/Python/Pokemon/images/img6.png
6,I,Mega Charizard X,"Fire, Dragon",Tough Claws,,78,130,111,130,85,100,1.7,110.5,,https://raw.githubusercontent.com/EchoFia/Learning-Through-Projects/refs/heads/main/Python/Pokemon/images/img7.png
6,I,Mega Charizard Y,"Fire, Flying",Drought,,78,104,78,159,115,100,1.7,100.5,,https://raw.githubusercontent.com/EchoFia/Learning-Through-Projects/refs/heads/main/Python/Pokemon/images/img8.png
7,I,Squirtle,Water,Torrent,Rain Dish,44,48,65,50,64,43,0.5,9.0,,https://raw.githubusercontent.com/EchoFia/Learning-Through-Projects/refs/heads/main/Python/Pokemon/images/img9.png
8,I,Wartortle,Water,Torrent,Rain Dish,59,63,80,65,80,58,1.0,22.5,,https://raw.githubusercontent.com/EchoFia/Learning-Through-Projects/refs/heads/main/Python/Pokemon/images/img10.png
9,I,Blastoise,Water,Torrent,Rain Dish,79,83,100,85,105,78,1.6,85.5,,https://raw.githubusercontent.com/EchoFia/Learning-Through-Projects/refs/heads/main/Python/Pokemon/images/img11.png
9,I,Mega Blastoise,Water,Mega Launcher,,79,103,120,135,115,78,1.6,101.1,,https://raw.githubusercontent.com/EchoFia/Learning-Through-Projects/refs/heads/main/Python/Pokemon/images/img12.png
10,I,Caterpie,Bug,Shield Dust,Run Away,45,30,35,20,20,45,0.3,2.9,,https://raw.githubusercontent.com/EchoFia/Learning-Through-Projects/refs/heads/main/Python/Pokemon/images/img13.png
11,I,Metapod,Bug,Shed Skin,,50,20,55,25,25,30,0.7,9.9,,https://raw.githubusercontent.com/EchoFia/Learning-Through-Projects/refs/heads/main/Python/Pokemon/images/img14.png
12,I,Butterfree,"Bug, Flying",Compound Eyes,Tinted Lens,60,45,50,90,80,70,1.1,32.0,,https://raw.githubusercontent.com/EchoFia/Learning-Through-Projects/refs/heads/main/Python/Pokemon/images/img15.png
13,I,Weedle,"Bug, Poison",Shield Dust,Run Away,40,35,30,20,20,50,0.3,3.2,,https://raw.githubusercontent.com/EchoFia/Learning-Through-Projects/refs/heads/main/Python/Pokemon/images/img16.png
14,I,Kakuna,"Bug, Poison",Shed Skin,,45,25,50,25,25,35,0.6,10.0,,https://raw.githubusercontent.com/EchoFia/Learning-Through-Projects/refs/heads/main/Python/Pokemon/images/img17.png
15,I,Beedrill,"Bug, Poison",Swarm,Sniper,65,90,40,45,80,75,1.0,29.5,,https://raw.githubusercontent.com/EchoFia/Learning-Through-Projects/refs/heads/main/Python/Pokemon/images/img18.png
15,I,Mega Beedrill,"Bug, Poison",Adaptability,,65,150,40,15,80,145,1.4,40.5,,https://raw.githubusercontent.com/EchoFia/Learning-Through-Projects/refs/heads/main/Python/Pokemon/images/img19.png
16,I,Pidgey,"Normal, Flying","Keen Eye, Tangled Feet",Big Pecks,40,45,40,35,35,56,0.3,1.8,,https://raw.githubusercontent.com/EchoFia/Learning-Through-Projects/refs/heads/main/Python/Pokemon/images/img20.png
17,I,Pidgeotto,"Normal, Flying","Keen Eye, Tangled Feet",Big Pecks,63,60,55,50,50,71,1.1,30.0,,https://raw.githubusercontent.com/EchoFia/Learning-Through-Projects/refs/heads/main/Python/Pokemon/images/img21.png
18,I,Pidgeot,"Normal, Flying","Keen Eye, Tangled Feet",Big Pecks,83,80,75,70,70,101,1.5,39.5,,https://raw.githubusercontent.com/EchoFia/Learning-Through-Projects/refs/heads/main/Python/Pokemon/images/img22.png
18,I,Mega Pidgeot,"Normal, Flying",No Guard,,83,80,80,135,80,121,2.2,50.5,,https://raw.githubusercontent.com/EchoFia/Learning-Through-Projects/refs/heads/main/Python/Pokemon/images/img23.png
19,I,Rattata,Normal,"Run Away, Guts",Hustle,30,56,35,25,35,72,0.3,3.5,,https://raw.githubusercontent.com/EchoFia/Learning-Through-Projects/refs/heads/main/Python/Pokemon/images/img24.png
19,I,Alolan Rattata,"Dark, Normal","Gluttony, Hustle",Thick Fat,30,56,35,25,35,72,0.3,3.8,,https://raw.githubusercontent.com/EchoFia/Learning-Through-Projects/refs/heads/main/Python/Pokemon/images/img25.png
20,I,Raticate,Normal,"Run Away, Guts",Hustle,55,81,60,50,70,97,0.7,18.5,,https://raw.githubusercontent.com/EchoFia/Learning-Through-Projects/refs/heads/main/Python/Pokemon/images/img26.png
20,I,Alolan Raticate,"Dark, Normal","Gluttony, Hustle",Thick Fat,75,71,70,40,80,77,0.7,25.5,,https://raw.githubusercontent.com/EchoFia/Learning-Through-Projects/refs/heads/main/Python/Pokemon/images/img27.png
21,I,Spearow,"Normal, Flying",Keen Eye,Sniper,40,60,30,31,31,70,0.3,2.0,,https://raw.githubusercontent.com/EchoFia/Learning-Through-Projects/refs/heads/main/Python/Pokemon/images/img28.png
22,I,Fearow,"Normal, Flying",Keen Eye,Sniper,65,90,65,61,61,100,1.2,38.0,,https://raw.githubusercontent.com/EchoFia/Learning-Through-Projects/refs/heads/main/Python/Pokemon/images/img29.png
23,I,Ekans,Poison,"Intimidate, Shed Skin",Unnerve,35,60,44,40,54,55,2.0,6.9,,https://raw.githubusercontent.com/EchoFia/Learning-Through-Projects/refs/heads/main/Python/Pokemon/images/img30.png
24,I,Arbok,Poison,"Intimidate, Shed Skin",Unnerve,60,95,69,65,79,80,3.5,65.0,,https://raw.githubusercontent.com/EchoFia/Learning-Through-Projects/refs/heads/main/Python/Pokemon/images/img31.png
25,I,Pikachu,Electric,Static,Lightning Rod,35,55,40,50,50,90,0.4,6.0,,https://raw.githubusercontent.com/EchoFia/Learning-Through-Projects/refs/heads/main/Python/Pokemon/images/img32.png
25,I,Partner Pikachu,Electric,,,45,80,50,75,60,120,0.4,6.0,,https://raw.githubusercontent.com/EchoFia/Learning-Through-Projects/refs/heads/main/Python/Pokemon/images/img33.png
26,I,Raichu,Electric,Static,Lightning Rod,60,90,55,90,80,110,0.8,30.0,,https://raw.githubusercontent.com/EchoFia/Learning-Through-Projects/refs/heads/main/Python/Pokemon/images/img34.png
26,I,Alolan Raichu,"Electric, Psychic",Surge Surfer,,60,85,50,95,85,110,0.7,21.0,,https://raw.githubusercontent.com/EchoFia/Learning-Through-Projects/refs/heads/main/Python/Pokemon/images/img35.png
26,I,Mega Raichu X,Electric,Electric Surge,,60,135,95,90,95,110,1.2,38.0,,https://raw.githubusercontent.com/EchoFia/Learning-Through-Projects/refs/heads/main/Python/Pokemon/images/img36.png
26,I,Mega Raichu Y,Electric,No Guard,,60,100,55,160,80,130,1.0,26.0,,https://raw.githubusercontent.com/EchoFia/Learning-Through-Projects/refs/heads/main/Python/Pokemon/images/img37.png
27,I,Sandshrew,Ground,Sand Veil,Sand Rush,50,75,85,20,30,40,0.6,12.0,,https://raw.githubusercontent.com/EchoFia/Learning-Through-Projects/refs/heads/main/Python/Pokemon/images/img38.png
27,I,Alolan Sandshrew,"Ice, Steel",Snow Cloak,Slush Rush,50,75,90,10,35,40,0.7,40.0,,https://raw.githubusercontent.com/EchoFia/Learning-Through-Projects/refs/heads/main/Python/Pokemon/images/img39.png
28,I,Sandslash,Ground,Sand Veil,Sand Rush,75,100,110,45,55,65,1.0,29.5,,https://raw.githubusercontent.com/EchoFia/Learning-Through-Projects/refs/heads/main/Python/Pokemon/images/img40.png
28,I,Alolan Sandslash,"Ice, Steel",Snow Cloak,Slush Rush,75,100,120,25,65,65,1.2,55.0,,https://raw.githubusercontent.com/EchoFia/Learning-Through-Projects/refs/heads/main/Python/Pokemon/images/img41.png
29,I,Nidoran♀,Poison,"Poison Point, Rivalry",Hustle,55,47,52,40,40,41,0.4,7.0,,https://raw.githubusercontent.com/EchoFia/Learning-Through-Projects/refs/heads/main/Python/Pokemon/images/img42.png
30,I,Nidorina,Poison,"Poison Point, Rivalry",Hustle,70,62,67,55,55,56,0.8,20.0,,https://raw.githubusercontent.com/EchoFia/Learning-Through-Projects/refs/heads/main/Python/Pokemon/images/img43.png
31,I,Nidoqueen,"Poison, Ground","Poison Point, Rivalry",Sheer Force,90,92,87,75,85,76,1.3,60.0,,https://raw.githubusercontent.com/EchoFia/Learning-Through-Projects/refs/heads/main/Python/Pokemon/images/img44.png
32,I,Nidoran♂,Poison,"Poison Point, Rivalry",Hustle,46,57,40,40,40,50,0.5,9.0,,https://raw.githubusercontent.com/EchoFia/Learning-Through-Projects/refs/heads/main/Python/Pokemon/images/img45.png
33,I,Nidorino,Poison,"Poison Point, Rivalry",Hustle,61,72,57,55,55,65,0.9,19.5,,https://raw.githubusercontent.com/EchoFia/Learning-Through-Projects/refs/heads/main/Python/Pokemon/images/img46.png
34,I,Nidoking,"Poison, Ground","Poison Point, Rivalry",Sheer Force,81,102,77,85,75,85,1.4,62.0,,https://raw.githubusercontent.com/EchoFia/Learning-Through-Projects/refs/heads/main/Python/Pokemon/images/img47.png
35,I,Clefairy,Fairy,"Cute Charm, Magic Guard",Friend Guard,70,45,48,60,65,35,0.6,7.5,,https://raw.githubusercontent.com/EchoFia/Learning-Through-Projects/refs/heads/main/Python/Pokemon/images/img48.png
36,I,Clefable,Fairy,"Cute Charm, Magic Guard",Unaware,95,70,73,95,90,60,1.3,40.0,,https://raw.githubusercontent.com/EchoFia/Learning-Through-Projects/refs/heads/main/Python/Pokemon/images/img49.png
36,I,Mega Clefable,"Fairy, Flying",Magic Bounce,,95,80,93,135,110,70,1.7,42.3,,https://raw.githubusercontent.com/EchoFia/Learning-Through-Projects/refs/heads/main/Python/Pokemon/images/img50.png
37,I,Vulpix,Fire,Flash Fire,Drought,38,41,40,50,65,65,0.6,9.9,,https://raw.githubusercontent.com/EchoFia/Learning-Through-Projects/refs/heads/main/Python/Pokemon/images/img51.png
37,I,Alolan Vulpix,Ice,Snow Cloak,Snow Warning,38,41,40,50,65,65,0.6,9.9,,https://raw.githubusercontent.com/EchoFia/Learning-Through-Projects/refs/heads/main/Python/Pokemon/images/img52.png
38,I,Ninetales,Fire,Flash Fire,Drought,73,76,75,81,100,100,1.1,19.9,,https://raw.githubusercontent.com/EchoFia/Learning-Through-Projects/refs/heads/main/Python/Pokemon/images/img53.png
38,I,Alolan Ninetales,"Ice, Fairy",Snow Cloak,Snow Warning,73,67,75,81,100,109,1.1,19.9,,https://raw.githubusercontent.com/EchoFia/Learning-Through-Projects/refs/heads/main/Python/Pokemon/images/img54.png
39,I,Jigglypuff,"Normal, Fairy","Cute Charm, Competitive",Friend Guard,115,45,20,45,25,20,0.5,5.5,,https://raw.githubusercontent.com/EchoFia/Learning-Through-Projects/refs/heads/main/Python/Pokemon/images/img55.png
40,I,Wigglytuff,"Normal, Fairy","Cute Charm, Competitive",Frisk,140,70,45,85,50,45,1.0,12.0,,https://raw.githubusercontent.com/EchoFia/Learning-Through-Projects/refs/heads/main/Python/Pokemon/images/img56.png
41,I,Zubat,"Poison, Flying",Inner Focus,Infiltrator,40,45,35,30,40,55,0.8,7.5,,https://raw.githubusercontent.com/EchoFia/Learning-Through-Projects/refs/heads/main/Python/Pokemon/images/img57.png
42,I,Golbat,"Poison, Flying",Inner Focus,Infiltrator,75,80,70,65,75,90,1.6,55.0,,https://raw.githubusercontent.com/EchoFia/Learning-Through-Projects/refs/heads/main/Python/Pokemon/images/img58.png
43,I,Oddish,"Grass, Poison",Chlorophyll,Run Away,45,50,55,75,65,30,0.5,5.4,,https://raw.githubusercontent.com/EchoFia/Learning-Through-Projects/refs/heads/main/Python/Pokemon/images/img59.png
44,I,Gloom,"Grass, Poison",Chlorophyll,Stench,60,65,70,85,75,40,0.8,8.6,,https://raw.githubusercontent.com/EchoFia/Learning-Through-Projects/refs/heads/main/Python/Pokemon/images/img60.png
45,I,Vileplume,"Grass, Poison",Chlorophyll,Effect Spore,75,80,85,110,90,50,1.2,18.6,,https://raw.githubusercontent.com/EchoFia/Learning-Through-Projects/refs/heads/main/Python/Pokemon/images/img61.png
46,I,Paras,"Bug, Grass","Effect Spore, Dry Skin",Damp,35,70,55,45,55,25,0.3,5.4,,https://raw.githubusercontent.com/EchoFia/Learning-Through-Projects/refs/heads/main/Python/Pokemon/images/img62.png
47,I,Parasect,"Bug, Grass","Effect Spore, Dry Skin",Damp,60,95,80,60,80,30,1.0,29.5,,https://raw.githubusercontent.com/EchoFia/Learning-Through-Projects/refs/heads/main/Python/Pokemon/images/img63.png
48,I,Venonat,"Bug, Poison","Compound Eyes, Tinted Lens",Run Away,60,55,50,40,55,45,1.0,30.0,,https://raw.githubusercontent.com/EchoFia/Learning-Through-Projects/refs/heads/main/Python/Pokemon/images/img64.png
49,I,Venomoth,"Bug, Poison","Shield Dust, Tinted Lens",Wonder Skin,70,65,60,90,75,90,1.5,12.5,,https://raw.githubusercontent.com/EchoFia/Learning-Through-Projects/refs/heads/main/Python/Pokemon/images/img65.png
50,I,Diglett,Ground,"Sand Veil, Arena Trap",Sand Force,10,55,25,35,45,95,0.2,0.8,,https://raw.githubusercontent.com/EchoFia/Learning-Through-Projects/refs/heads/main/Python/Pokemon/images/img66.png
50,I,Alolan Diglett,"Ground, Steel","Sand Veil, Tangling Hair",Sand Force,10,55,30,35,45,90,0.2,1.0,,https://raw.githubusercontent.com/EchoFia/Learning-Through-Projects/refs/heads/main/Python/Pokemon/images/img67.png
51,I,Dugtrio,Ground,"Sand Veil, Arena Trap",Sand Force,35,100,50,50,70,120,0.7,33.3,,https://raw.githubusercontent.com/EchoFia/Learning-Through-Projects/refs/heads/main/Python/Pokemon/images/img68.png
51,I,Alolan Dugtrio,"Ground, Steel","Sand Veil, Tangling Hair",Sand Force,35,100,60,50,70,110,0.7,66.6,,https://raw.githubusercontent.com/EchoFia/Learning-Through-Projects/refs/heads/main/Python/Pokemon/images/img69.png
52,I,Meowth,Normal,"Pickup, Technician",Unnerve,40,45,35,40,40,90,0.4,4.2,,https://raw.githubusercontent.com/EchoFia/Learning-Through-Projects/refs/heads/main/Python/Pokemon/images/img70.png
52,I,Alolan Meowth,Dark,"Pickup, Technician",Rattled,40,35,35,50,40,90,0.4,4.2,,https://raw.githubusercontent.com/EchoFia/Learning-Through-Projects/refs/heads/main/Python/Pokemon/images/img71.png
52,I,Galarian Meowth,Steel,"Pickup, Tough Claws",Unnerve,50,65,55,40,40,40,0.4,7.5,,https://raw.githubusercontent.com/EchoFia/Learning-Through-Projects/refs/heads/main/Python/Pokemon/images/img72.png
53,I,Persian,Normal,"Limber, Technician",Unnerve,65,70,60,65,65,115,1.0,32.0,,https://raw.githubusercontent.com/EchoFia/Learning-Through-Projects/refs/heads/main/Python/Pokemon/images/img73.png
53,I,Alolan Persian,Dark,"Fur Coat, Technician",Rattled,65,60,60,75,65,115,1.1,33.0,,https://raw.githubusercontent.com/EchoFia/Learning-Through-Projects/refs/heads/main/Python/Pokemon/images/img74.png
54,I,Psyduck,Water,"Damp, Cloud Nine",Swift Swim,50,52,48,65,50,55,0.8,19.6,,https://raw.githubusercontent.com/EchoFia/Learning-Through-Projects/refs/heads/main/Python/Pokemon/images/img75.png
55,I,Golduck,Water,"Damp, Cloud Nine",Swift Swim,80,82,78,95,80,85,1.7,76.6,,https://raw.githubusercontent.com/EchoFia/Learning-Through-Projects/refs/heads/main/Python/Pokemon/images/img76.png
56,I,Mankey,Fighting,"Vital Spirit, Anger Point",Defiant,40,80,35,35,45,70,0.5,28.0,,https://raw.githubusercontent.com/EchoFia/Learning-Through-Projects/refs/heads/main/Python/Pokemon/images/img77.png
57,I,Primeape,Fighting,"Vital Spirit, Anger Point",Defiant,65,105,60,60,70,95,1.0,32.0,,https://raw.githubusercontent.com/EchoFia/Learning-Through-Projects/refs/heads/main/Python/Pokemon/images/img78.png
58,I,Growlithe,Fire,"Intimidate, Flash Fire",Justified,55,70,45,70,50,60,0.7,19.0,,https://raw.githubusercontent.com/EchoFia/Learning-Through-Projects/refs/heads/main/Python/Pokemon/images/img79.png
58,I,Hisuian Growlithe,"Fire, Rock","Intimidate, Flash Fire",Rock Head,60,75,45,65,50,55,0.8,22.7,,https://raw.githubusercontent.com/EchoFia/Learning-Through-Projects/refs/heads/main/Python/Pokemon/images/img80.png
59,I,Arcanine,Fire,"Intimidate, Flash Fire",Justified,90,110,80,100,80,95,1.9,155.0,,https://raw.githubusercontent.com/EchoFia/Learning-Through-Projects/refs/heads/main/Python/Pokemon/images/img81.png
59,I,Hisuian Arcanine,"Fire, Rock","Intimidate, Flash Fire",Rock Head,95,115,80,95,80,90,2.0,168.0,,https://raw.githubusercontent.com/EchoFia/Learning-Through-Projects/refs/heads/main/Python/Pokemon/images/img82.png
60,I,Poliwag,Water,"Water Absorb, Damp",Swift Swim,40,50,40,40,40,90,0.6,12.4,,https://raw.githubusercontent.com/EchoFia/Learning-Through-Projects/refs/heads/main/Python/Pokemon/images/img83.png
61,I,Poliwhirl,Water,"Water Absorb, Damp",Swift Swim,65,65,65,50,50,90,1.0,20.0,,https://raw.githubusercontent.com/EchoFia/Learning-Through-Projects/refs/heads/main/Python/Pokemon/images/img84.png
62,I,Poliwrath,"Water, Fighting","Water Absorb, Damp",Swift Swim,90,95,95,70,90,70,1.3,54.0,,https://raw.githubusercontent.com/EchoFia/Learning-Through-Projects/refs/heads/main/Python/Pokemon/images/img85.png
63,I,Abra,Psychic,"Synchronize, Inner Focus",Magic Guard,25,20,15,105,55,90,0.9,19.5,,https://raw.githubusercontent.com/EchoFia/Learning-Through-Projects/refs/heads/main/Python/Pokemon/images/img86.png
64,I,Kadabra,Psychic,"Synchronize, Inner Focus",Magic Guard,40,35,30,120,70,105,1.3,56.5,,https://raw.githubusercontent.com/EchoFia/Learning-Through-Projects/refs/heads/main/Python/Pokemon/images/img87.png
65,I,Alakazam,Psychic,"Synchronize, Inner Focus",Magic Guard,55,50,45,135,95,120,1.5,48.0,,https://raw.githubusercontent.com/EchoFia/Learning-Through-Projects/refs/heads/main/Python/Pokemon/images/img88.png
65,I,Mega Alakazam,Psychic,Trace,,55,50,65,175,105,150,1.2,48.0,,https://raw.githubusercontent.com/EchoFia/Learning-Through-Projects/refs/heads/main/Python/Pokemon/images/img89.png
66,I,Machop,Fighting,"Guts, No Guard",Steadfast,70,80,50,35,35,35,0.8,19.5,,https://raw.githubusercontent.com/EchoFia/Learning-Through-Projects/refs/heads/main/Python/Pokemon/images/img90.png
67,I,Machoke,Fighting,"Guts, No Guard",Steadfast,80,100,70,50,60,45,1.5,70.5,,https://raw.githubusercontent.com/EchoFia/Learning-Through-Projects/refs/heads/main/Python/Pokemon/images/img91.png
68,I,Machamp,Fighting,"Guts, No Guard",Steadfast,90,130,80,65,85,55,1.6,130.0,,https://raw.githubusercontent.com/EchoFia/Learning-Through-Projects/refs/heads/main/Python/Pokemon/images/img92.png
69,I,Bellsprout,"Grass, Poison",Chlorophyll,Gluttony,50,75,35,70,30,40,0.7,4.0,,https://raw.githubusercontent.com/EchoFia/Learning-Through-Projects/refs/heads/main/Python/Pokemon/images/img93.png
70,I,Weepinbell,"Grass, Poison",Chlorophyll,Gluttony,65,90,50,85,45,55,1.0,6.4,,https://raw.githubusercontent.com/EchoFia/Learning-Through-Projects/refs/heads/main/Python/Pokemon/images/img94.png
71,I,Victreebel,"Grass, Poison",Chlorophyll,Gluttony,80,105,65,100,70,70,1.7,15.5,,https://raw.githubusercontent.com/EchoFia/Learning-Through-Projects/refs/heads/main/Python/Pokemon/images/img95.png
71,I,Mega Victreebel,"Grass, Poison",Innards Out,,80,125,85,135,95,70,4.5,125.5,,https://raw.githubusercontent.com/EchoFia/Learning-Through-Projects/refs/heads/main/Python/Pokemon/images/img96.png
72,I,Tentacool,"Water, Poison","Clear Body, Liquid Ooze",Rain Dish,40,40,35,50,100,70,0.9,45.5,,https://raw.githubusercontent.com/EchoFia/Learning-Through-Projects/refs/heads/main/Python/Pokemon/images/img97.png
73,I,Tentacruel,"Water, Poison","Clear Body, Liquid Ooze",Rain Dish,80,70,65,80,120,100,1.6,55.0,,https://raw.githubusercontent.com/EchoFia/Learning-Through-Projects/refs/heads/main/Python/Pokemon/images/img98.png
74,I,Geodude,"Rock, Ground","Rock Head, Sturdy",Sand Veil,40,80,100,30,30,20,0.4,20.0,,https://raw.githubusercontent.com/EchoFia/Learning-Through-Projects/refs/heads/main/Python/Pokemon/images/img99.png
74,I,Alolan Geodude,"Rock, Electric","Magnet Pull, Sturdy",Galvanize,40,80,100,30,30,20,0.4,20.3,,https://raw.githubusercontent.com/EchoFia/Learning-Through-Projects/refs/heads/main/Python/Pokemon/images/img100.png
75,I,Graveler,"Rock, Ground","Rock Head, Sturdy",Sand Veil,55,95,115,45,45,35,1.0,105.0,,https://raw.githubusercontent.com/EchoFia/Learning-Through-Projects/refs/heads/main/Python/Pokemon/images/img101.png
75,I,Alolan Graveler,"Rock, Electric","Magnet Pull, Sturdy",Galvanize,55,95,115,45,45,35,1.0,110.0,,https://raw.githubusercontent.com/EchoFia/Learning-Through-Projects/refs/heads/main/Python/Pokemon/images/img102.png
76,I,Golem,"Rock, Ground","Rock Head, Sturdy",Sand Veil,80,120,130,55,65,45,1.4,300.0,,https://raw.githubusercontent.com/EchoFia/Learning-Through-Projects/refs/heads/main/Python/Pokemon/images/img103.png
76,I,Alolan Golem,"Rock, Electric","Magnet Pull, Sturdy",Galvanize,80,120,130,55,65,45,1.7,316.0,,https://raw.githubusercontent.com/EchoFia/Learning-Through-Projects/refs/heads/main/Python/Pokemon/images/img104.png
77,I,Ponyta,Fire,"Run Away, Flash Fire",Flame Body,50,85,55,65,65,90,1.0,30.0,,https://raw.githubusercontent.com/EchoFia/Learning-Through-Projects/refs/heads/main/Python/Pokemon/images/img105.png
77,I,Galarian Ponyta,Psychic,"Run Away, Pastel Veil",Anticipation,50,85,55,65,65,90,0.8,24.0,,https://raw.githubusercontent.com/EchoFia/Learning-Through-Projects/refs/heads/main/Python/Pokemon/images/img106.png
78,I,Rapidash,Fire,"Run Away, Flash Fire",Flame Body,65,100,70,80,80,105,1.7,95.0,,https://raw.githubusercontent.com/EchoFia/Learning-Through-Projects/refs/heads/main/Python/Pokemon/images/img107.png
78,I,Galarian Rapidash,"Psychic, Fairy","Run Away, Pastel Veil",Anticipation,65,100,70,80,80,105,1.7,80.0,,https://raw.githubusercontent.com/EchoFia/Learning-Through-Projects/refs/heads/main/Python/Pokemon/images/img108.png
79,I,Slowpoke,"Water, Psychic","Oblivious, Own Tempo",Regenerator,90,65,65,40,40,15,1.2,36.0,,https://raw.githubusercontent.com/EchoFia/Learning-Through-Projects/refs/heads/main/Python/Pokemon/images/img109.png
79,I,Galarian Slowpoke,Psychic,"Gluttony, Own Tempo",Regenerator,90,65,65,40,40,15,1.2,36.0,,https://raw.githubusercontent.com/EchoFia/Learning-Through-Projects/refs/heads/main/Python/Pokemon/images/img110.png
80,I,Slowbro,"Water, Psychic","Oblivious, Own Tempo",Regenerator,95,75,110,100,80,30,1.6,78.5,,https://raw.githubusercontent.com/EchoFia/Learning-Through-Projects/refs/heads/main/Python/Pokemon/images/img111.png
80,I,Mega Slowbro,"Water, Psychic",Shell Armor,,95,75,180,130,80,30,2.0,120.0,,https://raw.githubusercontent.com/EchoFia/Learning-Through-Projects/refs/heads/main/Python/Pokemon/images/img112.png
80,I,Galarian Slowbro,"Poison, Psychic","Quick Draw, Own Tempo",Regenerator,95,100,95,100,70,30,1.6,70.5,,https://raw.githubusercontent.com/EchoFia/Learning-Through-Projects/refs/heads/main/Python/Pokemon/images/img113.png
81,I,Magnemite,"Electric, Steel","Magnet Pull, Sturdy",Analytic,25,35,70,95,55,45,0.3,6.0,,https://raw.githubusercontent.com/EchoFia/Learning-Through-Projects/refs/heads/main/Python/Pokemon/images/img114.png
82,I,Magneton,"Electric, Steel","Magnet Pull, Sturdy",Analytic,50,60,95,120,70,70,1.0,60.0,,https://raw.githubusercontent.com/EchoFia/Learning-Through-Projects/refs/heads/main/Python/Pokemon/images/img115.png
83,I,Farfetch'd,"Normal, Flying","Keen Eye, Inner Focus",Defiant,52,90,55,58,62,60,0.8,15.0,,https://raw.githubusercontent.com/EchoFia/Learning-Through-Projects/refs/heads/main/Python/Pokemon/images/img116.png
83,I,Galarian Farfetch'd,Fighting,Steadfast,Scrappy,52,95,55,58,62,55,0.8,42.0,,https://raw.githubusercontent.com/EchoFia/Learning-Through-Projects/refs/heads/main/Python/Pokemon/images/img117.png
84,I,Doduo,"Normal, Flying","Run Away, Early Bird",Tangled Feet,35,85,45,35,35,75,1.4,39.2,,https://raw.githubusercontent.com/EchoFia/Learning-Through-Projects/refs/heads/main/Python/Pokemon/images/img118.png
85,I,Dodrio,"Normal, Flying","Run Away, Early Bird",Tangled Feet,60,110,70,60,60,110,1.8,85.2,,https://raw.githubusercontent.com/EchoFia/Learning-Through-Projects/refs/heads/main/Python/Pokemon/images/img119.png
86,I,Seel,Water,"Thick Fat, Hydration",Ice Body,65,45,55,45,70,45,1.1,90.0,,https://raw.githubusercontent.com/EchoFia/Learning-Through-Projects/refs/heads/main/Python/Pokemon/images/img120.png
87,I,Dewgong,"Water, Ice","Thick Fat, Hydration",Ice Body,90,70,80,70,95,70,1.7,120.0,,https://raw.githubusercontent.com/EchoFia/Learning-Through-Projects/refs/heads/main/Python/Pokemon/images/img121.png
88,I,Grimer,Poison,"Stench, Sticky Hold",Poison Touch,80,80,50,40,50,25,0.9,30.0,,https://raw.githubusercontent.com/EchoFia/Learning-Through-Projects/refs/heads/main/Python/Pokemon/images/img122.png
88,I,Alolan Grimer,"Poison, Dark","Poison Touch, Gluttony",Power of Alchemy,80,80,50,40,50,25,0.7,42.0,,https://raw.githubusercontent.com/EchoFia/Learning-Through-Projects/refs/heads/main/Python/Pokemon/images/img123.png
89,I,Muk,Poison,"Stench, Sticky Hold",Poison Touch,105,105,75,65,100,50,1.2,30.0,,https://raw.githubusercontent.com/EchoFia/Learning-Through-Projects/refs/heads/main/Python/Pokemon/images/img124.png
89,I,Alolan Muk,"Poison, Dark","Poison Touch, Gluttony",Power of Alchemy,105,105,75,65,100,50,1.0,52.0,,https://raw.githubusercontent.com/EchoFia/Learning-Through-Projects/refs/heads/main/Python/Pokemon/images/img125.png
90,I,Shellder,Water,"Shell Armor, Skill Link",Overcoat,30,65,100,45,25,40,0.3,4.0,,https://raw.githubusercontent.com/EchoFia/Learning-Through-Projects/refs/heads/main/Python/Pokemon/images/img126.png
91,I,Cloyster,"Water, Ice","Shell Armor, Skill Link",Overcoat,50,95,180,85,45,70,1.5,132.5,,https://raw.githubusercontent.com/EchoFia/Learning-Through-Projects/refs/heads/main/Python/Pokemon/images/img127.png
92,I,Gastly,"Ghost, Poison",Levitate,,30,35,30,100,35,80,1.3,0.1,,https://raw.githubusercontent.com/EchoFia/Learning-Through-Projects/refs/heads/main/Python/Pokemon/images/img128.png
93,I,Haunter,"Ghost, Poison",Levitate,,45,50,45,115,55,95,1.6,0.1,,https://raw.githubusercontent.com/EchoFia/Learning-Through-Projects/refs/heads/main/Python/Pokemon/images/img129.png
94,I,Gengar,"Ghost, Poison",Cursed Body,,60,65,60,130,75,110,1.5,40.5,,https://raw.githubusercontent.com/EchoFia/Learning-Through-Projects/refs/heads/main/Python/Pokemon/images/img130.png
94,I,Mega Gengar,"Ghost, Poison",Shadow Tag,,60,65,80,170,95,130,1.4,40.5,,https://raw.githubusercontent.com/EchoFia/Learning-Through-Projects/refs/heads/main/Python/Pokemon/images/img131.png
95,I,Onix,"Rock, Ground","Rock Head, Sturdy",Weak Armor,35,45,160,30,45,70,8.8,210.0,,https://raw.githubusercontent.com/EchoFia/Learning-Through-Projects/refs/heads/main/Python/Pokemon/images/img132.png
96,I,Drowzee,Psychic,"Insomnia, Forewarn",Inner Focus,60,48,45,43,90,42,1.0,32.4,,https://raw.githubusercontent.com/EchoFia/Learning-Through-Projects/refs/heads/main/Python/Pokemon/images/img133.png
97,I,Hypno,Psychic,"Insomnia, Forewarn",Inner Focus,85,73,70,73,115,67,1.6,75.6,,https://raw.githubusercontent.com/EchoFia/Learning-Through-Projects/refs/heads/main/Python/Pokemon/images/img134.png
98,I,Krabby,Water,"Hyper Cutter, Shell Armor",Sheer Force,30,105,90,25,25,50,0.4,6.5,,https://raw.githubusercontent.com/EchoFia/Learning-Through-Projects/refs/heads/main/Python/Pokemon/images/img135.png
99,I,Kingler,Water,"Hyper Cutter, Shell Armor",Sheer Force,55,130,115,50,50,75,1.3,60.0,,https://raw.githubusercontent.com/EchoFia/Learning-Through-Projects/refs/heads/main/Python/Pokemon/images/img136.png
100,I,Voltorb,Electric,"Soundproof, Static",Aftermath,40,30,50,55,55,100,0.5,10.4,,https://raw.githubusercontent.com/EchoFia/Learning-Through-Projects/refs/heads/main/Python/Pokemon/images/img137.png
100,I,Hisuian Voltorb,"Electric, Grass","Soundproof, Static",Aftermath,40,30,50,55,55,100,0.5,13.0,,https://raw.githubusercontent.com/EchoFia/Learning-Through-Projects/refs/heads/main/Python/Pokemon/images/img138.png
101,I,Electrode,Electric,"Soundproof, Static",Aftermath,60,50,70,80,80,150,1.2,66.6,,https://raw.githubusercontent.com/EchoFia/Learning-Through-Projects/refs/heads/main/Python/Pokemon/images/img139.png
101,I,Hisuian Electrode,"Electric, Grass","Soundproof, Static",Aftermath,60,50,70,80,80,150,1.2,71.0,,https://raw.githubusercontent.com/EchoFia/Learning-Through-Projects/refs/heads/main/Python/Pokemon/images/img140.png
102,I,Exeggcute,"Grass, Psychic",Chlorophyll,Harvest,60,40,80,60,45,40,0.4,2.5,,https://raw.githubusercontent.com/EchoFia/Learning-Through-Projects/refs/heads/main/Python/Pokemon/images/img141.png
103,I,Exeggutor,"Grass, Psychic",Chlorophyll,Harvest,95,95,85,125,75,55,2.0,120.0,,https://raw.githubusercontent.com/EchoFia/Learning-Through-Projects/refs/heads/main/Python/Pokemon/images/img142.png
103,I,Alolan Exeggutor,"Grass, Dragon",Frisk,Harvest,95,105,85,125,75,45,10.9,415.6,,https://raw.githubusercontent.com/EchoFia/Learning-Through-Projects/refs/heads/main/Python/Pokemon/images/img143.png
104,I,Cubone,Ground,"Rock Head, Lightning Rod",Battle Armor,50,50,95,40,50,35,0.4,6.5,,https://raw.githubusercontent.com/EchoFia/Learning-Through-Projects/refs/heads/main/Python/Pokemon/images/img144.png
105,I,Marowak,Ground,"Rock Head, Lightning Rod",Battle Armor,60,80,110,50,80,45,1.0,45.0,,https://raw.githubusercontent.com/EchoFia/Learning-Through-Projects/refs/heads/main/Python/Pokemon/images/img145.png
105,I,Alolan Marowak,"Fire, Ghost","Cursed Body, Lightning Rod",Rock Head,60,80,110,50,80,45,1.0,34.0,,https://raw.githubusercontent.com/EchoFia/Learning-Through-Projects/refs/heads/main/Python/Pokemon/images/img146.png
106,I,Hitmonlee,Fighting,"Limber, Reckless",Unburden,50,120,53,35,110,87,1.5,49.8,,https://raw.githubusercontent.com/EchoFia/Learning-Through-Projects/refs/heads/main/Python/Pokemon/images/img147.png
107,I,Hitmonchan,Fighting,"Keen Eye, Iron Fist",Inner Focus,50,105,79,35,110,76,1.4,50.2,,https://raw.githubusercontent.com/EchoFia/Learning-Through-Projects/refs/heads/main/Python/Pokemon/images/img148.png
108,I,Lickitung,Normal,"Own Tempo, Oblivious",Cloud Nine,90,55,75,60,75,30,1.2,65.5,,https://raw.githubusercontent.com/EchoFia/Learning-Through-Projects/refs/heads/main/Python/Pokemon/images/img149.png
109,I,Koffing,Poison,"Levitate, Neutralizing Gas",Stench,40,65,95,60,45,35,0.6,1.0,,https://raw.githubusercontent.com/EchoFia/Learning-Through-Projects/refs/heads/main/Python/Pokemon/images/img150.png
110,I,Weezing,Poison,"Levitate, Neutralizing Gas",Stench,65,90,120,85,70,60,1.2,9.5,,https://raw.githubusercontent.com/EchoFia/Learning-Through-Projects/refs/heads/main/Python/Pokemon/images/img151.png
110,I,Galarian Weezing,"Poison, Fairy","Levitate, Neutralizing Gas",Misty Surge,65,90,120,85,70,60,3.0,16.0,,https://raw.githubusercontent.com/EchoFia/Learning-Through-Projects/refs/heads/main/Python/Pokemon/images/img152.png
111,I,Rhyhorn,"Ground, Rock","Lightning Rod, Rock Head",Reckless,80,85,95,30,30,25,1.0,115.0,,https://raw.githubusercontent.com/EchoFia/Learning-Through-Projects/refs/heads/main/Python/Pokemon/images/img153.png
112,I,Rhydon,"Ground, Rock","Lightning Rod, Rock Head",Reckless,105,130,120,45,45,40,1.9,120.0,,https://raw.githubusercontent.com/EchoFia/Learning-Through-Projects/refs/heads/main/Python/Pokemon/images/img154.png
113,I,Chansey,Normal,"Natural Cure, Serene Grace",Healer,250,5,5,35,105,50,1.1,34.6,,https://raw.githubusercontent.com/EchoFia/Learning-Through-Projects/refs/heads/main/Python/Pokemon/images/img155.png
114,I,Tangela,Grass,"Chlorophyll, Leaf Guard",Regenerator,65,55,115,100,40,60,1.0,35.0,,https://raw.githubusercontent.com/EchoFia/Learning-Through-Projects/refs/heads/main/Python/Pokemon/images/img156.png
115,I,Kangaskhan,Normal,"Early Bird, Scrappy",Inner Focus,105,95,80,40,80,90,2.2,80.0,,https://raw.githubusercontent.com/EchoFia/Learning-Through-Projects/refs/heads/main/Python/Pokemon/images/img157.png
115,I,Mega Kangaskhan,Normal,Parental Bond,,105,125,100,60,100,100,2.2,100.0,,https://raw.githubusercontent.com/EchoFia/Learning-Through-Projects/refs/heads/main/Python/Pokemon/images/img158.png
116,I,Horsea,Water,"Swift Swim, Sniper",Damp,30,40,70,70,25,60,0.4,8.0,,https://raw.githubusercontent.com/EchoFia/Learning-Through-Projects/refs/heads/main/Python/Pokemon/images/img159.png
117,I,Seadra,Water,"Poison Point, Sniper",Damp,55,65,95,95,45,85,1.2,25.0,,https://raw.githubusercontent.com/EchoFia/Learning-Through-Projects/refs/heads/main/Python/Pokemon/images/img160.png
118,I,Goldeen,Water,"Swift Swim, Water Veil",Lightning Rod,45,67,60,35,50,63,0.6,15.0,,https://raw.githubusercontent.com/EchoFia/Learning-Through-Projects/refs/heads/main/Python/Pokemon/images/img161.png
119,I,Seaking,Water,"Swift Swim, Water Veil",Lightning Rod,80,92,65,65,80,68,1.3,39.0,,https://raw.githubusercontent.com/EchoFia/Learning-Through-Projects/refs/heads/main/Python/Pokemon/images/img162.png
120,I,Staryu,Water,"Illuminate, Natural Cure",Analytic,30,45,55,70,55,85,0.8,34.5,,https://raw.githubusercontent.com/EchoFia/Learning-Through-Projects/refs/heads/main/Python/Pokemon/images/img163.png
121,I,Starmie,"Water, Psychic","Illuminate, Natural Cure",Analytic,60,75,85,100,85,115,1.1,80.0,,https://raw.githubusercontent.com/EchoFia/Learning-Through-Projects/refs/heads/main/Python/Pokemon/images/img164.png
121,I,Mega Starmie,"Water, Psychic",Huge Power,,60,140,105,130,105,120,2.3,80.0,,https://raw.githubusercontent.com/EchoFia/Learning-Through-Projects/refs/heads/main/Python/Pokemon/images/img165.png
122,I,Mr. Mime,"Psychic, Fairy","Soundproof, Filter",Technician,40,45,65,100,120,90,1.3,54.5,,https://raw.githubusercontent.com/EchoFia/Learning-Through-Projects/refs/heads/main/Python/Pokemon/images/img166.png
122,I,Galarian Mr. Mime,"Ice, Psychic","Vital Spirit, Screen Cleaner",Ice Body,50,65,65,90,90,100,1.4,56.8,,https://raw.githubusercontent.com/EchoFia/Learning-Through-Projects/refs/heads/main/Python/Pokemon/images/img167.png
123,I,Scyther,"Bug, Flying","Swarm, Technician",Steadfast,70,110,80,55,80,105,1.5,56.0,,https://raw.githubusercontent.com/EchoFia/Learning-Through-Projects/refs/heads/main/Python/Pokemon/images/img168.png
124,I,Jynx,"Ice, Psychic","Oblivious, Forewarn",Dry Skin,65,50,35,115,95,95,1.4,40.6,,https://raw.githubusercontent.com/EchoFia/Learning-Through-Projects/refs/heads/main/Python/Pokemon/images/img169.png
125,I,Electabuzz,Electric,Static,Vital Spirit,65,83,57,95,85,105,1.1,30.0,,https://raw.githubusercontent.com/EchoFia/Learning-Through-Projects/refs/heads/main/Python/Pokemon/images/img170.png
126,I,Magmar,Fire,Flame Body,Vital Spirit,65,95,57,100,85,93,1.3,44.5,,https://raw.githubusercontent.com/EchoFia/Learning-Through-Projects/refs/heads/main/Python/Pokemon/images/img171.png
127,I,Pinsir,Bug,"Hyper Cutter, Mold Breaker",Moxie,65,125,100,55,70,85,1.5,55.0,,https://raw.githubusercontent.com/EchoFia/Learning-Through-Projects/refs/heads/main/Python/Pokemon/images/img172.png
127,I,Mega Pinsir,"Bug, Flying",Aerilate,,65,155,120,65,90,105,1.7,59.0,,https://raw.githubusercontent.com/EchoFia/Learning-Through-Projects/refs/heads/main/Python/Pokemon/images/img173.png
128,I,Tauros,Normal,"Intimidate, Anger Point",Sheer Force,75,100,95,40,70,110,1.4,88.4,,https://raw.githubusercontent.com/EchoFia/Learning-Through-Projects/refs/heads/main/Python/Pokemon/images/img174.png
128,I,Tauros Combat Breed,Fighting,"Intimidate, Anger Point",Cud Chew,75,110,105,30,70,100,1.4,115.0,,https://raw.githubusercontent.com/EchoFia/Learning-Through-Projects/refs/heads/main/Python/Pokemon/images/img175.png
128,I,Tauros Blaze Breed,"Fighting, Fire","Intimidate, Anger Point",Cud Chew,75,110,105,30,70,100,1.4,85.0,,https://raw.githubusercontent.com/EchoFia/Learning-Through-Projects/refs/heads/main/Python/Pokemon/images/img176.png
128,I,Tauros Aqua Breed,"Fighting, Water","Intimidate, Anger Point",Cud Chew,75,110,105,30,70,100,1.4,110.0,,https://raw.githubusercontent.com/EchoFia/Learning-Through-Projects/refs/heads/main/Python/Pokemon/images/img177.png
129,I,Magikarp,Water,Swift Swim,Rattled,20,10,55,15,20,80,0.9,10.0,,https://raw.githubusercontent.com/EchoFia/Learning-Through-Projects/refs/heads/main/Python/Pokemon/images/img178.png
130,I,Gyarados,"Water, Flying",Intimidate,Moxie,95,125,79,60,100,81,6.5,235.0,,https://raw.githubusercontent.com/EchoFia/Learning-Through-Projects/refs/heads/main/Python/Pokemon/images/img179.png
130,I,Mega Gyarados,"Water, Dark",Mold Breaker,,95,155,109,70,130,81,6.5,305.0,,https://raw.githubusercontent.com/EchoFia/Learning-Through-Projects/refs/heads/main/Python/Pokemon/images/img180.png
131,I,Lapras,"Water, Ice","Water Absorb, Shell Armor",Hydration,130,85,80,85,95,60,2.5,220.0,,https://raw.githubusercontent.com/EchoFia/Learning-Through-Projects/refs/heads/main/Python/Pokemon/images/img181.png
132,I,Ditto,Normal,Limber,Imposter,48,48,48,48,48,48,0.3,4.0,,https://raw.githubusercontent.com/EchoFia/Learning-Through-Projects/refs/heads/main/Python/Pokemon/images/img182.png
133,I,Eevee,Normal,"Run Away, Adaptability",Anticipation,55,55,50,45,65,55,0.3,6.5,,https://raw.githubusercontent.com/EchoFia/Learning-Through-Projects/refs/heads/main/Python/Pokemon/images/img183.png
133,I,Partner Eevee,Normal,,,65,75,70,65,85,75,0.3,6.5,,https://raw.githubusercontent.com/EchoFia/Learning-Through-Projects/refs/heads/main/Python/Pokemon/images/img184.png
134,I,Vaporeon,Water,Water Absorb,Hydration,130,65,60,110,95,65,1.0,29.0,,https://raw.githubusercontent.com/EchoFia/Learning-Through-Projects/refs/heads/main/Python/Pokemon/images/img185.png
135,I,Jolteon,Electric,Volt Absorb,Quick Feet,65,65,60,110,95,130,0.8,24.5,,https://raw.githubusercontent.com/EchoFia/Learning-Through-Projects/refs/heads/main/Python/Pokemon/images/img186.png
136,I,Flareon,Fire,Flash Fire,Guts,65,130,60,95,110,65,0.9,25.0,,https://raw.githubusercontent.com/EchoFia/Learning-Through-Projects/refs/heads/main/Python/Pokemon/images/img187.png
137,I,Porygon,Normal,"Trace, Download",Analytic,65,60,70,85,75,40,0.8,36.5,,https://raw.githubusercontent.com/EchoFia/Learning-Through-Projects/refs/heads/main/Python/Pokemon/images/img188.png
138,I,Omanyte,"Rock, Water","Swift Swim, Shell Armor",Weak Armor,35,40,100,90,55,35,0.4,7.5,,https://raw.githubusercontent.com/EchoFia/Learning-Through-Projects/refs/heads/main/Python/Pokemon/images/img189.png
139,I,Omastar,"Rock, Water","Swift Swim, Shell Armor",Weak Armor,70,60,125,115,70,55,1.0,35.0,,https://raw.githubusercontent.com/EchoFia/Learning-Through-Projects/refs/heads/main/Python/Pokemon/images/img190.png
140,I,Kabuto,"Rock, Water","Swift Swim, Battle Armor",Weak Armor,30,80,90,55,45,55,0.5,11.5,,https://raw.githubusercontent.com/EchoFia/Learning-Through-Projects/refs/heads/main/Python/Pokemon/images/img191.png
141,I,Kabutops,"Rock, Water","Swift Swim, Battle Armor",Weak Armor,60,115,105,65,70,80,1.3,40.5,,https://raw.githubusercontent.com/EchoFia/Learning-Through-Projects/refs/heads/main/Python/Pokemon/images/img192.png
142,I,Aerodactyl,"Rock, Flying","Rock Head, Pressure",Unnerve,80,105,65,60,75,130,1.8,59.0,,https://raw.githubusercontent.com/EchoFia/Learning-Through-Projects/refs/heads/main/Python/Pokemon/images/img193.png
142,I,Mega Aerodactyl,"Rock, Flying",Tough Claws,,80,135,85,70,95,150,2.1,79.0,,https://raw.githubusercontent.com/EchoFia/Learning-Through-Projects/refs/heads/main/Python/Pokemon/images/img194.png
143,I,Snorlax,Normal,"Immunity, Thick Fat",Gluttony,160,110,65,65,110,30,2.1,460.0,,https://raw.githubusercontent.com/EchoFia/Learning-Through-Projects/refs/heads/main/Python/Pokemon/images/img195.png
144,I,Articuno,"Ice, Flying",Pressure,Snow Cloak,90,85,100,95,125,85,1.7,55.4,,https://raw.githubusercontent.com/EchoFia/Learning-Through-Projects/refs/heads/main/Python/Pokemon/images/img196.png
144,I,Galarian Articuno,"Psychic, Flying",Competitive,,90,85,85,125,100,95,1.7,50.9,,https://raw.githubusercontent.com/EchoFia/Learning-Through-Projects/refs/heads/main/Python/Pokemon/images/img197.png
145,I,Zapdos,"Electric, Flying",Pressure,Static,90,90,85,125,90,100,1.6,52.6,,https://raw.githubusercontent.com/EchoFia/Learning-Through-Projects/refs/heads/main/Python/Pokemon/images/img198.png
145,I,Galarian Zapdos,"Fighting, Flying",Defiant,,90,125,90,85,90,100,1.6,58.2,,https://raw.githubusercontent.com/EchoFia/Learning-Through-Projects/refs/heads/main/Python/Pokemon/images/img199.png
146,I,Moltres,"Fire, Flying",Pressure,Flame Body,90,100,90,125,85,90,2.0,60.0,,https://raw.githubusercontent.com/EchoFia/Learning-Through-Projects/refs/heads/main/Python/Pokemon/images/img200.png
146,I,Galarian Moltres,"Dark, Flying",Berserk,,90,85,90,100,125,90,2.0,66.0,,https://raw.githubusercontent.com/EchoFia/Learning-Through-Projects/refs/heads/main/Python/Pokemon/images/img201.png
147,I,Dratini,Dragon,Shed Skin,Marvel Scale,41,64,45,50,50,50,1.8,3.3,,https://raw.githubusercontent.com/EchoFia/Learning-Through-Projects/refs/heads/main/Python/Pokemon/images/img202.png
148,I,Dragonair,Dragon,Shed Skin,Marvel Scale,61,84,65,70,70,70,4.0,16.5,,https://raw.githubusercontent.com/EchoFia/Learning-Through-Projects/refs/heads/main/Python/Pokemon/images/img203.png
149,I,Dragonite,"Dragon, Flying",Inner Focus,Multiscale,91,134,95,100,100,80,2.2,210.0,,https://raw.githubusercontent.com/EchoFia/Learning-Through-Projects/refs/heads/main/Python/Pokemon/images/img204.png
149,I,Mega Dragonite,"Dragon, Flying",Multiscale,,91,124,115,145,125,100,2.2,290.0,,https://raw.githubusercontent.com/EchoFia/Learning-Through-Projects/refs/heads/main/Python/Pokemon/images/img205.png
150,I,Mewtwo,Psychic,Pressure,Unnerve,106,110,90,154,90,130,2.0,122.0,,https://raw.githubusercontent.com/EchoFia/Learning-Through-Projects/refs/heads/main/Python/Pokemon/images/img206.png
150,I,Mega Mewtwo X,"Psychic, Fighting",Steadfast,,106,190,100,154,100,130,2.3,127.0,,https://raw.githubusercontent.com/EchoFia/Learning-Through-Projects/refs/heads/main/Python/Pokemon/images/img207.png
150,I,Mega Mewtwo Y,Psychic,Insomnia,,106,150,70,194,120,140,1.5,33.0,,https://raw.githubusercontent.com/EchoFia/Learning-Through-Projects/refs/heads/main/Python/Pokemon/images/img208.png
151,I,Mew,Psychic,Synchronize,,100,100,100,100,100,100,0.4,4.0,,https://raw.githubusercontent.com/EchoFia/Learning-Through-Projects/refs/heads/main/Python/Pokemon/images/img209.png
152,II,Chikorita,Grass,Overgrow,Leaf Guard,45,49,65,49,65,45,0.9,6.4,,https://raw.githubusercontent.com/EchoFia/Learning-Through-Projects/refs/heads/main/Python/Pokemon/images/img210.png
153,II,Bayleef,Grass,Overgrow,Leaf Guard,60,62,80,63,80,60,1.2,15.8,,https://raw.githubusercontent.com/EchoFia/Learning-Through-Projects/refs/heads/main/Python/Pokemon/images/img211.png
154,II,Meganium,Grass,Overgrow,Leaf Guard,80,82,100,83,100,80,1.8,100.5,,https://raw.githubusercontent.com/EchoFia/Learning-Through-Projects/refs/heads/main/Python/Pokemon/images/img212.png
154,II,Mega Meganium,"Grass, Fairy",Mega Sol,,80,92,115,143,115,80,2.4,201.0,,https://raw.githubusercontent.com/EchoFia/Learning-Through-Projects/refs/heads/main/Python/Pokemon/images/img213.png
155,II,Cyndaquil,Fire,Blaze,Flash Fire,39,52,43,60,50,65,0.5,7.9,,https://raw.githubusercontent.com/EchoFia/Learning-Through-Projects/refs/heads/main/Python/Pokemon/images/img214.png
156,II,Quilava,Fire,Blaze,Flash Fire,58,64,58,80,65,80,0.9,19.0,,https://raw.githubusercontent.com/EchoFia/Learning-Through-Projects/refs/heads/main/Python/Pokemon/images/img215.png
157,II,Typhlosion,Fire,Blaze,Flash Fire,78,84,78,109,85,100,1.7,79.5,,https://raw.githubusercontent.com/EchoFia/Learning-Through-Projects/refs/heads/main/Python/Pokemon/images/img216.png
157,II,Hisuian Typhlosion,"Fire, Ghost",Blaze,Frisk,73,84,78,119,85,95,1.6,69.8,,https://raw.githubusercontent.com/EchoFia/Learning-Through-Projects/refs/heads/main/Python/Pokemon/images/img217.png
158,II,Totodile,Water,Torrent,Sheer Force,50,65,64,44,48,43,0.6,9.5,,https://raw.githubusercontent.com/EchoFia/Learning-Through-Projects/refs/heads/main/Python/Pokemon/images/img218.png
159,II,Croconaw,Water,Torrent,Sheer Force,65,80,80,59,63,58,1.1,25.0,,https://raw.githubusercontent.com/EchoFia/Learning-Through-Projects/refs/heads/main/Python/Pokemon/images/img219.png
160,II,Feraligatr,Water,Torrent,Sheer Force,85,105,100,79,83,78,2.3,88.8,,https://raw.githubusercontent.com/EchoFia/Learning-Through-Projects/refs/heads/main/Python/Pokemon/images/img220.png
160,II,Mega Feraligatr,"Water, Dragon",Dragonize,,85,160,125,89,93,78,2.3,108.8,,https://raw.githubusercontent.com/EchoFia/Learning-Through-Projects/refs/heads/main/Python/Pokemon/images/img221.png
161,II,Sentret,Normal,"Run Away, Keen Eye",Frisk,35,46,34,35,45,20,0.8,6.0,,https://raw.githubusercontent.com/EchoFia/Learning-Through-Projects/refs/heads/main/Python/Pokemon/images/img222.png
162,II,Furret,Normal,"Run Away, Keen Eye",Frisk,85,76,64,45,55,90,1.8,32.5,,https://raw.githubusercontent.com/EchoFia/Learning-Through-Projects/refs/heads/main/Python/Pokemon/images/img223.png
163,II,Hoothoot,"Normal, Flying","Insomnia, Keen Eye",Tinted Lens,60,30,30,36,56,50,0.7,21.2,,https://raw.githubusercontent.com/EchoFia/Learning-Through-Projects/refs/heads/main/Python/Pokemon/images/img224.png
164,II,Noctowl,"Normal, Flying","Insomnia, Keen Eye",Tinted Lens,100,50,50,86,96,70,1.6,40.8,,https://raw.githubusercontent.com/EchoFia/Learning-Through-Projects/refs/heads/main/Python/Pokemon/images/img225.png
165,II,Ledyba,"Bug, Flying","Swarm, Early Bird",Rattled,40,20,30,40,80,55,1.0,10.8,,https://raw.githubusercontent.com/EchoFia/Learning-Through-Projects/refs/heads/main/Python/Pokemon/images/img226.png
166,II,Ledian,"Bug, Flying","Swarm, Early Bird",Iron Fist,55,35,50,55,110,85,1.4,35.6,,https://raw.githubusercontent.com/EchoFia/Learning-Through-Projects/refs/heads/main/Python/Pokemon/images/img227.png
167,II,Spinarak,"Bug, Poison","Swarm, Insomnia",Sniper,40,60,40,40,40,30,0.5,8.5,,https://raw.githubusercontent.com/EchoFia/Learning-Through-Projects/refs/heads/main/Python/Pokemon/images/img228.png
168,II,Ariados,"Bug, Poison","Swarm, Insomnia",Sniper,70,90,70,60,70,40,1.1,33.5,,https://raw.githubusercontent.com/EchoFia/Learning-Through-Projects/refs/heads/main/Python/Pokemon/images/img229.png
169,II,Crobat,"Poison, Flying",Inner Focus,Infiltrator,85,90,80,70,80,130,1.8,75.0,,https://raw.githubusercontent.com/EchoFia/Learning-Through-Projects/refs/heads/main/Python/Pokemon/images/img230.png
170,II,Chinchou,"Water, Electric","Volt Absorb, Illuminate",Water Absorb,75,38,38,56,56,67,0.5,12.0,,https://raw.githubusercontent.com/EchoFia/Learning-Through-Projects/refs/heads/main/Python/Pokemon/images/img231.png
171,II,Lanturn,"Water, Electric","Volt Absorb, Illuminate",Water Absorb,125,58,58,76,76,67,1.2,22.5,,https://raw.githubusercontent.com/EchoFia/Learning-Through-Projects/refs/heads/main/Python/Pokemon/images/img232.png
172,II,Pichu,Electric,Static,Lightning Rod,20,40,15,35,35,60,0.3,2.0,,https://raw.githubusercontent.com/EchoFia/Learning-Through-Projects/refs/heads/main/Python/Pokemon/images/img233.png
173,II,Cleffa,Fairy,"Cute Charm, Magic Guard",Friend Guard,50,25,28,45,55,15,0.3,3.0,,https://raw.githubusercontent.com/EchoFia/Learning-Through-Projects/refs/heads/main/Python/Pokemon/images/img234.png
174,II,Igglybuff,"Normal, Fairy","Cute Charm, Competitive",Friend Guard,90,30,15,40,20,15,0.3,1.0,,https://raw.githubusercontent.com/EchoFia/Learning-Through-Projects/refs/heads/main/Python/Pokemon/images/img235.png
175,II,Togepi,Fairy,"Hustle, Serene Grace",Super Luck,35,20,65,40,65,20,0.3,1.5,,https://raw.githubusercontent.com/EchoFia/Learning-Through-Projects/refs/heads/main/Python/Pokemon/images/img236.png
176,II,Togetic,"Fairy, Flying","Hustle, Serene Grace",Super Luck,55,40,85,80,105,40,0.6,3.2,,https://raw.githubusercontent.com/EchoFia/Learning-Through-Projects/refs/heads/main/Python/Pokemon/images/img237.png
177,II,Natu,"Psychic, Flying","Synchronize, Early Bird",Magic Bounce,40,50,45,70,45,70,0.2,2.0,,https://raw.githubusercontent.com/EchoFia/Learning-Through-Projects/refs/heads/main/Python/Pokemon/images/img238.png
178,II,Xatu,"Psychic, Flying","Synchronize, Early Bird",Magic Bounce,65,75,70,95,70,95,1.5,15.0,,https://raw.githubusercontent.com/EchoFia/Learning-Through-Projects/refs/heads/main/Python/Pokemon/images/img239.png
179,II,Mareep,Electric,Static,Plus,55,40,40,65,45,35,0.6,7.8,,https://raw.githubusercontent.com/EchoFia/Learning-Through-Projects/refs/heads/main/Python/Pokemon/images/img240.png
180,II,Flaaffy,Electric,Static,Plus,70,55,55,80,60,45,0.8,13.3,,https://raw.githubusercontent.com/EchoFia/Learning-Through-Projects/refs/heads/main/Python/Pokemon/images/img241.png
181,II,Ampharos,Electric,Static,Plus,90,75,85,115,90,55,1.4,61.5,,https://raw.githubusercontent.com/EchoFia/Learning-Through-Projects/refs/heads/main/Python/Pokemon/images/img242.png
181,II,Mega Ampharos,"Electric, Dragon",Mold Breaker,,90,95,105,165,110,45,1.4,61.5,,https://raw.githubusercontent.com/EchoFia/Learning-Through-Projects/refs/heads/main/Python/Pokemon/images/img243.png
182,II,Bellossom,Grass,Chlorophyll,Healer,75,80,95,90,100,50,0.4,5.8,,https://raw.githubusercontent.com/EchoFia/Learning-Through-Projects/refs/heads/main/Python/Pokemon/images/img244.png
183,II,Marill,"Water, Fairy","Thick Fat, Huge Power",Sap Sipper,70,20,50,20,50,40,0.4,8.5,,https://raw.githubusercontent.com/EchoFia/Learning-Through-Projects/refs/heads/main/Python/Pokemon/images/img245.png
184,II,Azumarill,"Water, Fairy","Thick Fat, Huge Power",Sap Sipper,100,50,80,60,80,50,0.8,28.5,,https://raw.githubusercontent.com/EchoFia/Learning-Through-Projects/refs/heads/main/Python/Pokemon/images/img246.png
185,II,Sudowoodo,Rock,"Sturdy, Rock Head",Rattled,70,100,115,30,65,30,1.2,38.0,,https://raw.githubusercontent.com/EchoFia/Learning-Through-Projects/refs/heads/main/Python/Pokemon/images/img247.png
186,II,Politoed,Water,"Water Absorb, Damp",Drizzle,90,75,75,90,100,70,1.1,33.9,,https://raw.githubusercontent.com/EchoFia/Learning-Through-Projects/refs/heads/main/Python/Pokemon/images/img248.png
187,II,Hoppip,"Grass, Flying","Chlorophyll, Leaf Guard",Infiltrator,35,35,40,35,55,50,0.4,0.5,,https://raw.githubusercontent.com/EchoFia/Learning-Through-Projects/refs/heads/main/Python/Pokemon/images/img249.png
188,II,Skiploom,"Grass, Flying","Chlorophyll, Leaf Guard",Infiltrator,55,45,50,45,65,80,0.6,1.0,,https://raw.githubusercontent.com/EchoFia/Learning-Through-Projects/refs/heads/main/Python/Pokemon/images/img250.png
189,II,Jumpluff,"Grass, Flying","Chlorophyll, Leaf Guard",Infiltrator,75,55,70,55,95,110,0.8,3.0,,https://raw.githubusercontent.com/EchoFia/Learning-Through-Projects/refs/heads/main/Python/Pokemon/images/img251.png
190,II,Aipom,Normal,"Run Away, Pickup",Skill Link,55,70,55,40,55,85,0.8,11.5,,https://raw.githubusercontent.com/EchoFia/Learning-Through-Projects/refs/heads/main/Python/Pokemon/images/img252.png
191,II,Sunkern,Grass,"Chlorophyll, Solar Power",Early Bird,30,30,30,30,30,30,0.3,1.8,,https://raw.githubusercontent.com/EchoFia/Learning-Through-Projects/refs/heads/main/Python/Pokemon/images/img253.png
192,II,Sunflora,Grass,"Chlorophyll, Solar Power",Early Bird,75,75,55,105,85,30,0.8,8.5,,https://raw.githubusercontent.com/EchoFia/Learning-Through-Projects/refs/heads/main/Python/Pokemon/images/img254.png
193,II,Yanma,"Bug, Flying","Speed Boost, Compound Eyes",Frisk,65,65,45,75,45,95,1.2,38.0,,https://raw.githubusercontent.com/EchoFia/Learning-Through-Projects/refs/heads/main/Python/Pokemon/images/img255.png
194,II,Wooper,"Water, Ground","Damp, Water Absorb",Unaware,55,45,45,25,25,15,0.4,8.5,,https://raw.githubusercontent.com/EchoFia/Learning-Through-Projects/refs/heads/main/Python/Pokemon/images/img256.png
194,II,Paldean Wooper,"Poison, Ground","Poison Point, Water Absorb",Unaware,55,45,45,25,25,15,0.4,11.0,,https://raw.githubusercontent.com/EchoFia/Learning-Through-Projects/refs/heads/main/Python/Pokemon/images/img257.png
195,II,Quagsire,"Water, Ground","Damp, Water Absorb",Unaware,95,85,85,65,65,35,1.4,75.0,,https://raw.githubusercontent.com/EchoFia/Learning-Through-Projects/refs/heads/main/Python/Pokemon/images/img258.png
196,II,Espeon,Psychic,Synchronize,Magic Bounce,65,65,60,130,95,110,0.9,26.5,,https://raw.githubusercontent.com/EchoFia/Learning-Through-Projects/refs/heads/main/Python/Pokemon/images/img259.png
197,II,Umbreon,Dark,Synchronize,Inner Focus,95,65,110,60,130,65,1.0,27.0,,https://raw.githubusercontent.com/EchoFia/Learning-Through-Projects/refs/heads/main/Python/Pokemon/images/img260.png
198,II,Murkrow,"Dark, Flying","Insomnia, Super Luck",Prankster,60,85,42,85,42,91,0.5,2.1,,https://raw.githubusercontent.com/EchoFia/Learning-Through-Projects/refs/heads/main/Python/Pokemon/images/img261.png
199,II,Slowking,"Water, Psychic","Oblivious, Own Tempo",Regenerator,95,75,80,100,110,30,2.0,79.5,,https://raw.githubusercontent.com/EchoFia/Learning-Through-Projects/refs/heads/main/Python/Pokemon/images/img262.png
199,II,Galarian Slowking,"Poison, Psychic","Curious Medicine, Own Tempo",Regenerator,95,65,80,110,110,30,1.8,79.5,,https://raw.githubusercontent.com/EchoFia/Learning-Through-Projects/refs/heads/main/Python/Pokemon/images/img263.png
200,II,Misdreavus,Ghost,Levitate,,60,60,60,85,85,85,0.7,1.0,,https://raw.githubusercontent.com/EchoFia/Learning-Through-Projects/refs/heads/main/Python/Pokemon/images/img264.png
201,II,Unown,Psychic,Levitate,,48,72,48,72,48,48,0.5,5.0,,https://raw.githubusercontent.com/EchoFia/Learning-Through-Projects/refs/heads/main/Python/Pokemon/images/img265.png
202,II,Wobbuffet,Psychic,Shadow Tag,Telepathy,190,33,58,33,58,33,1.3,28.5,,https://raw.githubusercontent.com/EchoFia/Learning-Through-Projects/refs/heads/main/Python/Pokemon/images/img266.png
203,II,Girafarig,"Normal, Psychic","Inner Focus, Early Bird",Sap Sipper,70,80,65,90,65,85,1.5,41.5,,https://raw.githubusercontent.com/EchoFia/Learning-Through-Projects/refs/heads/main/Python/Pokemon/images/img267.png
204,II,Pineco,Bug,Sturdy,Overcoat,50,65,90,35,35,15,0.6,7.2,,https://raw.githubusercontent.com/EchoFia/Learning-Through-Projects/refs/heads/main/Python/Pokemon/images/img268.png
205,II,Forretress,"Bug, Steel",Sturdy,Overcoat,75,90,140,60,60,40,1.2,125.8,,https://raw.githubusercontent.com/EchoFia/Learning-Through-Projects/refs/heads/main/Python/Pokemon/images/img269.png
206,II,Dunsparce,Normal,"Serene Grace, Run Away",Rattled,100,70,70,65,65,45,1.5,14.0,,https://raw.githubusercontent.com/EchoFia/Learning-Through-Projects/refs/heads/main/Python/Pokemon/images/img270.png
207,II,Gligar,"Ground, Flying","Hyper Cutter, Sand Veil",Immunity,65,75,105,35,65,85,1.1,64.8,,https://raw.githubusercontent.com/EchoFia/Learning-Through-Projects/refs/heads/main/Python/Pokemon/images/img271.png
208,II,Steelix,"Steel, Ground","Rock Head, Sturdy",Sheer Force,75,85,200,55,65,30,9.2,400.0,,https://raw.githubusercontent.com/EchoFia/Learning-Through-Projects/refs/heads/main/Python/Pokemon/images/img272.png
208,II,Mega Steelix,"Steel, Ground",Sand Force,,75,125,230,55,95,30,10.5,740.0,,https://raw.githubusercontent.com/EchoFia/Learning-Through-Projects/refs/heads/main/Python/Pokemon/images/img273.png
209,II,Snubbull,Fairy,"Intimidate, Run Away",Rattled,60,80,50,40,40,30,0.6,7.8,,https://raw.githubusercontent.com/EchoFia/Learning-Through-Projects/refs/heads/main/Python/Pokemon/images/img274.png
210,II,Granbull,Fairy,"Intimidate, Quick Feet",Rattled,90,120,75,60,60,45,1.4,48.7,,https://raw.githubusercontent.com/EchoFia/Learning-Through-Projects/refs/heads/main/Python/Pokemon/images/img275.png
211,II,Qwilfish,"Water, Poison","Poison Point, Swift Swim",Intimidate,65,95,85,55,55,85,0.5,3.9,,https://raw.githubusercontent.com/EchoFia/Learning-Through-Projects/refs/heads/main/Python/Pokemon/images/img276.png
211,II,Hisuian Qwilfish,"Dark, Poison","Poison Point, Swift Swim",Intimidate,65,95,85,55,55,85,0.5,3.9,,https://raw.githubusercontent.com/EchoFia/Learning-Through-Projects/refs/heads/main/Python/Pokemon/images/img277.png
212,II,Scizor,"Bug, Steel","Swarm, Technician",Light Metal,70,130,100,55,80,65,1.8,118.0,,https://raw.githubusercontent.com/EchoFia/Learning-Through-Projects/refs/heads/main/Python/Pokemon/images/img278.png
212,II,Mega Scizor,"Bug, Steel",Technician,,70,150,140,65,100,75,2.0,125.0,,https://raw.githubusercontent.com/EchoFia/Learning-Through-Projects/refs/heads/main/Python/Pokemon/images/img279.png
213,II,Shuckle,"Bug, Rock","Sturdy, Gluttony",Contrary,20,10,230,10,230,5,0.6,20.5,,https://raw.githubusercontent.com/EchoFia/Learning-Through-Projects/refs/heads/main/Python/Pokemon/images/img280.png
214,II,Heracross,"Bug, Fighting","Swarm, Guts",Moxie,80,125,75,40,95,85,1.5,54.0,,https://raw.githubusercontent.com/EchoFia/Learning-Through-Projects/refs/heads/main/Python/Pokemon/images/img281.png
214,II,Mega Heracross,"Bug, Fighting",Skill Link,,80,185,115,40,105,75,1.7,62.5,,https://raw.githubusercontent.com/EchoFia/Learning-Through-Projects/refs/heads/main/Python/Pokemon/images/img282.png
215,II,Sneasel,"Dark, Ice","Inner Focus, Keen Eye",Pickpocket,55,95,55,35,75,115,0.9,28.0,,https://raw.githubusercontent.com/EchoFia/Learning-Through-Projects/refs/heads/main/Python/Pokemon/images/img283.png
215,II,Hisuian Sneasel,"Fighting, Poison","Inner Focus, Keen Eye",Pickpocket,55,95,55,35,75,115,0.9,27.0,,https://raw.githubusercontent.com/EchoFia/Learning-Through-Projects/refs/heads/main/Python/Pokemon/images/img284.png
216,II,Teddiursa,Normal,"Pickup, Quick Feet",Honey Gather,60,80,50,50,50,40,0.6,8.8,,https://raw.githubusercontent.com/EchoFia/Learning-Through-Projects/refs/heads/main/Python/Pokemon/images/img285.png
217,II,Ursaring,Normal,"Guts, Quick Feet",Unnerve,90,130,75,75,75,55,1.8,125.8,,https://raw.githubusercontent.com/EchoFia/Learning-Through-Projects/refs/heads/main/Python/Pokemon/images/img286.png
218,II,Slugma,Fire,"Magma Armor, Flame Body",Weak Armor,40,40,40,70,40,20,0.7,35.0,,https://raw.githubusercontent.com/EchoFia/Learning-Through-Projects/refs/heads/main/Python/Pokemon/images/img287.png
219,II,Magcargo,"Fire, Rock","Magma Armor, Flame Body",Weak Armor,60,50,120,90,80,30,0.8,55.0,,https://raw.githubusercontent.com/EchoFia/Learning-Through-Projects/refs/heads/main/Python/Pokemon/images/img288.png
220,II,Swinub,"Ice, Ground","Oblivious, Snow Cloak",Thick Fat,50,50,40,30,30,50,0.4,6.5,,https://raw.githubusercontent.com/EchoFia/Learning-Through-Projects/refs/heads/main/Python/Pokemon/images/img289.png
221,II,Piloswine,"Ice, Ground","Oblivious, Snow Cloak",Thick Fat,100,100,80,60,60,50,1.1,55.8,,https://raw.githubusercontent.com/EchoFia/Learning-Through-Projects/refs/heads/main/Python/Pokemon/images/img290.png
222,II,Corsola,"Water, Rock","Hustle, Natural Cure",Regenerator,65,55,95,65,95,35,0.6,5.0,,https://raw.githubusercontent.com/EchoFia/Learning-Through-Projects/refs/heads/main/Python/Pokemon/images/img291.png
222,II,Galarian Corsola,Ghost,Weak Armor,Cursed Body,60,55,100,65,100,30,0.6,0.5,,https://raw.githubusercontent.com/EchoFia/Learning-Through-Projects/refs/heads/main/Python/Pokemon/images/img292.png
223,II,Remoraid,Water,"Hustle, Sniper",Moody,35,65,35,65,35,65,0.6,12.0,,https://raw.githubusercontent.com/EchoFia/Learning-Through-Projects/refs/heads/main/Python/Pokemon/images/img293.png
224,II,Octillery,Water,"Suction Cups, Sniper",Moody,75,105,75,105,75,45,0.9,28.5,,https://raw.githubusercontent.com/EchoFia/Learning-Through-Projects/refs/heads/main/Python/Pokemon/images/img294.png
225,II,Delibird,"Ice, Flying","Vital Spirit, Hustle",Insomnia,45,55,45,65,45,75,0.9,16.0,,https://raw.githubusercontent.com/EchoFia/Learning-Through-Projects/refs/heads/main/Python/Pokemon/images/img295.png
226,II,Mantine,"Water, Flying","Swift Swim, Water Absorb",Water Veil,85,40,70,80,140,70,2.1,220.0,,https://raw.githubusercontent.com/EchoFia/Learning-Through-Projects/refs/heads/main/Python/Pokemon/images/img296.png
227,II,Skarmory,"Steel, Flying","Keen Eye, Sturdy",Weak Armor,65,80,140,40,70,70,1.7,50.5,,https://raw.githubusercontent.com/EchoFia/Learning-Through-Projects/refs/heads/main/Python/Pokemon/images/img297.png
227,II,Mega Skarmory,"Steel, Flying",Stalwart,,65,140,110,40,100,110,1.7,40.4,,https://raw.githubusercontent.com/EchoFia/Learning-Through-Projects/refs/heads/main/Python/Pokemon/images/img298.png
228,II,Houndour,"Dark, Fire","Early Bird, Flash Fire",Unnerve,45,60,30,80,50,65,0.6,10.8,,https://raw.githubusercontent.com/EchoFia/Learning-Through-Projects/refs/heads/main/Python/Pokemon/images/img299.png
229,II,Houndoom,"Dark, Fire","Early Bird, Flash Fire",Unnerve,75,90,50,110,80,95,1.4,35.0,,https://raw.githubusercontent.com/EchoFia/Learning-Through-Projects/refs/heads/main/Python/Pokemon/images/img300.png
229,II,Mega Houndoom,"Dark, Fire",Solar Power,,75,90,90,140,90,115,1.9,49.5,,https://raw.githubusercontent.com/EchoFia/Learning-Through-Projects/refs/heads/main/Python/Pokemon/images/img301.png
230,II,Kingdra,"Water, Dragon","Swift Swim, Sniper",Damp,75,95,95,95,95,85,1.8,152.0,,https://raw.githubusercontent.com/EchoFia/Learning-Through-Projects/refs/heads/main/Python/Pokemon/images/img302.png
231,II,Phanpy,Ground,Pickup,Sand Veil,90,60,60,40,40,40,0.5,33.5,,https://raw.githubusercontent.com/EchoFia/Learning-Through-Projects/refs/heads/main/Python/Pokemon/images/img303.png
232,II,Donphan,Ground,Sturdy,Sand Veil,90,120,120,60,60,50,1.1,120.0,,https://raw.githubusercontent.com/EchoFia/Learning-Through-Projects/refs/heads/main/Python/Pokemon/images/img304.png
233,II,Porygon2,Normal,"Trace, Download",Analytic,85,80,90,105,95,60,0.6,32.5,,https://raw.githubusercontent.com/EchoFia/Learning-Through-Projects/refs/heads/main/Python/Pokemon/images/img305.png
234,II,Stantler,Normal,"Intimidate, Frisk",Sap Sipper,73,95,62,85,65,85,1.4,71.2,,https://raw.githubusercontent.com/EchoFia/Learning-Through-Projects/refs/heads/main/Python/Pokemon/images/img306.png
235,II,Smeargle,Normal,"Own Tempo, Technician",Moody,55,20,35,20,45,75,1.2,58.0,,https://raw.githubusercontent.com/EchoFia/Learning-Through-Projects/refs/heads/main/Python/Pokemon/images/img307.png
236,II,Tyrogue,Fighting,"Guts, Steadfast",Vital Spirit,35,35,35,35,35,35,0.7,21.0,,https://raw.githubusercontent.com/EchoFia/Learning-Through-Projects/refs/heads/main/Python/Pokemon/images/img308.png
237,II,Hitmontop,Fighting,"Intimidate, Technician",Steadfast,50,95,95,35,110,70,1.4,48.0,,https://raw.githubusercontent.com/EchoFia/Learning-Through-Projects/refs/heads/main/Python/Pokemon/images/img309.png
238,II,Smoochum,"Ice, Psychic","Oblivious, Forewarn",Hydration,45,30,15,85,65,65,0.4,6.0,,https://raw.githubusercontent.com/EchoFia/Learning-Through-Projects/refs/heads/main/Python/Pokemon/images/img310.png
239,II,Elekid,Electric,Static,Vital Spirit,45,63,37,65,55,95,0.6,23.5,,https://raw.githubusercontent.com/EchoFia/Learning-Through-Projects/refs/heads/main/Python/Pokemon/images/img311.png
240,II,Magby,Fire,Flame Body,Vital Spirit,45,75,37,70,55,83,0.7,21.4,,https://raw.githubusercontent.com/EchoFia/Learning-Through-Projects/refs/heads/main/Python/Pokemon/images/img312.png
241,II,Miltank,Normal,"Thick Fat, Scrappy",Sap Sipper,95,80,105,40,70,100,1.2,75.5,,https://raw.githubusercontent.com/EchoFia/Learning-Through-Projects/refs/heads/main/Python/Pokemon/images/img313.png
242,II,Blissey,Normal,"Natural Cure, Serene Grace",Healer,255,10,10,75,135,55,1.5,46.8,,https://raw.githubusercontent.com/EchoFia/Learning-Through-Projects/refs/heads/main/Python/Pokemon/images/img314.png
243,II,Raikou,Electric,Pressure,Inner Focus,90,85,75,115,100,115,1.9,178.0,,https://raw.githubusercontent.com/EchoFia/Learning-Through-Projects/refs/heads/main/Python/Pokemon/images/img315.png
244,II,Entei,Fire,Pressure,Inner Focus,115,115,85,90,75,100,2.1,198.0,,https://raw.githubusercontent.com/EchoFia/Learning-Through-Projects/refs/heads/main/Python/Pokemon/images/img316.png
245,II,Suicune,Water,Pressure,Inner Focus,100,75,115,90,115,85,2.0,187.0,,https://raw.githubusercontent.com/EchoFia/Learning-Through-Projects/refs/heads/main/Python/Pokemon/images/img317.png
246,II,Larvitar,"Rock, Ground",Guts,Sand Veil,50,64,50,45,50,41,0.6,72.0,,https://raw.githubusercontent.com/EchoFia/Learning-Through-Projects/refs/heads/main/Python/Pokemon/images/img318.png
247,II,Pupitar,"Rock, Ground",Shed Skin,,70,84,70,65,70,51,1.2,152.0,,https://raw.githubusercontent.com/EchoFia/Learning-Through-Projects/refs/heads/main/Python/Pokemon/images/img319.png
248,II,Tyranitar,"Rock, Dark",Sand Stream,Unnerve,100,134,110,95,100,61,2.0,202.0,,https://raw.githubusercontent.com/EchoFia/Learning-Through-Projects/refs/heads/main/Python/Pokemon/images/img320.png
248,II,Mega Tyranitar,"Rock, Dark",Sand Stream,,100,164,150,95,120,71,2.5,255.0,,https://raw.githubusercontent.com/EchoFia/Learning-Through-Projects/refs/heads/main/Python/Pokemon/images/img321.png
249,II,Lugia,"Psychic, Flying",Pressure,Multiscale,106,90,130,90,154,110,5.2,216.0,,https://raw.githubusercontent.com/EchoFia/Learning-Through-Projects/refs/heads/main/Python/Pokemon/images/img322.png
250,II,Ho-oh,"Fire, Flying",Pressure,Regenerator,106,130,90,110,154,90,3.8,199.0,,https://raw.githubusercontent.com/EchoFia/Learning-Through-Projects/refs/heads/main/Python/Pokemon/images/img323.png
251,II,Celebi,"Psychic, Grass",Natural Cure,,100,100,100,100,100,100,0.6,5.0,,https://raw.githubusercontent.com/EchoFia/Learning-Through-Projects/refs/heads/main/Python/Pokemon/images/img324.png
252,III,Treecko,Grass,Overgrow,Unburden,40,45,35,65,55,70,0.5,5.0,,https://raw.githubusercontent.com/EchoFia/Learning-Through-Projects/refs/heads/main/Python/Pokemon/images/img325.png
253,III,Grovyle,Grass,Overgrow,Unburden,50,65,45,85,65,95,0.9,21.6,,https://raw.githubusercontent.com/EchoFia/Learning-Through-Projects/refs/heads/main/Python/Pokemon/images/img326.png
254,III,Sceptile,Grass,Overgrow,Unburden,70,85,65,105,85,120,1.7,52.2,,https://raw.githubusercontent.com/EchoFia/Learning-Through-Projects/refs/heads/main/Python/Pokemon/images/img327.png
254,III,Mega Sceptile,"Grass, Dragon",Lightning Rod,,70,110,75,145,85,145,1.9,55.2,,https://raw.githubusercontent.com/EchoFia/Learning-Through-Projects/refs/heads/main/Python/Pokemon/images/img328.png
255,III,Torchic,Fire,Blaze,Speed Boost,45,60,40,70,50,45,0.4,2.5,,https://raw.githubusercontent.com/EchoFia/Learning-Through-Projects/refs/heads/main/Python/Pokemon/images/img329.png
256,III,Combusken,"Fire, Fighting",Blaze,Speed Boost,60,85,60,85,60,55,0.9,19.5,,https://raw.githubusercontent.com/EchoFia/Learning-Through-Projects/refs/heads/main/Python/Pokemon/images/img330.png
257,III,Blaziken,"Fire, Fighting",Blaze,Speed Boost,80,120,70,110,70,80,1.9,52.0,,https://raw.githubusercontent.com/EchoFia/Learning-Through-Projects/refs/heads/main/Python/Pokemon/images/img331.png
257,III,Mega Blaziken,"Fire, Fighting",Speed Boost,,80,160,80,130,80,100,1.9,52.0,,https://raw.githubusercontent.com/EchoFia/Learning-Through-Projects/refs/heads/main/Python/Pokemon/images/img332.png
258,III,Mudkip,Water,Torrent,Damp,50,70,50,50,50,40,0.4,7.6,,https://raw.githubusercontent.com/EchoFia/Learning-Through-Projects/refs/heads/main/Python/Pokemon/images/img333.png
259,III,Marshtomp,"Water, Ground",Torrent,Damp,70,85,70,60,70,50,0.7,28.0,,https://raw.githubusercontent.com/EchoFia/Learning-Through-Projects/refs/heads/main/Python/Pokemon/images/img334.png
260,III,Swampert,"Water, Ground",Torrent,Damp,100,110,90,85,90,60,1.5,81.9,,https://raw.githubusercontent.com/EchoFia/Learning-Through-Projects/refs/heads/main/Python/Pokemon/images/img335.png
260,III,Mega Swampert,"Water, Ground",Swift Swim,,100,150,110,95,110,70,1.9,102.0,,https://raw.githubusercontent.com/EchoFia/Learning-Through-Projects/refs/heads/main/Python/Pokemon/images/img336.png
261,III,Poochyena,Dark,"Run Away, Quick Feet",Rattled,35,55,35,30,30,35,0.5,13.6,,https://raw.githubusercontent.com/EchoFia/Learning-Through-Projects/refs/heads/main/Python/Pokemon/images/img337.png
262,III,Mightyena,Dark,"Intimidate, Quick Feet",Moxie,70,90,70,60,60,70,1.0,37.0,,https://raw.githubusercontent.com/EchoFia/Learning-Through-Projects/refs/heads/main/Python/Pokemon/images/img338.png
263,III,Zigzagoon,Normal,"Pickup, Gluttony",Quick Feet,38,30,41,30,41,60,0.4,17.5,,https://raw.githubusercontent.com/EchoFia/Learning-Through-Projects/refs/heads/main/Python/Pokemon/images/img339.png
263,III,Galarian Zigzagoon,"Dark, Normal","Pickup, Gluttony",Quick Feet,38,30,41,30,41,60,0.4,17.5,,https://raw.githubusercontent.com/EchoFia/Learning-Through-Projects/refs/heads/main/Python/Pokemon/images/img340.png
264,III,Linoone,Normal,"Pickup, Gluttony",Quick Feet,78,70,61,50,61,100,0.5,32.5,,https://raw.githubusercontent.com/EchoFia/Learning-Through-Projects/refs/heads/main/Python/Pokemon/images/img341.png
264,III,Galarian Linoone,"Dark, Normal","Pickup, Gluttony",Quick Feet,78,70,61,50,61,100,0.5,32.5,,https://raw.githubusercontent.com/EchoFia/Learning-Through-Projects/refs/heads/main/Python/Pokemon/images/img342.png
265,III,Wurmple,Bug,Shield Dust,Run Away,45,45,35,20,30,20,0.3,3.6,,https://raw.githubusercontent.com/EchoFia/Learning-Through-Projects/refs/heads/main/Python/Pokemon/images/img343.png
266,III,Silcoon,Bug,Shed Skin,,50,35,55,25,25,15,0.6,10.0,,https://raw.githubusercontent.com/EchoFia/Learning-Through-Projects/refs/heads/main/Python/Pokemon/images/img344.png
267,III,Beautifly,"Bug, Flying",Swarm,Rivalry,60,70,50,100,50,65,1.0,28.4,,https://raw.githubusercontent.com/EchoFia/Learning-Through-Projects/refs/heads/main/Python/Pokemon/images/img345.png
268,III,Cascoon,Bug,Shed Skin,,50,35,55,25,25,15,0.7,11.5,,https://raw.githubusercontent.com/EchoFia/Learning-Through-Projects/refs/heads/main/Python/Pokemon/images/img346.png
269,III,Dustox,"Bug, Poison",Shield Dust,Compound Eyes,60,50,70,50,90,65,1.2,31.6,,https://raw.githubusercontent.com/EchoFia/Learning-Through-Projects/refs/heads/main/Python/Pokemon/images/img347.png
270,III,Lotad,"Water, Grass","Swift Swim, Rain Dish",Own Tempo,40,30,30,40,50,30,0.5,2.6,,https://raw.githubusercontent.com/EchoFia/Learning-Through-Projects/refs/heads/main/Python/Pokemon/images/img348.png
271,III,Lombre,"Water, Grass","Swift Swim, Rain Dish",Own Tempo,60,50,50,60,70,50,1.2,32.5,,https://raw.githubusercontent.com/EchoFia/Learning-Through-Projects/refs/heads/main/Python/Pokemon/images/img349.png
272,III,Ludicolo,"Water, Grass","Swift Swim, Rain Dish",Own Tempo,80,70,70,90,100,70,1.5,55.0,,https://raw.githubusercontent.com/EchoFia/Learning-Through-Projects/refs/heads/main/Python/Pokemon/images/img350.png
273,III,Seedot,Grass,"Chlorophyll, Early Bird",Pickpocket,40,40,50,30,30,30,0.5,4.0,,https://raw.githubusercontent.com/EchoFia/Learning-Through-Projects/refs/heads/main/Python/Pokemon/images/img351.png
274,III,Nuzleaf,"Grass, Dark","Chlorophyll, Early Bird",Pickpocket,70,70,40,60,40,60,1.0,28.0,,https://raw.githubusercontent.com/EchoFia/Learning-Through-Projects/refs/heads/main/Python/Pokemon/images/img352.png
275,III,Shiftry,"Grass, Dark","Chlorophyll, Wind Rider",Pickpocket,90,100,60,90,60,80,1.3,59.6,,https://raw.githubusercontent.com/EchoFia/Learning-Through-Projects/refs/heads/main/Python/Pokemon/images/img353.png
276,III,Taillow,"Normal, Flying",Guts,Scrappy,40,55,30,30,30,85,0.3,2.3,,https://raw.githubusercontent.com/EchoFia/Learning-Through-Projects/refs/heads/main/Python/Pokemon/images/img354.png
277,III,Swellow,"Normal, Flying",Guts,Scrappy,60,85,60,75,50,125,0.7,19.8,,https://raw.githubusercontent.com/EchoFia/Learning-Through-Projects/refs/heads/main/Python/Pokemon/images/img355.png
278,III,Wingull,"Water, Flying","Keen Eye, Hydration",Rain Dish,40,30,30,55,30,85,0.6,9.5,,https://raw.githubusercontent.com/EchoFia/Learning-Through-Projects/refs/heads/main/Python/Pokemon/images/img356.png
279,III,Pelipper,"Water, Flying","Keen Eye, Drizzle",Rain Dish,60,50,100,95,70,65,1.2,28.0,,https://raw.githubusercontent.com/EchoFia/Learning-Through-Projects/refs/heads/main/Python/Pokemon/images/img357.png
280,III,Ralts,"Psychic, Fairy","Synchronize, Trace",Telepathy,28,25,25,45,35,40,0.4,6.6,,https://raw.githubusercontent.com/EchoFia/Learning-Through-Projects/refs/heads/main/Python/Pokemon/images/img358.png
281,III,Kirlia,"Psychic, Fairy","Synchronize, Trace",Telepathy,38,35,35,65,55,50,0.8,20.2,,https://raw.githubusercontent.com/EchoFia/Learning-Through-Projects/refs/heads/main/Python/Pokemon/images/img359.png
282,III,Gardevoir,"Psychic, Fairy","Synchronize, Trace",Telepathy,68,65,65,125,115,80,1.6,48.4,,https://raw.githubusercontent.com/EchoFia/Learning-Through-Projects/refs/heads/main/Python/Pokemon/images/img360.png
282,III,Mega Gardevoir,"Psychic, Fairy",Pixilate,,68,85,65,165,135,100,1.6,48.4,,https://raw.githubusercontent.com/EchoFia/Learning-Through-Projects/refs/heads/main/Python/Pokemon/images/img361.png
283,III,Surskit,"Bug, Water",Swift Swim,Rain Dish,40,30,32,50,52,65,0.5,1.7,,https://raw.githubusercontent.com/EchoFia/Learning-Through-Projects/refs/heads/main/Python/Pokemon/images/img362.png
284,III,Masquerain,"Bug, Flying",Intimidate,Unnerve,70,60,62,100,82,80,0.8,3.6,,https://raw.githubusercontent.com/EchoFia/Learning-Through-Projects/refs/heads/main/Python/Pokemon/images/img363.png
285,III,Shroomish,Grass,"Effect Spore, Poison Heal",Quick Feet,60,40,60,40,60,35,0.4,4.5,,https://raw.githubusercontent.com/EchoFia/Learning-Through-Projects/refs/heads/main/Python/Pokemon/images/img364.png
286,III,Breloom,"Grass, Fighting","Effect Spore, Poison Heal",Technician,60,130,80,60,60,70,1.2,39.2,,https://raw.githubusercontent.com/EchoFia/Learning-Through-Projects/refs/heads/main/Python/Pokemon/images/img365.png
287,III,Slakoth,Normal,Truant,,60,60,60,35,35,30,0.8,24.0,,https://raw.githubusercontent.com/EchoFia/Learning-Through-Projects/refs/heads/main/Python/Pokemon/images/img366.png
288,III,Vigoroth,Normal,Vital Spirit,,80,80,80,55,55,90,1.4,46.5,,https://raw.githubusercontent.com/EchoFia/Learning-Through-Projects/refs/heads/main/Python/Pokemon/images/img367.png
289,III,Slaking,Normal,Truant,,150,160,100,95,65,100,2.0,130.5,,https://raw.githubusercontent.com/EchoFia/Learning-Through-Projects/refs/heads/main/Python/Pokemon/images/img368.png
290,III,Nincada,"Bug, Ground",Compound Eyes,Run Away,31,45,90,30,30,40,0.5,5.5,,https://raw.githubusercontent.com/EchoFia/Learning-Through-Projects/refs/heads/main/Python/Pokemon/images/img369.png
291,III,Ninjask,"Bug, Flying",Speed Boost,Infiltrator,61,90,45,50,50,160,0.8,12.0,,https://raw.githubusercontent.com/EchoFia/Learning-Through-Projects/refs/heads/main/Python/Pokemon/images/img370.png
292,III,Shedinja,"Bug, Ghost",Wonder Guard,,1,90,45,30,30,40,0.8,1.2,,https://raw.githubusercontent.com/EchoFia/Learning-Through-Projects/refs/heads/main/Python/Pokemon/images/img371.png
293,III,Whismur,Normal,Soundproof,Rattled,64,51,23,51,23,28,0.6,16.3,,https://raw.githubusercontent.com/EchoFia/Learning-Through-Projects/refs/heads/main/Python/Pokemon/images/img372.png
294,III,Loudred,Normal,Soundproof,Scrappy,84,71,43,71,43,48,1.0,40.5,,https://raw.githubusercontent.com/EchoFia/Learning-Through-Projects/refs/heads/main/Python/Pokemon/images/img373.png
295,III,Exploud,Normal,Soundproof,Scrappy,104,91,63,91,73,68,1.5,84.0,,https://raw.githubusercontent.com/EchoFia/Learning-Through-Projects/refs/heads/main/Python/Pokemon/images/img374.png
296,III,Makuhita,Fighting,"Thick Fat, Guts",Sheer Force,72,60,30,20,30,25,1.0,86.4,,https://raw.githubusercontent.com/EchoFia/Learning-Through-Projects/refs/heads/main/Python/Pokemon/images/img375.png
297,III,Hariyama,Fighting,"Thick Fat, Guts",Sheer Force,144,120,60,40,60,50,2.3,253.8,,https://raw.githubusercontent.com/EchoFia/Learning-Through-Projects/refs/heads/main/Python/Pokemon/images/img376.png
298,III,Azurill,"Normal, Fairy","Thick Fat, Huge Power",Sap Sipper,50,20,40,20,40,20,0.2,2.0,,https://raw.githubusercontent.com/EchoFia/Learning-Through-Projects/refs/heads/main/Python/Pokemon/images/img377.png
299,III,Nosepass,Rock,"Sturdy, Magnet Pull",Sand Force,30,45,135,45,90,30,1.0,97.0,,https://raw.githubusercontent.com/EchoFia/Learning-Through-Projects/refs/heads/main/Python/Pokemon/images/img378.png
300,III,Skitty,Normal,"Cute Charm, Normalize",Wonder Skin,50,45,45,35,35,50,0.6,11.0,,https://raw.githubusercontent.com/EchoFia/Learning-Through-Projects/refs/heads/main/Python/Pokemon/images/img379.png
301,III,Delcatty,Normal,"Cute Charm, Normalize",Wonder Skin,70,65,65,55,55,90,1.1,32.6,,https://raw.githubusercontent.com/EchoFia/Learning-Through-Projects/refs/heads/main/Python/Pokemon/images/img380.png
302,III,Sableye,"Dark, Ghost","Keen Eye, Stall",Prankster,50,75,75,65,65,50,0.5,11.0,,https://raw.githubusercontent.com/EchoFia/Learning-Through-Projects/refs/heads/main/Python/Pokemon/images/img381.png
302,III,Mega Sableye,"Dark, Ghost",Magic Bounce,,50,85,125,85,115,20,0.5,161.0,,https://raw.githubusercontent.com/EchoFia/Learning-Through-Projects/refs/heads/main/Python/Pokemon/images/img382.png
303,III,Mawile,"Steel, Fairy","Hyper Cutter, Intimidate",Sheer Force,50,85,85,55,55,50,0.6,11.5,,https://raw.githubusercontent.com/EchoFia/Learning-Through-Projects/refs/heads/main/Python/Pokemon/images/img383.png
303,III,Mega Mawile,"Steel, Fairy",Huge Power,,50,105,125,55,95,50,1.0,23.5,,https://raw.githubusercontent.com/EchoFia/Learning-Through-Projects/refs/heads/main/Python/Pokemon/images/img384.png
304,III,Aron,"Steel, Rock","Sturdy, Rock Head",Heavy Metal,50,70,100,40,40,30,0.4,60.0,,https://raw.githubusercontent.com/EchoFia/Learning-Through-Projects/refs/heads/main/Python/Pokemon/images/img385.png
305,III,Lairon,"Steel, Rock","Sturdy, Rock Head",Heavy Metal,60,90,140,50,50,40,0.9,120.0,,https://raw.githubusercontent.com/EchoFia/Learning-Through-Projects/refs/heads/main/Python/Pokemon/images/img386.png
306,III,Aggron,"Steel, Rock","Sturdy, Rock Head",Heavy Metal,70,110,180,60,60,50,2.1,360.0,,https://raw.githubusercontent.com/EchoFia/Learning-Through-Projects/refs/heads/main/Python/Pokemon/images/img387.png
306,III,Mega Aggron,Steel,Filter,,70,140,230,60,80,50,2.2,395.0,,https://raw.githubusercontent.com/EchoFia/Learning-Through-Projects/refs/heads/main/Python/Pokemon/images/img388.png
307,III,Meditite,"Fighting, Psychic",Pure Power,Telepathy,30,40,55,40,55,60,0.6,11.2,,https://raw.githubusercontent.com/EchoFia/Learning-Through-Projects/refs/heads/main/Python/Pokemon/images/img389.png
308,III,Medicham,"Fighting, Psychic",Pure Power,Telepathy,60,60,75,60,75,80,1.3,31.5,,https://raw.githubusercontent.com/EchoFia/Learning-Through-Projects/refs/heads/main/Python/Pokemon/images/img390.png
308,III,Mega Medicham,"Fighting, Psychic",Pure Power,,60,100,85,80,85,100,1.3,31.5,,https://raw.githubusercontent.com/EchoFia/Learning-Through-Projects/refs/heads/main/Python/Pokemon/images/img391.png
309,III,Electrike,Electric,"Static, Lightning Rod",Minus,40,45,40,65,40,65,0.6,15.2,,https://raw.githubusercontent.com/EchoFia/Learning-Through-Projects/refs/heads/main/Python/Pokemon/images/img392.png
310,III,Manectric,Electric,"Static, Lightning Rod",Minus,70,75,60,105,60,105,1.5,40.2,,https://raw.githubusercontent.com/EchoFia/Learning-Through-Projects/refs/heads/main/Python/Pokemon/images/img393.png
310,III,Mega Manectric,Electric,Intimidate,,70,75,80,135,80,135,1.8,44.0,,https://raw.githubusercontent.com/EchoFia/Learning-Through-Projects/refs/heads/main/Python/Pokemon/images/img394.png
311,III,Plusle,Electric,Plus,Lightning Rod,60,50,40,85,75,95,0.4,4.2,,https://raw.githubusercontent.com/EchoFia/Learning-Through-Projects/refs/heads/main/Python/Pokemon/images/img395.png
312,III,Minun,Electric,Minus,Volt Absorb,60,40,50,75,85,95,0.4,4.2,,https://raw.githubusercontent.com/EchoFia/Learning-Through-Projects/refs/heads/main/Python/Pokemon/images/img396.png
313,III,Volbeat,Bug,"Illuminate, Swarm",Prankster,65,73,75,47,85,85,0.7,17.7,,https://raw.githubusercontent.com/EchoFia/Learning-Through-Projects/refs/heads/main/Python/Pokemon/images/img397.png
314,III,Illumise,Bug,"Oblivious, Tinted Lens",Prankster,65,47,75,73,85,85,0.6,17.7,,https://raw.githubusercontent.com/EchoFia/Learning-Through-Projects/refs/heads/main/Python/Pokemon/images/img398.png
315,III,Roselia,"Grass, Poison","Natural Cure, Poison Point",Leaf Guard,50,60,45,100,80,65,0.3,2.0,,https://raw.githubusercontent.com/EchoFia/Learning-Through-Projects/refs/heads/main/Python/Pokemon/images/img399.png
316,III,Gulpin,Poison,"Liquid Ooze, Sticky Hold",Gluttony,70,43,53,43,53,40,0.4,10.3,,https://raw.githubusercontent.com/EchoFia/Learning-Through-Projects/refs/heads/main/Python/Pokemon/images/img400.png
317,III,Swalot,Poison,"Liquid Ooze, Sticky Hold",Gluttony,100,73,83,73,83,55,1.7,80.0,,https://raw.githubusercontent.com/EchoFia/Learning-Through-Projects/refs/heads/main/Python/Pokemon/images/img401.png
318,III,Carvanha,"Water, Dark",Rough Skin,Speed Boost,45,90,20,65,20,65,0.8,20.8,,https://raw.githubusercontent.com/EchoFia/Learning-Through-Projects/refs/heads/main/Python/Pokemon/images/img402.png
319,III,Sharpedo,"Water, Dark",Rough Skin,Speed Boost,70,120,40,95,40,95,1.8,88.8,,https://raw.githubusercontent.com/EchoFia/Learning-Through-Projects/refs/heads/main/Python/Pokemon/images/img403.png
319,III,Mega Sharpedo,"Water, Dark",Strong Jaw,,70,140,70,110,65,105,2.5,130.3,,https://raw.githubusercontent.com/EchoFia/Learning-Through-Projects/refs/heads/main/Python/Pokemon/images/img404.png
320,III,Wailmer,Water,"Water Veil, Oblivious",Pressure,130,70,35,70,35,60,2.0,130.0,,https://raw.githubusercontent.com/EchoFia/Learning-Through-Projects/refs/heads/main/Python/Pokemon/images/img405.png
321,III,Wailord,Water,"Water Veil, Oblivious",Pressure,170,90,45,90,45,60,14.5,398.0,,https://raw.githubusercontent.com/EchoFia/Learning-Through-Projects/refs/heads/main/Python/Pokemon/images/img406.png
322,III,Numel,"Fire, Ground","Oblivious, Simple",Own Tempo,60,60,40,65,45,35,0.7,24.0,,https://raw.githubusercontent.com/EchoFia/Learning-Through-Projects/refs/heads/main/Python/Pokemon/images/img407.png
323,III,Camerupt,"Fire, Ground","Magma Armor, Solid Rock",Anger Point,70,100,70,105,75,40,1.9,220.0,,https://raw.githubusercontent.com/EchoFia/Learning-Through-Projects/refs/heads/main/Python/Pokemon/images/img408.png
323,III,Mega Camerupt,"Fire, Ground",Sheer Force,,70,120,100,145,105,20,2.5,320.5,,https://raw.githubusercontent.com/EchoFia/Learning-Through-Projects/refs/heads/main/Python/Pokemon/images/img409.png
324,III,Torkoal,Fire,"White Smoke, Drought",Shell Armor,70,85,140,85,70,20,0.5,80.4,,https://raw.githubusercontent.com/EchoFia/Learning-Through-Projects/refs/heads/main/Python/Pokemon/images/img410.png
325,III,Spoink,Psychic,"Thick Fat, Own Tempo",Gluttony,60,25,35,70,80,60,0.7,30.6,,https://raw.githubusercontent.com/EchoFia/Learning-Through-Projects/refs/heads/main/Python/Pokemon/images/img411.png
326,III,Grumpig,Psychic,"Thick Fat, Own Tempo",Gluttony,80,45,65,90,110,80,0.9,71.5,,https://raw.githubusercontent.com/EchoFia/Learning-Through-Projects/refs/heads/main/Python/Pokemon/images/img412.png
327,III,Spinda,Normal,"Own Tempo, Tangled Feet",Contrary,60,60,60,60,60,60,1.1,5.0,,https://raw.githubusercontent.com/EchoFia/Learning-Through-Projects/refs/heads/main/Python/Pokemon/images/img413.png
328,III,Trapinch,Ground,"Hyper Cutter, Arena Trap",Sheer Force,45,100,45,45,45,10,0.7,15.0,,https://raw.githubusercontent.com/EchoFia/Learning-Through-Projects/refs/heads/main/Python/Pokemon/images/img414.png
329,III,Vibrava,"Ground, Dragon",Levitate,,50,70,50,50,50,70,1.1,15.3,,https://raw.githubusercontent.com/EchoFia/Learning-Through-Projects/refs/heads/main/Python/Pokemon/images/img415.png
330,III,Flygon,"Ground, Dragon",Levitate,,80,100,80,80,80,100,2.0,82.0,,https://raw.githubusercontent.com/EchoFia/Learning-Through-Projects/refs/heads/main/Python/Pokemon/images/img416.png
331,III,Cacnea,Grass,Sand Veil,Water Absorb,50,85,40,85,40,35,0.4,51.3,,https://raw.githubusercontent.com/EchoFia/Learning-Through-Projects/refs/heads/main/Python/Pokemon/images/img417.png
332,III,Cacturne,"Grass, Dark",Sand Veil,Water Absorb,70,115,60,115,60,55,1.3,77.4,,https://raw.githubusercontent.com/EchoFia/Learning-Through-Projects/refs/heads/main/Python/Pokemon/images/img418.png
333,III,Swablu,"Normal, Flying",Natural Cure,Cloud Nine,45,40,60,40,75,50,0.4,1.2,,https://raw.githubusercontent.com/EchoFia/Learning-Through-Projects/refs/heads/main/Python/Pokemon/images/img419.png
334,III,Altaria,"Dragon, Flying",Natural Cure,Cloud Nine,75,70,90,70,105,80,1.1,20.6,,https://raw.githubusercontent.com/EchoFia/Learning-Through-Projects/refs/heads/main/Python/Pokemon/images/img420.png
334,III,Mega Altaria,"Dragon, Fairy",Pixilate,,75,110,110,110,105,80,1.5,20.6,,https://raw.githubusercontent.com/EchoFia/Learning-Through-Projects/refs/heads/main/Python/Pokemon/images/img421.png
335,III,Zangoose,Normal,Immunity,Toxic Boost,73,115,60,60,60,90,1.3,40.3,,https://raw.githubusercontent.com/EchoFia/Learning-Through-Projects/refs/heads/main/Python/Pokemon/images/img422.png
336,III,Seviper,Poison,Shed Skin,Infiltrator,73,100,60,100,60,65,2.7,52.5,,https://raw.githubusercontent.com/EchoFia/Learning-Through-Projects/refs/heads/main/Python/Pokemon/images/img423.png
337,III,Lunatone,"Rock, Psychic",Levitate,,90,55,65,95,85,70,1.0,168.0,,https://raw.githubusercontent.com/EchoFia/Learning-Through-Projects/refs/heads/main/Python/Pokemon/images/img424.png
338,III,Solrock,"Rock, Psychic",Levitate,,90,95,85,55,65,70,1.2,154.0,,https://raw.githubusercontent.com/EchoFia/Learning-Through-Projects/refs/heads/main/Python/Pokemon/images/img425.png
339,III,Barboach,"Water, Ground","Oblivious, Anticipation",Hydration,50,48,43,46,41,60,0.4,1.9,,https://raw.githubusercontent.com/EchoFia/Learning-Through-Projects/refs/heads/main/Python/Pokemon/images/img426.png
340,III,Whiscash,"Water, Ground","Oblivious, Anticipation",Hydration,110,78,73,76,71,60,0.9,23.6,,https://raw.githubusercontent.com/EchoFia/Learning-Through-Projects/refs/heads/main/Python/Pokemon/images/img427.png
341,III,Corphish,Water,"Hyper Cutter, Shell Armor",Adaptability,43,80,65,50,35,35,0.6,11.5,,https://raw.githubusercontent.com/EchoFia/Learning-Through-Projects/refs/heads/main/Python/Pokemon/images/img428.png
342,III,Crawdaunt,"Water, Dark","Hyper Cutter, Shell Armor",Adaptability,63,120,85,90,55,55,1.1,32.8,,https://raw.githubusercontent.com/EchoFia/Learning-Through-Projects/refs/heads/main/Python/Pokemon/images/img429.png
343,III,Baltoy,"Ground, Psychic",Levitate,,40,40,55,40,70,55,0.5,21.5,,https://raw.githubusercontent.com/EchoFia/Learning-Through-Projects/refs/heads/main/Python/Pokemon/images/img430.png
344,III,Claydol,"Ground, Psychic",Levitate,,60,70,105,70,120,75,1.5,108.0,,https://raw.githubusercontent.com/EchoFia/Learning-Through-Projects/refs/heads/main/Python/Pokemon/images/img431.png
345,III,Lileep,"Rock, Grass",Suction Cups,Storm Drain,66,41,77,61,87,23,1.0,23.8,,https://raw.githubusercontent.com/EchoFia/Learning-Through-Projects/refs/heads/main/Python/Pokemon/images/img432.png
346,III,Cradily,"Rock, Grass",Suction Cups,Storm Drain,86,81,97,81,107,43,1.5,60.4,,https://raw.githubusercontent.com/EchoFia/Learning-Through-Projects/refs/heads/main/Python/Pokemon/images/img433.png
347,III,Anorith,"Rock, Bug",Battle Armor,Swift Swim,45,95,50,40,50,75,0.7,12.5,,https://raw.githubusercontent.com/EchoFia/Learning-Through-Projects/refs/heads/main/Python/Pokemon/images/img434.png
348,III,Armaldo,"Rock, Bug",Battle Armor,Swift Swim,75,125,100,70,80,45,1.5,68.2,,https://raw.githubusercontent.com/EchoFia/Learning-Through-Projects/refs/heads/main/Python/Pokemon/images/img435.png
349,III,Feebas,Water,"Swift Swim, Oblivious",Adaptability,20,15,20,10,55,80,0.6,7.4,,https://raw.githubusercontent.com/EchoFia/Learning-Through-Projects/refs/heads/main/Python/Pokemon/images/img436.png
350,III,Milotic,Water,"Marvel Scale, Competitive",Cute Charm,95,60,79,100,125,81,6.2,162.0,,https://raw.githubusercontent.com/EchoFia/Learning-Through-Projects/refs/heads/main/Python/Pokemon/images/img437.png
351,III,Castform,Normal,Forecast,,70,70,70,70,70,70,0.3,0.8,,https://raw.githubusercontent.com/EchoFia/Learning-Through-Projects/refs/heads/main/Python/Pokemon/images/img438.png
351,III,Castform Sunny Form,Fire,Forecast,,70,70,70,70,70,70,0.3,0.8,,https://raw.githubusercontent.com/EchoFia/Learning-Through-Projects/refs/heads/main/Python/Pokemon/images/img439.png
351,III,Castform Rainy Form,Water,Forecast,,70,70,70,70,70,70,0.3,0.8,,https://raw.githubusercontent.com/EchoFia/Learning-Through-Projects/refs/heads/main/Python/Pokemon/images/img440.png
351,III,Castform Snowy Form,Ice,Forecast,,70,70,70,70,70,70,0.3,0.8,,https://raw.githubusercontent.com/EchoFia/Learning-Through-Projects/refs/heads/main/Python/Pokemon/images/img441.png
352,III,Kecleon,Normal,Color Change,Protean,60,90,70,60,120,40,1.0,22.0,,https://raw.githubusercontent.com/EchoFia/Learning-Through-Projects/refs/heads/main/Python/Pokemon/images/img442.png
353,III,Shuppet,Ghost,"Insomnia, Frisk",Cursed Body,44,75,35,63,33,45,0.6,2.3,,https://raw.githubusercontent.com/EchoFia/Learning-Through-Projects/refs/heads/main/Python/Pokemon/images/img443.png
354,III,Banette,Ghost,"Insomnia, Frisk",Cursed Body,64,115,65,83,63,65,1.1,12.5,,https://raw.githubusercontent.com/EchoFia/Learning-Through-Projects/refs/heads/main/Python/Pokemon/images/img444.png
354,III,Mega Banette,Ghost,Prankster,,64,165,75,93,83,75,1.2,13.0,,https://raw.githubusercontent.com/EchoFia/Learning-Through-Projects/refs/heads/main/Python/Pokemon/images/img445.png
355,III,Duskull,Ghost,Levitate,Frisk,20,40,90,30,90,25,0.8,15.0,,https://raw.githubusercontent.com/EchoFia/Learning-Through-Projects/refs/heads/main/Python/Pokemon/images/img446.png
356,III,Dusclops,Ghost,Pressure,Frisk,40,70,130,60,130,25,1.6,30.6,,https://raw.githubusercontent.com/EchoFia/Learning-Through-Projects/refs/heads/main/Python/Pokemon/images/img447.png
357,III,Tropius,"Grass, Flying","Chlorophyll, Solar Power",Harvest,99,68,83,72,87,51,2.0,100.0,,https://raw.githubusercontent.com/EchoFia/Learning-Through-Projects/refs/heads/main/Python/Pokemon/images/img448.png
358,III,Chimecho,Psychic,Levitate,,75,50,80,95,90,65,0.6,1.0,,https://raw.githubusercontent.com/EchoFia/Learning-Through-Projects/refs/heads/main/Python/Pokemon/images/img449.png
358,III,Mega Chimecho,"Psychic, Steel",Levitate,,75,50,110,135,120,65,1.2,8.0,,https://raw.githubusercontent.com/EchoFia/Learning-Through-Projects/refs/heads/main/Python/Pokemon/images/img450.png
359,III,Absol,Dark,"Pressure, Super Luck",Justified,65,130,60,75,60,75,1.2,47.0,,https://raw.githubusercontent.com/EchoFia/Learning-Through-Projects/refs/heads/main/Python/Pokemon/images/img451.png
359,III,Mega Absol,Dark,Sharpness,,65,150,60,115,60,115,1.2,49.0,,https://raw.githubusercontent.com/EchoFia/Learning-Through-Projects/refs/heads/main/Python/Pokemon/images/img452.png
359,III,Mega Absol Z,"Dark, Ghost",Sharpness,,65,154,60,75,60,151,1.2,49.0,,https://raw.githubusercontent.com/EchoFia/Learning-Through-Projects/refs/heads/main/Python/Pokemon/images/img453.png
360,III,Wynaut,Psychic,Shadow Tag,Telepathy,95,23,48,23,48,23,0.6,14.0,,https://raw.githubusercontent.com/EchoFia/Learning-Through-Projects/refs/heads/main/Python/Pokemon/images/img454.png
361,III,Snorunt,Ice,"Inner Focus, Ice Body",Moody,50,50,50,50,50,50,0.7,16.8,,https://raw.githubusercontent.com/EchoFia/Learning-Through-Projects/refs/heads/main/Python/Pokemon/images/img455.png
362,III,Glalie,Ice,"Inner Focus, Ice Body",Moody,80,80,80,80,80,80,1.5,256.5,,https://raw.githubusercontent.com/EchoFia/Learning-Through-Projects/refs/heads/main/Python/Pokemon/images/img456.png
362,III,Mega Glalie,Ice,Refrigerate,,80,120,80,120,80,100,2.1,350.2,,https://raw.githubusercontent.com/EchoFia/Learning-Through-Projects/refs/heads/main/Python/Pokemon/images/img457.png
363,III,Spheal,"Ice, Water","Thick Fat, Ice Body",Oblivious,70,40,50,55,50,25,0.8,39.5,,https://raw.githubusercontent.com/EchoFia/Learning-Through-Projects/refs/heads/main/Python/Pokemon/images/img458.png
364,III,Sealeo,"Ice, Water","Thick Fat, Ice Body",Oblivious,90,60,70,75,70,45,1.1,87.6,,https://raw.githubusercontent.com/EchoFia/Learning-Through-Projects/refs/heads/main/Python/Pokemon/images/img459.png
365,III,Walrein,"Ice, Water","Thick Fat, Ice Body",Oblivious,110,80,90,95,90,65,1.4,150.6,,https://raw.githubusercontent.com/EchoFia/Learning-Through-Projects/refs/heads/main/Python/Pokemon/images/img460.png
366,III,Clamperl,Water,Shell Armor,Rattled,35,64,85,74,55,32,0.4,52.5,,https://raw.githubusercontent.com/EchoFia/Learning-Through-Projects/refs/heads/main/Python/Pokemon/images/img461.png
367,III,Huntail,Water,Swift Swim,Water Veil,55,104,105,94,75,52,1.7,27.0,,https://raw.githubusercontent.com/EchoFia/Learning-Through-Projects/refs/heads/main/Python/Pokemon/images/img462.png
368,III,Gorebyss,Water,Swift Swim,Hydration,55,84,105,114,75,52,1.8,22.6,,https://raw.githubusercontent.com/EchoFia/Learning-Through-Projects/refs/heads/main/Python/Pokemon/images/img463.png
369,III,Relicanth,"Water, Rock","Swift Swim, Rock Head",Sturdy,100,90,130,45,65,55,1.0,23.4,,https://raw.githubusercontent.com/EchoFia/Learning-Through-Projects/refs/heads/main/Python/Pokemon/images/img464.png
370,III,Luvdisc,Water,Swift Swim,Hydration,43,30,55,40,65,97,0.6,8.7,,https://raw.githubusercontent.com/EchoFia/Learning-Through-Projects/refs/heads/main/Python/Pokemon/images/img465.png
371,III,Bagon,Dragon,Rock Head,Sheer Force,45,75,60,40,30,50,0.6,42.1,,https://raw.githubusercontent.com/EchoFia/Learning-Through-Projects/refs/heads/main/Python/Pokemon/images/img466.png
372,III,Shelgon,Dragon,Rock Head,Overcoat,65,95,100,60,50,50,1.1,110.5,,https://raw.githubusercontent.com/EchoFia/Learning-Through-Projects/refs/heads/main/Python/Pokemon/images/img467.png
373,III,Salamence,"Dragon, Flying",Intimidate,Moxie,95,135,80,110,80,100,1.5,102.6,,https://raw.githubusercontent.com/EchoFia/Learning-Through-Projects/refs/heads/main/Python/Pokemon/images/img468.png
373,III,Mega Salamence,"Dragon, Flying",Aerilate,,95,145,130,120,90,120,1.8,112.6,,https://raw.githubusercontent.com/EchoFia/Learning-Through-Projects/refs/heads/main/Python/Pokemon/images/img469.png
374,III,Beldum,"Steel, Psychic",Clear Body,Light Metal,40,55,80,35,60,30,0.6,95.2,,https://raw.githubusercontent.com/EchoFia/Learning-Through-Projects/refs/heads/main/Python/Pokemon/images/img470.png
375,III,Metang,"Steel, Psychic",Clear Body,Light Metal,60,75,100,55,80,50,1.2,202.5,,https://raw.githubusercontent.com/EchoFia/Learning-Through-Projects/refs/heads/main/Python/Pokemon/images/img471.png
376,III,Metagross,"Steel, Psychic",Clear Body,Light Metal,80,135,130,95,90,70,1.6,550.0,,https://raw.githubusercontent.com/EchoFia/Learning-Through-Projects/refs/heads/main/Python/Pokemon/images/img472.png
376,III,Mega Metagross,"Steel, Psychic",Tough Claws,,80,145,150,105,110,110,2.5,942.9,,https://raw.githubusercontent.com/EchoFia/Learning-Through-Projects/refs/heads/main/Python/Pokemon/images/img473.png
377,III,Regirock,Rock,Clear Body,Sturdy,80,100,200,50,100,50,1.7,230.0,,https://raw.githubusercontent.com/EchoFia/Learning-Through-Projects/refs/heads/main/Python/Pokemon/images/img474.png
378,III,Regice,Ice,Clear Body,Ice Body,80,50,100,100,200,50,1.8,175.0,,https://raw.githubusercontent.com/EchoFia/Learning-Through-Projects/refs/heads/main/Python/Pokemon/images/img475.png
379,III,Registeel,Steel,Clear Body,Light Metal,80,75,150,75,150,50,1.9,205.0,,https://raw.githubusercontent.com/EchoFia/Learning-Through-Projects/refs/heads/main/Python/Pokemon/images/img476.png
380,III,Latias,"Dragon, Psychic",Levitate,,80,80,90,110,130,110,1.4,40.0,,https://raw.githubusercontent.com/EchoFia/Learning-Through-Projects/refs/heads/main/Python/Pokemon/images/img477.png
380,III,Mega Latias,"Dragon, Psychic",Levitate,,80,100,120,140,150,110,1.8,52.0,,https://raw.githubusercontent.com/EchoFia/Learning-Through-Projects/refs/heads/main/Python/Pokemon/images/img478.png
381,III,Latios,"Dragon, Psychic",Levitate,,80,90,80,130,110,110,2.0,60.0,,https://raw.githubusercontent.com/EchoFia/Learning-Through-Projects/refs/heads/main/Python/Pokemon/images/img479.png
381,III,Mega Latios,"Dragon, Psychic",Levitate,,80,130,100,160,120,110,2.3,70.0,,https://raw.githubusercontent.com/EchoFia/Learning-Through-Projects/refs/heads/main/Python/Pokemon/images/img480.png
382,III,Kyogre,Water,Drizzle,,100,100,90,150,140,90,4.5,352.0,,https://raw.githubusercontent.com/EchoFia/Learning-Through-Projects/refs/heads/main/Python/Pokemon/images/img481.png
382,III,Primal Kyogre,Water,Primordial Sea,,100,150,90,180,160,90,9.8,430.0,,https://raw.githubusercontent.com/EchoFia/Learning-Through-Projects/refs/heads/main/Python/Pokemon/images/img482.png
383,III,Groudon,Ground,Drought,,100,150,140,100,90,90,3.5,950.0,,https://raw.githubusercontent.com/EchoFia/Learning-Through-Projects/refs/heads/main/Python/Pokemon/images/img483.png
383,III,Primal Groudon,"Ground, Fire",Desolate Land,,100,180,160,150,90,90,5.0,999.7,,https://raw.githubusercontent.com/EchoFia/Learning-Through-Projects/refs/heads/main/Python/Pokemon/images/img484.png
384,III,Rayquaza,"Dragon, Flying",Air Lock,,105,150,90,150,90,95,7.0,206.5,,https://raw.githubusercontent.com/EchoFia/Learning-Through-Projects/refs/heads/main/Python/Pokemon/images/img485.png
384,III,Mega Rayquaza,"Dragon, Flying",Delta Stream,,105,180,100,180,100,115,10.8,392.0,,https://raw.githubusercontent.com/EchoFia/Learning-Through-Projects/refs/heads/main/Python/Pokemon/images/img486.png
385,III,Jirachi,"Steel, Psychic",Serene Grace,,100,100,100,100,100,100,0.3,1.1,,https://raw.githubusercontent.com/EchoFia/Learning-Through-Projects/refs/heads/main/Python/Pokemon/images/img487.png
386,III,Deoxys Normal Forme,Psychic,Pressure,,50,150,50,150,50,150,1.7,60.8,,https://raw.githubusercontent.com/EchoFia/Learning-Through-Projects/refs/heads/main/Python/Pokemon/images/img488.png
386,III,Deoxys Attack Forme,Psychic,Pressure,,50,180,20,180,20,150,1.7,60.8,,https://raw.githubusercontent.com/EchoFia/Learning-Through-Projects/refs/heads/main/Python/Pokemon/images/img489.png
386,III,Deoxys Defense Forme,Psychic,Pressure,,50,70,160,70,160,90,1.7,60.8,,https://raw.githubusercontent.com/EchoFia/Learning-Through-Projects/refs/heads/main/Python/Pokemon/images/img490.png
386,III,Deoxys Speed Forme,Psychic,Pressure,,50,95,90,95,90,180,1.7,60.8,,https://raw.githubusercontent.com/EchoFia/Learning-Through-Projects/refs/heads/main/Python/Pokemon/images/img491.png
387,IV,Turtwig,Grass,Overgrow,Shell Armor,55,68,64,45,55,31,0.4,10.2,,https://raw.githubusercontent.com/EchoFia/Learning-Through-Projects/refs/heads/main/Python/Pokemon/images/img492.png
388,IV,Grotle,Grass,Overgrow,Shell Armor,75,89,85,55,65,36,1.1,97.0,,https://raw.githubusercontent.com/EchoFia/Learning-Through-Projects/refs/heads/main/Python/Pokemon/images/img493.png
389,IV,Torterra,"Grass, Ground",Overgrow,Shell Armor,95,109,105,75,85,56,2.2,310.0,,https://raw.githubusercontent.com/EchoFia/Learning-Through-Projects/refs/heads/main/Python/Pokemon/images/img494.png
390,IV,Chimchar,Fire,Blaze,Iron Fist,44,58,44,58,44,61,0.5,6.2,,https://raw.githubusercontent.com/EchoFia/Learning-Through-Projects/refs/heads/main/Python/Pokemon/images/img495.png
391,IV,Monferno,"Fire, Fighting",Blaze,Iron Fist,64,78,52,78,52,81,0.9,22.0,,https://raw.githubusercontent.com/EchoFia/Learning-Through-Projects/refs/heads/main/Python/Pokemon/images/img496.png
392,IV,Infernape,"Fire, Fighting",Blaze,Iron Fist,76,104,71,104,71,108,1.2,55.0,,https://raw.githubusercontent.com/EchoFia/Learning-Through-Projects/refs/heads/main/Python/Pokemon/images/img497.png
393,IV,Piplup,Water,Torrent,Competitive,53,51,53,61,56,40,0.4,5.2,,https://raw.githubusercontent.com/EchoFia/Learning-Through-Projects/refs/heads/main/Python/Pokemon/images/img498.png
394,IV,Prinplup,Water,Torrent,Competitive,64,66,68,81,76,50,0.8,23.0,,https://raw.githubusercontent.com/EchoFia/Learning-Through-Projects/refs/heads/main/Python/Pokemon/images/img499.png
395,IV,Empoleon,"Water, Steel",Torrent,Competitive,84,86,88,111,101,60,1.7,84.5,,https://raw.githubusercontent.com/EchoFia/Learning-Through-Projects/refs/heads/main/Python/Pokemon/images/img500.png
396,IV,Starly,"Normal, Flying",Keen Eye,Reckless,40,55,30,30,30,60,0.3,2.0,,https://raw.githubusercontent.com/EchoFia/Learning-Through-Projects/refs/heads/main/Python/Pokemon/images/img501.png
397,IV,Staravia,"Normal, Flying",Intimidate,Reckless,55,75,50,40,40,80,0.6,15.5,,https://raw.githubusercontent.com/EchoFia/Learning-Through-Projects/refs/heads/main/Python/Pokemon/images/img502.png
398,IV,Staraptor,"Normal, Flying",Intimidate,Reckless,85,120,70,50,60,100,1.2,24.9,,https://raw.githubusercontent.com/EchoFia/Learning-Through-Projects/refs/heads/main/Python/Pokemon/images/img503.png
398,IV,Mega Staraptor,"Fighting, Flying",Contrary,,85,140,100,60,90,110,1.9,50.0,,https://raw.githubusercontent.com/EchoFia/Learning-Through-Projects/refs/heads/main/Python/Pokemon/images/img504.png
399,IV,Bidoof,Normal,"Simple, Unaware",Moody,59,45,40,35,40,31,0.5,20.0,,https://raw.githubusercontent.com/EchoFia/Learning-Through-Projects/refs/heads/main/Python/Pokemon/images/img505.png
400,IV,Bibarel,"Normal, Water","Simple, Unaware",Moody,79,85,60,55,60,71,1.0,31.5,,https://raw.githubusercontent.com/EchoFia/Learning-Through-Projects/refs/heads/main/Python/Pokemon/images/img506.png
401,IV,Kricketot,Bug,Shed Skin,Run Away,37,25,41,25,41,25,0.3,2.2,,https://raw.githubusercontent.com/EchoFia/Learning-Through-Projects/refs/heads/main/Python/Pokemon/images/img507.png
402,IV,Kricketune,Bug,Swarm,Technician,77,85,51,55,51,65,1.0,25.5,,https://raw.githubusercontent.com/EchoFia/Learning-Through-Projects/refs/heads/main/Python/Pokemon/images/img508.png
403,IV,Shinx,Electric,"Rivalry, Intimidate",Guts,45,65,34,40,34,45,0.5,9.5,,https://raw.githubusercontent.com/EchoFia/Learning-Through-Projects/refs/heads/main/Python/Pokemon/images/img509.png
404,IV,Luxio,Electric,"Rivalry, Intimidate",Guts,60,85,49,60,49,60,0.9,30.5,,https://raw.githubusercontent.com/EchoFia/Learning-Through-Projects/refs/heads/main/Python/Pokemon/images/img510.png
405,IV,Luxray,Electric,"Rivalry, Intimidate",Guts,80,120,79,95,79,70,1.4,42.0,,https://raw.githubusercontent.com/EchoFia/Learning-Through-Projects/refs/heads/main/Python/Pokemon/images/img511.png
406,IV,Budew,"Grass, Poison","Natural Cure, Poison Point",Leaf Guard,40,30,35,50,70,55,0.2,1.2,,https://raw.githubusercontent.com/EchoFia/Learning-Through-Projects/refs/heads/main/Python/Pokemon/images/img512.png
407,IV,Roserade,"Grass, Poison","Natural Cure, Poison Point",Technician,60,70,65,125,105,90,0.9,14.5,,https://raw.githubusercontent.com/EchoFia/Learning-Through-Projects/refs/heads/main/Python/Pokemon/images/img513.png
408,IV,Cranidos,Rock,Mold Breaker,Sheer Force,67,125,40,30,30,58,0.9,31.5,,https://raw.githubusercontent.com/EchoFia/Learning-Through-Projects/refs/heads/main/Python/Pokemon/images/img514.png
409,IV,Rampardos,Rock,Mold Breaker,Sheer Force,97,165,60,65,50,58,1.6,102.5,,https://raw.githubusercontent.com/EchoFia/Learning-Through-Projects/refs/heads/main/Python/Pokemon/images/img515.png
410,IV,Shieldon,"Rock, Steel",Sturdy,Soundproof,30,42,118,42,88,30,0.5,57.0,,https://raw.githubusercontent.com/EchoFia/Learning-Through-Projects/refs/heads/main/Python/Pokemon/images/img516.png
411,IV,Bastiodon,"Rock, Steel",Sturdy,Soundproof,60,52,168,47,138,30,1.3,149.5,,https://raw.githubusercontent.com/EchoFia/Learning-Through-Projects/refs/heads/main/Python/Pokemon/images/img517.png
412,IV,Burmy Plant Cloak,Bug,Shed Skin,Overcoat,40,29,45,29,45,36,0.2,3.4,,https://raw.githubusercontent.com/EchoFia/Learning-Through-Projects/refs/heads/main/Python/Pokemon/images/img518.png
412,IV,Burmy Sandy Cloak,Bug,Shed Skin,Overcoat,40,29,45,29,45,36,0.2,3.4,,https://raw.githubusercontent.com/EchoFia/Learning-Through-Projects/refs/heads/main/Python/Pokemon/images/img519.png
412,IV,Burmy Trash Cloak,Bug,Shed Skin,Overcoat,40,29,45,29,45,36,0.2,3.4,,https://raw.githubusercontent.com/EchoFia/Learning-Through-Projects/refs/heads/main/Python/Pokemon/images/img520.png
413,IV,Wormadam Plant Cloak,"Bug, Grass",Anticipation,Overcoat,60,59,85,79,105,36,0.5,6.5,,https://raw.githubusercontent.com/EchoFia/Learning-Through-Projects/refs/heads/main/Python/Pokemon/images/img521.png
413,IV,Wormadam Sandy Cloak,"Bug, Ground",Anticipation,Overcoat,60,79,105,59,85,36,0.5,6.5,,https://raw.githubusercontent.com/EchoFia/Learning-Through-Projects/refs/heads/main/Python/Pokemon/images/img522.png
413,IV,Wormadam Trash Cloak,"Bug, Steel",Anticipation,Overcoat,60,69,95,69,95,36,0.5,6.5,,https://raw.githubusercontent.com/EchoFia/Learning-Through-Projects/refs/heads/main/Python/Pokemon/images/img523.png
414,IV,Mothim,"Bug, Flying",Swarm,Tinted Lens,70,94,50,94,50,66,0.9,23.3,,https://raw.githubusercontent.com/EchoFia/Learning-Through-Projects/refs/heads/main/Python/Pokemon/images/img524.png
415,IV,Combee,"Bug, Flying",Honey Gather,Hustle,30,30,42,30,42,70,0.3,5.5,,https://raw.githubusercontent.com/EchoFia/Learning-Through-Projects/refs/heads/main/Python/Pokemon/images/img525.png
416,IV,Vespiquen,"Bug, Flying",Pressure,Unnerve,70,80,102,80,102,40,1.2,38.5,,https://raw.githubusercontent.com/EchoFia/Learning-Through-Projects/refs/heads/main/Python/Pokemon/images/img526.png
417,IV,Pachirisu,Electric,"Run Away, Pickup",Volt Absorb,60,45,70,45,90,95,0.4,3.9,,https://raw.githubusercontent.com/EchoFia/Learning-Through-Projects/refs/heads/main/Python/Pokemon/images/img527.png
418,IV,Buizel,Water,Swift Swim,Water Veil,55,65,35,60,30,85,0.7,29.5,,https://raw.githubusercontent.com/EchoFia/Learning-Through-Projects/refs/heads/main/Python/Pokemon/images/img528.png
419,IV,Floatzel,Water,Swift Swim,Water Veil,85,105,55,85,50,115,1.1,33.5,,https://raw.githubusercontent.com/EchoFia/Learning-Through-Projects/refs/heads/main/Python/Pokemon/images/img529.png
420,IV,Cherubi,Grass,Chlorophyll,,45,35,45,62,53,35,0.4,3.3,,https://raw.githubusercontent.com/EchoFia/Learning-Through-Projects/refs/heads/main/Python/Pokemon/images/img530.png
421,IV,Cherrim,Grass,Flower Gift,,70,60,70,87,78,85,0.5,9.3,,https://raw.githubusercontent.com/EchoFia/Learning-Through-Projects/refs/heads/main/Python/Pokemon/images/img531.png
422,IV,Shellos,Water,"Sticky Hold, Storm Drain",Sand Force,76,48,48,57,62,34,0.3,6.3,,https://raw.githubusercontent.com/EchoFia/Learning-Through-Projects/refs/heads/main/Python/Pokemon/images/img532.png
423,IV,Gastrodon,"Water, Ground","Sticky Hold, Storm Drain",Sand Force,111,83,68,92,82,39,0.9,29.9,,https://raw.githubusercontent.com/EchoFia/Learning-Through-Projects/refs/heads/main/Python/Pokemon/images/img533.png
424,IV,Ambipom,Normal,"Technician, Pickup",Skill Link,75,100,66,60,66,115,1.2,20.3,,https://raw.githubusercontent.com/EchoFia/Learning-Through-Projects/refs/heads/main/Python/Pokemon/images/img534.png
425,IV,Drifloon,"Ghost, Flying","Aftermath, Unburden",Flare Boost,90,50,34,60,44,70,0.4,1.2,,https://raw.githubusercontent.com/EchoFia/Learning-Through-Projects/refs/heads/main/Python/Pokemon/images/img535.png
426,IV,Drifblim,"Ghost, Flying","Aftermath, Unburden",Flare Boost,150,80,44,90,54,80,1.2,15.0,,https://raw.githubusercontent.com/EchoFia/Learning-Through-Projects/refs/heads/main/Python/Pokemon/images/img536.png
427,IV,Buneary,Normal,"Run Away, Klutz",Limber,55,66,44,44,56,85,0.4,5.5,,https://raw.githubusercontent.com/EchoFia/Learning-Through-Projects/refs/heads/main/Python/Pokemon/images/img537.png
428,IV,Lopunny,Normal,"Cute Charm, Klutz",Limber,65,76,84,54,96,105,1.2,33.3,,https://raw.githubusercontent.com/EchoFia/Learning-Through-Projects/refs/heads/main/Python/Pokemon/images/img538.png
428,IV,Mega Lopunny,"Normal, Fighting",Scrappy,,65,136,94,54,96,135,1.3,28.3,,https://raw.githubusercontent.com/EchoFia/Learning-Through-Projects/refs/heads/main/Python/Pokemon/images/img539.png
429,IV,Mismagius,Ghost,Levitate,,60,60,60,105,105,105,0.9,4.4,,https://raw.githubusercontent.com/EchoFia/Learning-Through-Projects/refs/heads/main/Python/Pokemon/images/img540.png
430,IV,Honchkrow,"Dark, Flying","Insomnia, Super Luck",Moxie,100,125,52,105,52,71,0.9,27.3,,https://raw.githubusercontent.com/EchoFia/Learning-Through-Projects/refs/heads/main/Python/Pokemon/images/img541.png
431,IV,Glameow,Normal,"Limber, Own Tempo",Keen Eye,49,55,42,42,37,85,0.5,3.9,,https://raw.githubusercontent.com/EchoFia/Learning-Through-Projects/refs/heads/main/Python/Pokemon/images/img542.png
432,IV,Purugly,Normal,"Thick Fat, Own Tempo",Defiant,71,82,64,64,59,112,1.0,43.8,,https://raw.githubusercontent.com/EchoFia/Learning-Through-Projects/refs/heads/main/Python/Pokemon/images/img543.png
433,IV,Chingling,Psychic,Levitate,,45,30,50,65,50,45,0.2,0.6,,https://raw.githubusercontent.com/EchoFia/Learning-Through-Projects/refs/heads/main/Python/Pokemon/images/img544.png
434,IV,Stunky,"Poison, Dark","Stench, Aftermath",Keen Eye,63,63,47,41,41,74,0.4,19.2,,https://raw.githubusercontent.com/EchoFia/Learning-Through-Projects/refs/heads/main/Python/Pokemon/images/img545.png
435,IV,Skuntank,"Poison, Dark","Stench, Aftermath",Keen Eye,103,93,67,71,61,84,1.0,38.0,,https://raw.githubusercontent.com/EchoFia/Learning-Through-Projects/refs/heads/main/Python/Pokemon/images/img546.png
436,IV,Bronzor,"Steel, Psychic","Levitate, Heatproof",Heavy Metal,57,24,86,24,86,23,0.5,60.5,,https://raw.githubusercontent.com/EchoFia/Learning-Through-Projects/refs/heads/main/Python/Pokemon/images/img547.png
437,IV,Bronzong,"Steel, Psychic","Levitate, Heatproof",Heavy Metal,67,89,116,79,116,33,1.3,187.0,,https://raw.githubusercontent.com/EchoFia/Learning-Through-Projects/refs/heads/main/Python/Pokemon/images/img548.png
438,IV,Bonsly,Rock,"Sturdy, Rock Head",Rattled,50,80,95,10,45,10,0.5,15.0,,https://raw.githubusercontent.com/EchoFia/Learning-Through-Projects/refs/heads/main/Python/Pokemon/images/img549.png
439,IV,Mime Jr.,"Psychic, Fairy","Soundproof, Filter",Technician,20,25,45,70,90,60,0.6,13.0,,https://raw.githubusercontent.com/EchoFia/Learning-Through-Projects/refs/heads/main/Python/Pokemon/images/img550.png
440,IV,Happiny,Normal,"Natural Cure, Serene Grace",Friend Guard,100,5,5,15,65,30,0.6,24.4,,https://raw.githubusercontent.com/EchoFia/Learning-Through-Projects/refs/heads/main/Python/Pokemon/images/img551.png
441,IV,Chatot,"Normal, Flying","Keen Eye, Tangled Feet",Big Pecks,76,65,45,92,42,91,0.5,1.9,,https://raw.githubusercontent.com/EchoFia/Learning-Through-Projects/refs/heads/main/Python/Pokemon/images/img552.png
442,IV,Spiritomb,"Ghost, Dark",Pressure,Infiltrator,50,92,108,92,108,35,1.0,108.0,,https://raw.githubusercontent.com/EchoFia/Learning-Through-Projects/refs/heads/main/Python/Pokemon/images/img553.png
443,IV,Gible,"Dragon, Ground",Sand Veil,Rough Skin,58,70,45,40,45,42,0.7,20.5,,https://raw.githubusercontent.com/EchoFia/Learning-Through-Projects/refs/heads/main/Python/Pokemon/images/img554.png
444,IV,Gabite,"Dragon, Ground",Sand Veil,Rough Skin,68,90,65,50,55,82,1.4,56.0,,https://raw.githubusercontent.com/EchoFia/Learning-Through-Projects/refs/heads/main/Python/Pokemon/images/img555.png
445,IV,Garchomp,"Dragon, Ground",Sand Veil,Rough Skin,108,130,95,80,85,102,1.9,95.0,,https://raw.githubusercontent.com/EchoFia/Learning-Through-Projects/refs/heads/main/Python/Pokemon/images/img556.png
445,IV,Mega Garchomp,"Dragon, Ground",Levitate,,108,170,115,120,95,92,1.9,99.0,,https://raw.githubusercontent.com/EchoFia/Learning-Through-Projects/refs/heads/main/Python/Pokemon/images/img557.png
445,IV,Mega Garchomp Z,Dragon,Levitate,,108,130,85,141,85,151,1.9,99.0,,https://raw.githubusercontent.com/EchoFia/Learning-Through-Projects/refs/heads/main/Python/Pokemon/images/img558.png
446,IV,Munchlax,Normal,"Pickup, Thick Fat",Gluttony,135,85,40,40,85,5,0.6,105.0,,https://raw.githubusercontent.com/EchoFia/Learning-Through-Projects/refs/heads/main/Python/Pokemon/images/img559.png
447,IV,Riolu,Fighting,"Steadfast, Inner Focus",Prankster,40,70,40,35,40,60,0.7,20.2,,https://raw.githubusercontent.com/EchoFia/Learning-Through-Projects/refs/heads/main/Python/Pokemon/images/img560.png
448,IV,Lucario,"Fighting, Steel","Steadfast, Inner Focus",Justified,70,110,70,115,70,90,1.2,54.0,,https://raw.githubusercontent.com/EchoFia/Learning-Through-Projects/refs/heads/main/Python/Pokemon/images/img561.png
448,IV,Mega Lucario,"Fighting, Steel",Aura Guard,,70,145,88,140,70,112,1.3,49.4,,https://raw.githubusercontent.com/EchoFia/Learning-Through-Projects/refs/heads/main/Python/Pokemon/images/img562.png
448,IV,Mega Lucario Z,"Fighting, Steel",Aura Guard,,70,100,70,164,70,151,1.3,49.4,,https://raw.githubusercontent.com/EchoFia/Learning-Through-Projects/refs/heads/main/Python/Pokemon/images/img563.png
449,IV,Hippopotas,Ground,Sand Stream,Sand Force,68,72,78,38,42,32,0.8,49.5,,https://raw.githubusercontent.com/EchoFia/Learning-Through-Projects/refs/heads/main/Python/Pokemon/images/img564.png
450,IV,Hippowdon,Ground,Sand Stream,Sand Force,108,112,118,68,72,47,2.0,300.0,,https://raw.githubusercontent.com/EchoFia/Learning-Through-Projects/refs/heads/main/Python/Pokemon/images/img565.png
451,IV,Skorupi,"Poison, Bug","Battle Armor, Sniper",Keen Eye,40,50,90,30,55,65,0.8,12.0,,https://raw.githubusercontent.com/EchoFia/Learning-Through-Projects/refs/heads/main/Python/Pokemon/images/img566.png
452,IV,Drapion,"Poison, Dark","Battle Armor, Sniper",Keen Eye,70,90,110,60,75,95,1.3,61.5,,https://raw.githubusercontent.com/EchoFia/Learning-Through-Projects/refs/heads/main/Python/Pokemon/images/img567.png
453,IV,Croagunk,"Poison, Fighting","Anticipation, Dry Skin",Poison Touch,48,61,40,61,40,50,0.7,23.0,,https://raw.githubusercontent.com/EchoFia/Learning-Through-Projects/refs/heads/main/Python/Pokemon/images/img568.png
454,IV,Toxicroak,"Poison, Fighting","Anticipation, Dry Skin",Poison Touch,83,106,65,86,65,85,1.3,44.4,,https://raw.githubusercontent.com/EchoFia/Learning-Through-Projects/refs/heads/main/Python/Pokemon/images/img569.png
455,IV,Carnivine,Grass,Levitate,,74,100,72,90,72,46,1.4,27.0,,https://raw.githubusercontent.com/EchoFia/Learning-Through-Projects/refs/heads/main/Python/Pokemon/images/img570.png
456,IV,Finneon,Water,"Swift Swim, Storm Drain",Water Veil,49,49,56,49,61,66,0.4,7.0,,https://raw.githubusercontent.com/EchoFia/Learning-Through-Projects/refs/heads/main/Python/Pokemon/images/img571.png
457,IV,Lumineon,Water,"Swift Swim, Storm Drain",Water Veil,69,69,76,69,86,91,1.2,24.0,,https://raw.githubusercontent.com/EchoFia/Learning-Through-Projects/refs/heads/main/Python/Pokemon/images/img572.png
458,IV,Mantyke,"Water, Flying","Swift Swim, Water Absorb",Water Veil,45,20,50,60,120,50,1.0,65.0,,https://raw.githubusercontent.com/EchoFia/Learning-Through-Projects/refs/heads/main/Python/Pokemon/images/img573.png
459,IV,Snover,"Grass, Ice",Snow Warning,Soundproof,60,62,50,62,60,40,1.0,50.5,,https://raw.githubusercontent.com/EchoFia/Learning-Through-Projects/refs/heads/main/Python/Pokemon/images/img574.png
460,IV,Abomasnow,"Grass, Ice",Snow Warning,Soundproof,90,92,75,92,85,60,2.2,135.5,,https://raw.githubusercontent.com/EchoFia/Learning-Through-Projects/refs/heads/main/Python/Pokemon/images/img575.png
460,IV,Mega Abomasnow,"Grass, Ice",Snow Warning,,90,132,105,132,105,30,2.7,185.0,,https://raw.githubusercontent.com/EchoFia/Learning-Through-Projects/refs/heads/main/Python/Pokemon/images/img576.png
461,IV,Weavile,"Dark, Ice",Pressure,Pickpocket,70,120,65,45,85,125,1.1,34.0,,https://raw.githubusercontent.com/EchoFia/Learning-Through-Projects/refs/heads/main/Python/Pokemon/images/img577.png
462,IV,Magnezone,"Electric, Steel","Magnet Pull, Sturdy",Analytic,70,70,115,130,90,60,1.2,180.0,,https://raw.githubusercontent.com/EchoFia/Learning-Through-Projects/refs/heads/main/Python/Pokemon/images/img578.png
463,IV,Lickilicky,Normal,"Own Tempo, Oblivious",Cloud Nine,110,85,95,80,95,50,1.7,140.0,,https://raw.githubusercontent.com/EchoFia/Learning-Through-Projects/refs/heads/main/Python/Pokemon/images/img579.png
464,IV,Rhyperior,"Ground, Rock","Lightning Rod, Solid Rock",Reckless,115,140,130,55,55,40,2.4,282.8,,https://raw.githubusercontent.com/EchoFia/Learning-Through-Projects/refs/heads/main/Python/Pokemon/images/img580.png
465,IV,Tangrowth,Grass,"Chlorophyll, Leaf Guard",Regenerator,100,100,125,110,50,50,2.0,128.6,,https://raw.githubusercontent.com/EchoFia/Learning-Through-Projects/refs/heads/main/Python/Pokemon/images/img581.png
466,IV,Electivire,Electric,Motor Drive,Vital Spirit,75,123,67,95,85,95,1.8,138.6,,https://raw.githubusercontent.com/EchoFia/Learning-Through-Projects/refs/heads/main/Python/Pokemon/images/img582.png
467,IV,Magmortar,Fire,Flame Body,Vital Spirit,75,95,67,125,95,83,1.6,68.0,,https://raw.githubusercontent.com/EchoFia/Learning-Through-Projects/refs/heads/main/Python/Pokemon/images/img583.png
468,IV,Togekiss,"Fairy, Flying","Hustle, Serene Grace",Super Luck,85,50,95,120,115,80,1.5,38.0,,https://raw.githubusercontent.com/EchoFia/Learning-Through-Projects/refs/heads/main/Python/Pokemon/images/img584.png
469,IV,Yanmega,"Bug, Flying","Speed Boost, Tinted Lens",Frisk,86,76,86,116,56,95,1.9,51.5,,https://raw.githubusercontent.com/EchoFia/Learning-Through-Projects/refs/heads/main/Python/Pokemon/images/img585.png
470,IV,Leafeon,Grass,Leaf Guard,Chlorophyll,65,110,130,60,65,95,1.0,25.5,,https://raw.githubusercontent.com/EchoFia/Learning-Through-Projects/refs/heads/main/Python/Pokemon/images/img586.png
471,IV,Glaceon,Ice,Snow Cloak,Ice Body,65,60,110,130,95,65,0.8,25.9,,https://raw.githubusercontent.com/EchoFia/Learning-Through-Projects/refs/heads/main/Python/Pokemon/images/img587.png
472,IV,Gliscor,"Ground, Flying","Hyper Cutter, Sand Veil",Poison Heal,75,95,125,45,75,95,2.0,42.5,,https://raw.githubusercontent.com/EchoFia/Learning-Through-Projects/refs/heads/main/Python/Pokemon/images/img588.png
473,IV,Mamoswine,"Ice, Ground","Oblivious, Snow Cloak",Thick Fat,110,130,80,70,60,80,2.5,291.0,,https://raw.githubusercontent.com/EchoFia/Learning-Through-Projects/refs/heads/main/Python/Pokemon/images/img589.png
474,IV,Porygon-Z,Normal,"Adaptability, Download",Analytic,85,80,70,135,75,90,0.9,34.0,,https://raw.githubusercontent.com/EchoFia/Learning-Through-Projects/refs/heads/main/Python/Pokemon/images/img590.png
475,IV,Gallade,"Psychic, Fighting","Steadfast, Sharpness",Justified,68,125,65,65,115,80,1.6,52.0,,https://raw.githubusercontent.com/EchoFia/Learning-Through-Projects/refs/heads/main/Python/Pokemon/images/img591.png
475,IV,Mega Gallade,"Psychic, Fighting",Inner Focus,,68,165,95,65,115,110,1.6,56.4,,https://raw.githubusercontent.com/EchoFia/Learning-Through-Projects/refs/heads/main/Python/Pokemon/images/img592.png
476,IV,Probopass,"Rock, Steel","Sturdy, Magnet Pull",Sand Force,60,55,145,75,150,40,1.4,340.0,,https://raw.githubusercontent.com/EchoFia/Learning-Through-Projects/refs/heads/main/Python/Pokemon/images/img593.png
477,IV,Dusknoir,Ghost,Pressure,Frisk,45,100,135,65,135,45,2.2,106.6,,https://raw.githubusercontent.com/EchoFia/Learning-Through-Projects/refs/heads/main/Python/Pokemon/images/img594.png
478,IV,Froslass,"Ice, Ghost",Snow Cloak,Cursed Body,70,80,70,80,70,110,1.3,26.6,,https://raw.githubusercontent.com/EchoFia/Learning-Through-Projects/refs/heads/main/Python/Pokemon/images/img595.png
478,IV,Mega Froslass,"Ice, Ghost",Snow Warning,,70,80,70,140,100,120,2.6,29.6,,https://raw.githubusercontent.com/EchoFia/Learning-Through-Projects/refs/heads/main/Python/Pokemon/images/img596.png
479,IV,Rotom,"Electric, Ghost",Levitate,,50,50,77,95,77,91,0.3,0.3,,https://raw.githubusercontent.com/EchoFia/Learning-Through-Projects/refs/heads/main/Python/Pokemon/images/img597.png
479,IV,Rotom Heat,"Electric, Fire",Levitate,,50,65,107,105,107,86,0.3,0.3,,https://raw.githubusercontent.com/EchoFia/Learning-Through-Projects/refs/heads/main/Python/Pokemon/images/img598.png
479,IV,Rotom Wash,"Electric, Water",Levitate,,50,65,107,105,107,86,0.3,0.3,,https://raw.githubusercontent.com/EchoFia/Learning-Through-Projects/refs/heads/main/Python/Pokemon/images/img599.png
479,IV,Rotom Frost,"Electric, Ice",Levitate,,50,65,107,105,107,86,0.3,0.3,,https://raw.githubusercontent.com/EchoFia/Learning-Through-Projects/refs/heads/main/Python/Pokemon/images/img600.png
479,IV,Rotom Fan,"Electric, Flying",Levitate,,50,65,107,105,107,86,0.3,0.3,,https://raw.githubusercontent.com/EchoFia/Learning-Through-Projects/refs/heads/main/Python/Pokemon/images/img601.png
479,IV,Rotom Mow,"Electric, Grass",Levitate,,50,65,107,105,107,86,0.3,0.3,,https://raw.githubusercontent.com/EchoFia/Learning-Through-Projects/refs/heads/main/Python/Pokemon/images/img602.png
480,IV,Uxie,Psychic,Levitate,,75,75,130,75,130,95,0.3,0.3,,https://raw.githubusercontent.com/EchoFia/Learning-Through-Projects/refs/heads/main/Python/Pokemon/images/img603.png
481,IV,Mesprit,Psychic,Levitate,,80,105,105,105,105,80,0.3,0.3,,https://raw.githubusercontent.com/EchoFia/Learning-Through-Projects/refs/heads/main/Python/Pokemon/images/img604.png
482,IV,Azelf,Psychic,Levitate,,75,125,70,125,70,115,0.3,0.3,,https://raw.githubusercontent.com/EchoFia/Learning-Through-Projects/refs/heads/main/Python/Pokemon/images/img605.png
483,IV,Dialga,"Steel, Dragon",Pressure,Telepathy,100,120,120,150,100,90,5.4,683.0,,https://raw.githubusercontent.com/EchoFia/Learning-Through-Projects/refs/heads/main/Python/Pokemon/images/img606.png
483,IV,Dialga Origin Forme,"Steel, Dragon",Pressure,Telepathy,100,100,120,150,120,90,7.0,850.0,,https://raw.githubusercontent.com/EchoFia/Learning-Through-Projects/refs/heads/main/Python/Pokemon/images/img607.png
484,IV,Palkia,"Water, Dragon",Pressure,Telepathy,90,120,100,150,120,100,4.2,336.0,,https://raw.githubusercontent.com/EchoFia/Learning-Through-Projects/refs/heads/main/Python/Pokemon/images/img608.png
484,IV,Palkia Origin Forme,"Water, Dragon",Pressure,Telepathy,90,100,100,150,120,120,6.3,660.0,,https://raw.githubusercontent.com/EchoFia/Learning-Through-Projects/refs/heads/main/Python/Pokemon/images/img609.png
485,IV,Heatran,"Fire, Steel",Flash Fire,Flame Body,91,90,106,130,106,77,1.7,430.0,,https://raw.githubusercontent.com/EchoFia/Learning-Through-Projects/refs/heads/main/Python/Pokemon/images/img610.png
485,IV,Mega Heatran,"Fire, Steel",Flash Fire,Flame Body,91,120,106,175,141,67,2.8,570.0,,https://raw.githubusercontent.com/EchoFia/Learning-Through-Projects/refs/heads/main/Python/Pokemon/images/img611.png
486,IV,Regigigas,Normal,Slow Start,,110,160,110,80,110,100,3.7,420.0,,https://raw.githubusercontent.com/EchoFia/Learning-Through-Projects/refs/heads/main/Python/Pokemon/images/img612.png
487,IV,Giratina Altered Forme,"Ghost, Dragon",Pressure,Telepathy,150,100,120,100,120,90,4.5,750.0,,https://raw.githubusercontent.com/EchoFia/Learning-Through-Projects/refs/heads/main/Python/Pokemon/images/img613.png
487,IV,Giratina Origin Forme,"Ghost, Dragon",Levitate,,150,120,100,120,100,90,6.9,650.0,,https://raw.githubusercontent.com/EchoFia/Learning-Through-Projects/refs/heads/main/Python/Pokemon/images/img614.png
488,IV,Cresselia,Psychic,Levitate,,120,70,110,75,120,85,1.5,85.6,,https://raw.githubusercontent.com/EchoFia/Learning-Through-Projects/refs/heads/main/Python/Pokemon/images/img615.png
489,IV,Phione,Water,Hydration,,80,80,80,80,80,80,0.4,3.1,,https://raw.githubusercontent.com/EchoFia/Learning-Through-Projects/refs/heads/main/Python/Pokemon/images/img616.png
490,IV,Manaphy,Water,Hydration,,100,100,100,100,100,100,0.3,1.4,,https://raw.githubusercontent.com/EchoFia/Learning-Through-Projects/refs/heads/main/Python/Pokemon/images/img617.png
491,IV,Darkrai,Dark,Bad Dreams,,70,90,90,135,90,125,1.5,50.5,,https://raw.githubusercontent.com/EchoFia/Learning-Through-Projects/refs/heads/main/Python/Pokemon/images/img618.png
491,IV,Mega Darkrai,Dark,Bad Dreams,,70,120,130,165,130,85,3.0,240.0,,https://raw.githubusercontent.com/EchoFia/Learning-Through-Projects/refs/heads/main/Python/Pokemon/images/img619.png
492,IV,Shaymin Land Forme,Grass,Natural Cure,,100,100,100,100,100,100,0.2,2.1,,https://raw.githubusercontent.com/EchoFia/Learning-Through-Projects/refs/heads/main/Python/Pokemon/images/img620.png
492,IV,Shaymin Sky Forme,"Grass, Flying",Serene Grace,,100,103,75,120,75,127,0.4,5.2,,https://raw.githubusercontent.com/EchoFia/Learning-Through-Projects/refs/heads/main/Python/Pokemon/images/img621.png
493,IV,Arceus,Normal,Multitype,,120,120,120,120,120,120,3.2,320.0,,https://raw.githubusercontent.com/EchoFia/Learning-Through-Projects/refs/heads/main/Python/Pokemon/images/img622.png
494,V,Victini,"Psychic, Fire",Victory Star,,100,100,100,100,100,100,0.4,4.0,,https://raw.githubusercontent.com/EchoFia/Learning-Through-Projects/refs/heads/main/Python/Pokemon/images/img623.png
495,V,Snivy,Grass,Overgrow,Contrary,45,45,55,45,55,63,0.6,8.1,,https://raw.githubusercontent.com/EchoFia/Learning-Through-Projects/refs/heads/main/Python/Pokemon/images/img624.png
496,V,Servine,Grass,Overgrow,Contrary,60,60,75,60,75,83,0.8,16.0,,https://raw.githubusercontent.com/EchoFia/Learning-Through-Projects/refs/heads/main/Python/Pokemon/images/img625.png
497,V,Serperior,Grass,Overgrow,Contrary,75,75,95,75,95,113,3.3,63.0,,https://raw.githubusercontent.com/EchoFia/Learning-Through-Projects/refs/heads/main/Python/Pokemon/images/img626.png
498,V,Tepig,Fire,Blaze,Thick Fat,65,63,45,45,45,45,0.5,9.9,,https://raw.githubusercontent.com/EchoFia/Learning-Through-Projects/refs/heads/main/Python/Pokemon/images/img627.png
499,V,Pignite,"Fire, Fighting",Blaze,Thick Fat,90,93,55,70,55,55,1.0,55.5,,https://raw.githubusercontent.com/EchoFia/Learning-Through-Projects/refs/heads/main/Python/Pokemon/images/img628.png
500,V,Emboar,"Fire, Fighting",Blaze,Reckless,110,123,65,100,65,65,1.6,150.0,,https://raw.githubusercontent.com/EchoFia/Learning-Through-Projects/refs/heads/main/Python/Pokemon/images/img629.png
500,V,Mega Emboar,"Fire, Fighting",Mold Breaker,,110,148,75,110,110,75,1.8,180.3,,https://raw.githubusercontent.com/EchoFia/Learning-Through-Projects/refs/heads/main/Python/Pokemon/images/img630.png
501,V,Oshawott,Water,Torrent,Shell Armor,55,55,45,63,45,45,0.5,5.9,,https://raw.githubusercontent.com/EchoFia/Learning-Through-Projects/refs/heads/main/Python/Pokemon/images/img631.png
502,V,Dewott,Water,Torrent,Shell Armor,75,75,60,83,60,60,0.8,24.5,,https://raw.githubusercontent.com/EchoFia/Learning-Through-Projects/refs/heads/main/Python/Pokemon/images/img632.png
503,V,Samurott,Water,Torrent,Shell Armor,95,100,85,108,70,70,1.5,94.6,,https://raw.githubusercontent.com/EchoFia/Learning-Through-Projects/refs/heads/main/Python/Pokemon/images/img633.png
503,V,Hisuian Samurott,"Water, Dark",Torrent,Sharpness,90,108,80,100,65,85,1.5,58.2,,https://raw.githubusercontent.com/EchoFia/Learning-Through-Projects/refs/heads/main/Python/Pokemon/images/img634.png
504,V,Patrat,Normal,"Run Away, Keen Eye",Analytic,45,55,39,35,39,42,0.5,11.6,,https://raw.githubusercontent.com/EchoFia/Learning-Through-Projects/refs/heads/main/Python/Pokemon/images/img635.png
505,V,Watchog,Normal,"Illuminate, Keen Eye",Analytic,60,85,69,60,69,77,1.1,27.0,,https://raw.githubusercontent.com/EchoFia/Learning-Through-Projects/refs/heads/main/Python/Pokemon/images/img636.png
506,V,Lillipup,Normal,"Vital Spirit, Pickup",Run Away,45,60,45,25,45,55,0.4,4.1,,https://raw.githubusercontent.com/EchoFia/Learning-Through-Projects/refs/heads/main/Python/Pokemon/images/img637.png
507,V,Herdier,Normal,"Intimidate, Sand Rush",Scrappy,65,80,65,35,65,60,0.9,14.7,,https://raw.githubusercontent.com/EchoFia/Learning-Through-Projects/refs/heads/main/Python/Pokemon/images/img638.png
508,V,Stoutland,Normal,"Intimidate, Sand Rush",Scrappy,85,110,90,45,90,80,1.2,61.0,,https://raw.githubusercontent.com/EchoFia/Learning-Through-Projects/refs/heads/main/Python/Pokemon/images/img639.png
509,V,Purrloin,Dark,"Limber, Unburden",Prankster,41,50,37,50,37,66,0.4,10.1,,https://raw.githubusercontent.com/EchoFia/Learning-Through-Projects/refs/heads/main/Python/Pokemon/images/img640.png
510,V,Liepard,Dark,"Limber, Unburden",Prankster,64,88,50,88,50,106,1.1,37.5,,https://raw.githubusercontent.com/EchoFia/Learning-Through-Projects/refs/heads/main/Python/Pokemon/images/img641.png
511,V,Pansage,Grass,Gluttony,Overgrow,50,53,48,53,48,64,0.6,10.5,,https://raw.githubusercontent.com/EchoFia/Learning-Through-Projects/refs/heads/main/Python/Pokemon/images/img642.png
512,V,Simisage,Grass,Gluttony,Overgrow,75,98,63,98,63,101,1.1,30.5,,https://raw.githubusercontent.com/EchoFia/Learning-Through-Projects/refs/heads/main/Python/Pokemon/images/img643.png
513,V,Pansear,Fire,Gluttony,Blaze,50,53,48,53,48,64,0.6,11.0,,https://raw.githubusercontent.com/EchoFia/Learning-Through-Projects/refs/heads/main/Python/Pokemon/images/img644.png
514,V,Simisear,Fire,Gluttony,Blaze,75,98,63,98,63,101,1.0,28.0,,https://raw.githubusercontent.com/EchoFia/Learning-Through-Projects/refs/heads/main/Python/Pokemon/images/img645.png
515,V,Panpour,Water,Gluttony,Torrent,50,53,48,53,48,64,0.6,13.5,,https://raw.githubusercontent.com/EchoFia/Learning-Through-Projects/refs/heads/main/Python/Pokemon/images/img646.png
516,V,Simipour,Water,Gluttony,Torrent,75,98,63,98,63,101,1.0,29.0,,https://raw.githubusercontent.com/EchoFia/Learning-Through-Projects/refs/heads/main/Python/Pokemon/images/img647.png
517,V,Munna,Psychic,"Forewarn, Synchronize",Telepathy,76,25,45,67,55,24,0.6,23.3,,https://raw.githubusercontent.com/EchoFia/Learning-Through-Projects/refs/heads/main/Python/Pokemon/images/img648.png
518,V,Musharna,Psychic,"Forewarn, Synchronize",Telepathy,116,55,85,107,95,29,1.1,60.5,,https://raw.githubusercontent.com/EchoFia/Learning-Through-Projects/refs/heads/main/Python/Pokemon/images/img649.png
519,V,Pidove,"Normal, Flying","Big Pecks, Super Luck",Rivalry,50,55,50,36,30,43,0.3,2.1,,https://raw.githubusercontent.com/EchoFia/Learning-Through-Projects/refs/heads/main/Python/Pokemon/images/img650.png
520,V,Tranquill,"Normal, Flying","Big Pecks, Super Luck",Rivalry,62,77,62,50,42,65,0.6,15.0,,https://raw.githubusercontent.com/EchoFia/Learning-Through-Projects/refs/heads/main/Python/Pokemon/images/img651.png
521,V,Unfezant,"Normal, Flying","Big Pecks, Super Luck",Rivalry,80,115,80,65,55,93,1.2,29.0,,https://raw.githubusercontent.com/EchoFia/Learning-Through-Projects/refs/heads/main/Python/Pokemon/images/img652.png
522,V,Blitzle,Electric,"Lightning Rod, Motor Drive",Sap Sipper,45,60,32,50,32,76,0.8,29.8,,https://raw.githubusercontent.com/EchoFia/Learning-Through-Projects/refs/heads/main/Python/Pokemon/images/img653.png
523,V,Zebstrika,Electric,"Lightning Rod, Motor Drive",Sap Sipper,75,100,63,80,63,116,1.6,79.5,,https://raw.githubusercontent.com/EchoFia/Learning-Through-Projects/refs/heads/main/Python/Pokemon/images/img654.png
524,V,Roggenrola,Rock,"Sturdy, Weak Armor",Sand Force,55,75,85,25,25,15,0.4,18.0,,https://raw.githubusercontent.com/EchoFia/Learning-Through-Projects/refs/heads/main/Python/Pokemon/images/img655.png
525,V,Boldore,Rock,"Sturdy, Weak Armor",Sand Force,70,105,105,50,40,20,0.9,102.0,,https://raw.githubusercontent.com/EchoFia/Learning-Through-Projects/refs/heads/main/Python/Pokemon/images/img656.png
526,V,Gigalith,Rock,"Sturdy, Sand Stream",Sand Force,85,135,130,60,80,25,1.7,260.0,,https://raw.githubusercontent.com/EchoFia/Learning-Through-Projects/refs/heads/main/Python/Pokemon/images/img657.png
527,V,Woobat,"Psychic, Flying","Unaware, Klutz",Simple,65,45,43,55,43,72,0.4,2.1,,https://raw.githubusercontent.com/EchoFia/Learning-Through-Projects/refs/heads/main/Python/Pokemon/images/img658.png
528,V,Swoobat,"Psychic, Flying","Unaware, Klutz",Simple,67,57,55,77,55,114,0.9,10.5,,https://raw.githubusercontent.com/EchoFia/Learning-Through-Projects/refs/heads/main/Python/Pokemon/images/img659.png
529,V,Drilbur,Ground,"Sand Rush, Sand Force",Mold Breaker,60,85,40,30,45,68,0.3,8.5,,https://raw.githubusercontent.com/EchoFia/Learning-Through-Projects/refs/heads/main/Python/Pokemon/images/img660.png
530,V,Excadrill,"Ground, Steel","Sand Rush, Sand Force",Mold Breaker,110,135,60,50,65,88,0.7,40.4,,https://raw.githubusercontent.com/EchoFia/Learning-Through-Projects/refs/heads/main/Python/Pokemon/images/img661.png
530,V,Mega Excadrill,"Ground, Steel",Piercing Drill,,110,165,100,65,65,103,0.9,60.0,,https://raw.githubusercontent.com/EchoFia/Learning-Through-Projects/refs/heads/main/Python/Pokemon/images/img662.png
531,V,Audino,Normal,"Healer, Regenerator",Klutz,103,60,86,60,86,50,1.1,31.0,,https://raw.githubusercontent.com/EchoFia/Learning-Through-Projects/refs/heads/main/Python/Pokemon/images/img663.png
531,V,Mega Audino,"Normal, Fairy",Healer,,103,60,126,80,126,50,1.5,32.0,,https://raw.githubusercontent.com/EchoFia/Learning-Through-Projects/refs/heads/main/Python/Pokemon/images/img664.png
532,V,Timburr,Fighting,"Guts, Sheer Force",Iron Fist,75,80,55,25,35,35,0.6,12.5,,https://raw.githubusercontent.com/EchoFia/Learning-Through-Projects/refs/heads/main/Python/Pokemon/images/img665.png
533,V,Gurdurr,Fighting,"Guts, Sheer Force",Iron Fist,85,105,85,40,50,40,1.2,40.0,,https://raw.githubusercontent.com/EchoFia/Learning-Through-Projects/refs/heads/main/Python/Pokemon/images/img666.png
534,V,Conkeldurr,Fighting,"Guts, Sheer Force",Iron Fist,105,140,95,55,65,45,1.4,87.0,,https://raw.githubusercontent.com/EchoFia/Learning-Through-Projects/refs/heads/main/Python/Pokemon/images/img667.png
535,V,Tympole,Water,"Swift Swim, Hydration",Water Absorb,50,50,40,50,40,64,0.5,4.5,,https://raw.githubusercontent.com/EchoFia/Learning-Through-Projects/refs/heads/main/Python/Pokemon/images/img668.png
536,V,Palpitoad,"Water, Ground","Swift Swim, Hydration",Water Absorb,75,65,55,65,55,69,0.8,17.0,,https://raw.githubusercontent.com/EchoFia/Learning-Through-Projects/refs/heads/main/Python/Pokemon/images/img669.png
537,V,Seismitoad,"Water, Ground","Swift Swim, Poison Touch",Water Absorb,105,95,75,85,75,74,1.5,62.0,,https://raw.githubusercontent.com/EchoFia/Learning-Through-Projects/refs/heads/main/Python/Pokemon/images/img670.png
538,V,Throh,Fighting,"Guts, Inner Focus",Mold Breaker,120,100,85,30,85,45,1.3,55.5,,https://raw.githubusercontent.com/EchoFia/Learning-Through-Projects/refs/heads/main/Python/Pokemon/images/img671.png
539,V,Sawk,Fighting,"Sturdy, Inner Focus",Mold Breaker,75,125,75,30,75,85,1.4,51.0,,https://raw.githubusercontent.com/EchoFia/Learning-Through-Projects/refs/heads/main/Python/Pokemon/images/img672.png
540,V,Sewaddle,"Bug, Grass","Swarm, Chlorophyll",Overcoat,45,53,70,40,60,42,0.3,2.5,,https://raw.githubusercontent.com/EchoFia/Learning-Through-Projects/refs/heads/main/Python/Pokemon/images/img673.png
541,V,Swadloon,"Bug, Grass","Leaf Guard, Chlorophyll",Overcoat,55,63,90,50,80,42,0.5,7.3,,https://raw.githubusercontent.com/EchoFia/Learning-Through-Projects/refs/heads/main/Python/Pokemon/images/img674.png
542,V,Leavanny,"Bug, Grass","Swarm, Chlorophyll",Overcoat,75,103,80,70,80,92,1.2,20.5,,https://raw.githubusercontent.com/EchoFia/Learning-Through-Projects/refs/heads/main/Python/Pokemon/images/img675.png
543,V,Venipede,"Bug, Poison","Poison Point, Swarm",Speed Boost,30,45,59,30,39,57,0.4,5.3,,https://raw.githubusercontent.com/EchoFia/Learning-Through-Projects/refs/heads/main/Python/Pokemon/images/img676.png
544,V,Whirlipede,"Bug, Poison","Poison Point, Swarm",Speed Boost,40,55,99,40,79,47,1.2,58.5,,https://raw.githubusercontent.com/EchoFia/Learning-Through-Projects/refs/heads/main/Python/Pokemon/images/img677.png
545,V,Scolipede,"Bug, Poison","Poison Point, Swarm",Speed Boost,60,100,89,55,69,112,2.5,200.5,,https://raw.githubusercontent.com/EchoFia/Learning-Through-Projects/refs/heads/main/Python/Pokemon/images/img678.png
545,V,Mega Scolipede,"Bug, Poison",Shell Armor,,60,140,149,75,99,62,3.2,230.5,,https://raw.githubusercontent.com/EchoFia/Learning-Through-Projects/refs/heads/main/Python/Pokemon/images/img679.png
546,V,Cottonee,"Grass, Fairy","Prankster, Infiltrator",Chlorophyll,40,27,60,37,50,66,0.3,0.6,,https://raw.githubusercontent.com/EchoFia/Learning-Through-Projects/refs/heads/main/Python/Pokemon/images/img680.png
547,V,Whimsicott,"Grass, Fairy","Prankster, Infiltrator",Chlorophyll,60,67,85,77,75,116,0.7,6.6,,https://raw.githubusercontent.com/EchoFia/Learning-Through-Projects/refs/heads/main/Python/Pokemon/images/img681.png
548,V,Petilil,Grass,"Chlorophyll, Own Tempo",Leaf Guard,45,35,50,70,50,30,0.5,6.6,,https://raw.githubusercontent.com/EchoFia/Learning-Through-Projects/refs/heads/main/Python/Pokemon/images/img682.png
549,V,Lilligant,Grass,"Chlorophyll, Own Tempo",Leaf Guard,70,60,75,110,75,90,1.1,16.3,,https://raw.githubusercontent.com/EchoFia/Learning-Through-Projects/refs/heads/main/Python/Pokemon/images/img683.png
549,V,Hisuian Lilligant,"Grass, Fighting","Chlorophyll, Hustle",Leaf Guard,70,105,75,50,75,105,1.2,19.2,,https://raw.githubusercontent.com/EchoFia/Learning-Through-Projects/refs/heads/main/Python/Pokemon/images/img684.png
550,V,Basculin Red-Striped Form,Water,"Reckless, Adaptability",Mold Breaker,70,92,65,80,55,98,1.0,18.0,,https://raw.githubusercontent.com/EchoFia/Learning-Through-Projects/refs/heads/main/Python/Pokemon/images/img685.png
550,V,Basculin Blue-Striped Form,Water,"Rock Head, Adaptability",Mold Breaker,70,92,65,80,55,98,1.0,18.0,,https://raw.githubusercontent.com/EchoFia/Learning-Through-Projects/refs/heads/main/Python/Pokemon/images/img686.png
550,V,Basculin White-Striped Form,Water,"Rattled, Adaptability",Mold Breaker,70,92,65,80,55,98,1.0,18.0,,https://raw.githubusercontent.com/EchoFia/Learning-Through-Projects/refs/heads/main/Python/Pokemon/images/img687.png
551,V,Sandile,"Ground, Dark","Intimidate, Moxie",Anger Point,50,72,35,35,35,65,0.7,15.2,,https://raw.githubusercontent.com/EchoFia/Learning-Through-Projects/refs/heads/main/Python/Pokemon/images/img688.png
552,V,Krokorok,"Ground, Dark","Intimidate, Moxie",Anger Point,60,82,45,45,45,74,1.0,33.4,,https://raw.githubusercontent.com/EchoFia/Learning-Through-Projects/refs/heads/main/Python/Pokemon/images/img689.png
553,V,Krookodile,"Ground, Dark","Intimidate, Moxie",Anger Point,95,117,80,65,70,92,1.5,96.3,,https://raw.githubusercontent.com/EchoFia/Learning-Through-Projects/refs/heads/main/Python/Pokemon/images/img690.png
554,V,Darumaka,Fire,Hustle,Inner Focus,70,90,45,15,45,50,0.6,37.5,,https://raw.githubusercontent.com/EchoFia/Learning-Through-Projects/refs/heads/main/Python/Pokemon/images/img691.png
554,V,Galarian Darumaka,Ice,Hustle,Inner Focus,70,90,45,15,45,50,0.7,40.0,,https://raw.githubusercontent.com/EchoFia/Learning-Through-Projects/refs/heads/main/Python/Pokemon/images/img692.png
555,V,Darmanitan Standard Mode,Fire,Sheer Force,Zen Mode,105,140,55,30,55,95,1.3,92.9,,https://raw.githubusercontent.com/EchoFia/Learning-Through-Projects/refs/heads/main/Python/Pokemon/images/img693.png
555,V,Darmanitan Zen Mode,"Fire, Psychic",Gorilla Tactics,Zen Mode,105,30,105,140,105,55,1.7,120.0,,https://raw.githubusercontent.com/EchoFia/Learning-Through-Projects/refs/heads/main/Python/Pokemon/images/img694.png
555,V,Galarian Darmanitan Standard Mode,Ice,Gorilla Tactics,Zen Mode,105,140,55,30,55,95,1.7,120.0,,https://raw.githubusercontent.com/EchoFia/Learning-Through-Projects/refs/heads/main/Python/Pokemon/images/img695.png
555,V,Galarian Darmanitan Zen Mode,"Ice, Fire",Gorilla Tactics,Zen Mode,105,160,55,30,55,135,1.7,120.0,,https://raw.githubusercontent.com/EchoFia/Learning-Through-Projects/refs/heads/main/Python/Pokemon/images/img696.png
556,V,Maractus,Grass,"Water Absorb, Chlorophyll",Storm Drain,75,86,67,106,67,60,1.0,28.0,,https://raw.githubusercontent.com/EchoFia/Learning-Through-Projects/refs/heads/main/Python/Pokemon/images/img697.png
557,V,Dwebble,"Bug, Rock","Sturdy, Shell Armor",Weak Armor,50,65,85,35,35,55,0.3,14.5,,https://raw.githubusercontent.com/EchoFia/Learning-Through-Projects/refs/heads/main/Python/Pokemon/images/img698.png
558,V,Crustle,"Bug, Rock","Sturdy, Shell Armor",Weak Armor,70,105,125,65,75,45,1.4,200.0,,https://raw.githubusercontent.com/EchoFia/Learning-Through-Projects/refs/heads/main/Python/Pokemon/images/img699.png
559,V,Scraggy,"Dark, Fighting","Shed Skin, Moxie",Intimidate,50,75,70,35,70,48,0.6,11.8,,https://raw.githubusercontent.com/EchoFia/Learning-Through-Projects/refs/heads/main/Python/Pokemon/images/img700.png
560,V,Scrafty,"Dark, Fighting","Shed Skin, Moxie",Intimidate,65,90,115,45,115,58,1.1,30.0,,https://raw.githubusercontent.com/EchoFia/Learning-Through-Projects/refs/heads/main/Python/Pokemon/images/img701.png
560,V,Mega Scrafty,"Dark, Fighting",Intimidate,,65,130,135,55,135,68,1.1,31.0,,https://raw.githubusercontent.com/EchoFia/Learning-Through-Projects/refs/heads/main/Python/Pokemon/images/img702.png
561,V,Sigilyph,"Psychic, Flying","Wonder Skin, Magic Guard",Tinted Lens,72,58,80,103,80,97,1.4,14.0,,https://raw.githubusercontent.com/EchoFia/Learning-Through-Projects/refs/heads/main/Python/Pokemon/images/img703.png
562,V,Yamask,Ghost,Mummy,,38,30,85,55,65,30,0.5,1.5,,https://raw.githubusercontent.com/EchoFia/Learning-Through-Projects/refs/heads/main/Python/Pokemon/images/img704.png
562,V,Galarian Yamask,"Ground, Ghost",Wandering Spirit,,38,55,85,30,65,30,0.5,1.5,,https://raw.githubusercontent.com/EchoFia/Learning-Through-Projects/refs/heads/main/Python/Pokemon/images/img705.png
563,V,Cofagrigus,Ghost,Mummy,,58,50,145,95,105,30,1.7,76.5,,https://raw.githubusercontent.com/EchoFia/Learning-Through-Projects/refs/heads/main/Python/Pokemon/images/img706.png
564,V,Tirtouga,"Water, Rock","Solid Rock, Sturdy",Swift Swim,54,78,103,53,45,22,0.7,16.5,,https://raw.githubusercontent.com/EchoFia/Learning-Through-Projects/refs/heads/main/Python/Pokemon/images/img707.png
565,V,Carracosta,"Water, Rock","Solid Rock, Sturdy",Swift Swim,74,108,133,83,65,32,1.2,81.0,,https://raw.githubusercontent.com/EchoFia/Learning-Through-Projects/refs/heads/main/Python/Pokemon/images/img708.png
566,V,Archen,"Rock, Flying",Defeatist,,55,112,45,74,45,70,0.5,9.5,,https://raw.githubusercontent.com/EchoFia/Learning-Through-Projects/refs/heads/main/Python/Pokemon/images/img709.png
567,V,Archeops,"Rock, Flying",Defeatist,,75,140,65,112,65,110,1.4,32.0,,https://raw.githubusercontent.com/EchoFia/Learning-Through-Projects/refs/heads/main/Python/Pokemon/images/img710.png
568,V,Trubbish,Poison,"Stench, Sticky Hold",Aftermath,50,50,62,40,62,65,0.6,31.0,,https://raw.githubusercontent.com/EchoFia/Learning-Through-Projects/refs/heads/main/Python/Pokemon/images/img711.png
569,V,Garbodor,Poison,"Stench, Weak Armor",Aftermath,80,95,82,60,82,75,1.9,107.3,,https://raw.githubusercontent.com/EchoFia/Learning-Through-Projects/refs/heads/main/Python/Pokemon/images/img712.png
570,V,Zorua,Dark,Illusion,,40,65,40,80,40,65,0.7,12.5,,https://raw.githubusercontent.com/EchoFia/Learning-Through-Projects/refs/heads/main/Python/Pokemon/images/img713.png
570,V,Hisuian Zorua,"Normal, Ghost",Illusion,,35,60,40,85,40,70,0.7,12.5,,https://raw.githubusercontent.com/EchoFia/Learning-Through-Projects/refs/heads/main/Python/Pokemon/images/img714.png
571,V,Zoroark,Dark,Illusion,,60,105,60,120,60,105,1.6,81.1,,https://raw.githubusercontent.com/EchoFia/Learning-Through-Projects/refs/heads/main/Python/Pokemon/images/img715.png
571,V,Hisuian Zoroark,"Normal, Ghost",Illusion,,55,100,60,125,60,110,1.6,73.0,,https://raw.githubusercontent.com/EchoFia/Learning-Through-Projects/refs/heads/main/Python/Pokemon/images/img716.png
572,V,Minccino,Normal,"Cute Charm, Technician",Skill Link,55,50,40,40,40,75,0.4,5.8,,https://raw.githubusercontent.com/EchoFia/Learning-Through-Projects/refs/heads/main/Python/Pokemon/images/img717.png
573,V,Cinccino,Normal,"Cute Charm, Technician",Skill Link,75,95,60,65,60,115,0.5,7.5,,https://raw.githubusercontent.com/EchoFia/Learning-Through-Projects/refs/heads/main/Python/Pokemon/images/img718.png
574,V,Gothita,Psychic,"Frisk, Competitive",Shadow Tag,45,30,50,55,65,45,0.4,5.8,,https://raw.githubusercontent.com/EchoFia/Learning-Through-Projects/refs/heads/main/Python/Pokemon/images/img719.png
575,V,Gothorita,Psychic,"Frisk, Competitive",Shadow Tag,60,45,70,75,85,55,0.7,18.0,,https://raw.githubusercontent.com/EchoFia/Learning-Through-Projects/refs/heads/main/Python/Pokemon/images/img720.png
576,V,Gothitelle,Psychic,"Frisk, Competitive",Shadow Tag,70,55,95,95,110,65,1.5,44.0,,https://raw.githubusercontent.com/EchoFia/Learning-Through-Projects/refs/heads/main/Python/Pokemon/images/img721.png
577,V,Solosis,Psychic,"Overcoat, Magic Guard",Regenerator,45,30,40,105,50,20,0.3,1.0,,https://raw.githubusercontent.com/EchoFia/Learning-Through-Projects/refs/heads/main/Python/Pokemon/images/img722.png
578,V,Duosion,Psychic,"Overcoat, Magic Guard",Regenerator,65,40,50,125,60,30,0.6,8.0,,https://raw.githubusercontent.com/EchoFia/Learning-Through-Projects/refs/heads/main/Python/Pokemon/images/img723.png
579,V,Reuniclus,Psychic,"Overcoat, Magic Guard",Regenerator,110,65,75,125,85,30,1.0,20.1,,https://raw.githubusercontent.com/EchoFia/Learning-Through-Projects/refs/heads/main/Python/Pokemon/images/img724.png
580,V,Ducklett,"Water, Flying","Keen Eye, Big Pecks",Hydration,62,44,50,44,50,55,0.5,5.5,,https://raw.githubusercontent.com/EchoFia/Learning-Through-Projects/refs/heads/main/Python/Pokemon/images/img725.png
581,V,Swanna,"Water, Flying","Keen Eye, Big Pecks",Hydration,75,87,63,87,63,98,1.3,24.2,,https://raw.githubusercontent.com/EchoFia/Learning-Through-Projects/refs/heads/main/Python/Pokemon/images/img726.png
582,V,Vanillite,Ice,"Ice Body, Snow Cloak",Weak Armor,36,50,50,65,60,44,0.4,5.7,,https://raw.githubusercontent.com/EchoFia/Learning-Through-Projects/refs/heads/main/Python/Pokemon/images/img727.png
583,V,Vanillish,Ice,"Ice Body, Snow Cloak",Weak Armor,51,65,65,80,75,59,1.1,41.0,,https://raw.githubusercontent.com/EchoFia/Learning-Through-Projects/refs/heads/main/Python/Pokemon/images/img728.png
584,V,Vanilluxe,Ice,"Ice Body, Snow Warning",Weak Armor,71,95,85,110,95,79,1.3,57.5,,https://raw.githubusercontent.com/EchoFia/Learning-Through-Projects/refs/heads/main/Python/Pokemon/images/img729.png
585,V,Deerling,"Normal, Grass","Chlorophyll, Sap Sipper",Serene Grace,60,60,50,40,50,75,0.6,19.5,,https://raw.githubusercontent.com/EchoFia/Learning-Through-Projects/refs/heads/main/Python/Pokemon/images/img730.png
586,V,Sawsbuck,"Normal, Grass","Chlorophyll, Sap Sipper",Serene Grace,80,100,70,60,70,95,1.9,92.5,,https://raw.githubusercontent.com/EchoFia/Learning-Through-Projects/refs/heads/main/Python/Pokemon/images/img731.png
587,V,Emolga,"Electric, Flying",Static,Motor Drive,55,75,60,75,60,103,0.4,5.0,,https://raw.githubusercontent.com/EchoFia/Learning-Through-Projects/refs/heads/main/Python/Pokemon/images/img732.png
588,V,Karrablast,Bug,"Swarm, Shed Skin",No Guard,50,75,45,40,45,60,0.5,5.9,,https://raw.githubusercontent.com/EchoFia/Learning-Through-Projects/refs/heads/main/Python/Pokemon/images/img733.png
589,V,Escavalier,"Bug, Steel","Swarm, Shell Armor",Overcoat,70,135,105,60,105,20,1.0,33.0,,https://raw.githubusercontent.com/EchoFia/Learning-Through-Projects/refs/heads/main/Python/Pokemon/images/img734.png
590,V,Foongus,"Grass, Poison",Effect Spore,Regenerator,69,55,45,55,55,15,0.2,1.0,,https://raw.githubusercontent.com/EchoFia/Learning-Through-Projects/refs/heads/main/Python/Pokemon/images/img735.png
591,V,Amoonguss,"Grass, Poison",Effect Spore,Regenerator,114,85,70,85,80,30,0.6,10.5,,https://raw.githubusercontent.com/EchoFia/Learning-Through-Projects/refs/heads/main/Python/Pokemon/images/img736.png
592,V,Frillish,"Water, Ghost","Water Absorb, Cursed Body",Damp,55,40,50,65,85,40,1.2,33.0,,https://raw.githubusercontent.com/EchoFia/Learning-Through-Projects/refs/heads/main/Python/Pokemon/images/img737.png
593,V,Jellicent,"Water, Ghost","Water Absorb, Cursed Body",Damp,100,60,70,85,105,60,2.2,135.0,,https://raw.githubusercontent.com/EchoFia/Learning-Through-Projects/refs/heads/main/Python/Pokemon/images/img738.png
594,V,Alomomola,Water,"Healer, Hydration",Regenerator,165,75,80,40,45,65,1.2,31.6,,https://raw.githubusercontent.com/EchoFia/Learning-Through-Projects/refs/heads/main/Python/Pokemon/images/img739.png
595,V,Joltik,"Bug, Electric","Compound Eyes, Unnerve",Swarm,50,47,50,57,50,65,0.1,0.6,,https://raw.githubusercontent.com/EchoFia/Learning-Through-Projects/refs/heads/main/Python/Pokemon/images/img740.png
596,V,Galvantula,"Bug, Electric","Compound Eyes, Unnerve",Swarm,70,77,60,97,60,108,0.8,14.3,,https://raw.githubusercontent.com/EchoFia/Learning-Through-Projects/refs/heads/main/Python/Pokemon/images/img741.png
597,V,Ferroseed,"Grass, Steel",Iron Barbs,,44,50,91,24,86,10,0.6,18.8,,https://raw.githubusercontent.com/EchoFia/Learning-Through-Projects/refs/heads/main/Python/Pokemon/images/img742.png
598,V,Ferrothorn,"Grass, Steel",Iron Barbs,Anticipation,74,94,131,54,116,20,1.0,110.0,,https://raw.githubusercontent.com/EchoFia/Learning-Through-Projects/refs/heads/main/Python/Pokemon/images/img743.png
599,V,Klink,Steel,"Plus, Minus",Clear Body,40,55,70,45,60,30,0.3,21.0,,https://raw.githubusercontent.com/EchoFia/Learning-Through-Projects/refs/heads/main/Python/Pokemon/images/img744.png
600,V,Klang,Steel,"Plus, Minus",Clear Body,60,80,95,70,85,50,0.6,51.0,,https://raw.githubusercontent.com/EchoFia/Learning-Through-Projects/refs/heads/main/Python/Pokemon/images/img745.png
601,V,Klinklang,Steel,"Plus, Minus",Clear Body,60,100,115,70,85,90,0.6,81.0,,https://raw.githubusercontent.com/EchoFia/Learning-Through-Projects/refs/heads/main/Python/Pokemon/images/img746.png
602,V,Tynamo,Electric,Levitate,,35,55,40,45,40,60,0.2,0.3,,https://raw.githubusercontent.com/EchoFia/Learning-Through-Projects/refs/heads/main/Python/Pokemon/images/img747.png
603,V,Eelektrik,Electric,Levitate,,65,85,70,75,70,40,1.2,22.0,,https://raw.githubusercontent.com/EchoFia/Learning-Through-Projects/refs/heads/main/Python/Pokemon/images/img748.png
604,V,Eelektross,Electric,Levitate,,85,115,80,105,80,50,2.1,80.5,,https://raw.githubusercontent.com/EchoFia/Learning-Through-Projects/refs/heads/main/Python/Pokemon/images/img749.png
604,V,Mega Eelektross,Electric,Eelevate,,85,145,80,135,90,80,3.0,180.0,,https://raw.githubusercontent.com/EchoFia/Learning-Through-Projects/refs/heads/main/Python/Pokemon/images/img750.png
605,V,Elgyem,Psychic,"Telepathy, Synchronize",Analytic,55,55,55,85,55,30,0.5,9.0,,https://raw.githubusercontent.com/EchoFia/Learning-Through-Projects/refs/heads/main/Python/Pokemon/images/img751.png
606,V,Beheeyem,Psychic,"Telepathy, Synchronize",Analytic,75,75,75,125,95,40,1.0,34.5,,https://raw.githubusercontent.com/EchoFia/Learning-Through-Projects/refs/heads/main/Python/Pokemon/images/img752.png
607,V,Litwick,"Ghost, Fire","Flash Fire, Flame Body",Infiltrator,50,30,55,65,55,20,0.3,3.1,,https://raw.githubusercontent.com/EchoFia/Learning-Through-Projects/refs/heads/main/Python/Pokemon/images/img753.png
608,V,Lampent,"Ghost, Fire","Flash Fire, Flame Body",Infiltrator,60,40,60,95,60,55,0.6,13.0,,https://raw.githubusercontent.com/EchoFia/Learning-Through-Projects/refs/heads/main/Python/Pokemon/images/img754.png
609,V,Chandelure,"Ghost, Fire","Flash Fire, Flame Body",Infiltrator,60,55,90,145,90,80,1.0,34.3,,https://raw.githubusercontent.com/EchoFia/Learning-Through-Projects/refs/heads/main/Python/Pokemon/images/img755.png
609,V,Mega Chandelure,"Ghost, Fire",Infiltrator,,60,75,110,175,110,90,2.5,69.6,,https://raw.githubusercontent.com/EchoFia/Learning-Through-Projects/refs/heads/main/Python/Pokemon/images/img756.png
610,V,Axew,Dragon,"Rivalry, Mold Breaker",Unnerve,46,87,60,30,40,57,0.6,18.0,,https://raw.githubusercontent.com/EchoFia/Learning-Through-Projects/refs/heads/main/Python/Pokemon/images/img757.png
611,V,Fraxure,Dragon,"Rivalry, Mold Breaker",Unnerve,66,117,70,40,50,67,1.0,36.0,,https://raw.githubusercontent.com/EchoFia/Learning-Through-Projects/refs/heads/main/Python/Pokemon/images/img758.png
612,V,Haxorus,Dragon,"Rivalry, Mold Breaker",Unnerve,76,147,90,60,70,97,1.8,105.5,,https://raw.githubusercontent.com/EchoFia/Learning-Through-Projects/refs/heads/main/Python/Pokemon/images/img759.png
613,V,Cubchoo,Ice,"Snow Cloak, Slush Rush",Rattled,55,70,40,60,40,40,0.5,8.5,,https://raw.githubusercontent.com/EchoFia/Learning-Through-Projects/refs/heads/main/Python/Pokemon/images/img760.png
614,V,Beartic,Ice,"Snow Cloak, Slush Rush",Swift Swim,95,130,80,70,80,50,2.6,260.0,,https://raw.githubusercontent.com/EchoFia/Learning-Through-Projects/refs/heads/main/Python/Pokemon/images/img761.png
615,V,Cryogonal,Ice,Levitate,,80,50,50,95,135,105,1.1,148.0,,https://raw.githubusercontent.com/EchoFia/Learning-Through-Projects/refs/heads/main/Python/Pokemon/images/img762.png
616,V,Shelmet,Bug,"Hydration, Shell Armor",Overcoat,50,40,85,40,65,25,0.4,7.7,,https://raw.githubusercontent.com/EchoFia/Learning-Through-Projects/refs/heads/main/Python/Pokemon/images/img763.png
617,V,Accelgor,Bug,"Hydration, Sticky Hold",Unburden,80,70,40,100,60,145,0.8,25.3,,https://raw.githubusercontent.com/EchoFia/Learning-Through-Projects/refs/heads/main/Python/Pokemon/images/img764.png
618,V,Stunfisk,"Ground, Electric","Static, Limber",Sand Veil,109,66,84,81,99,32,0.7,11.0,,https://raw.githubusercontent.com/EchoFia/Learning-Through-Projects/refs/heads/main/Python/Pokemon/images/img765.png
618,V,Galarian Stunfisk,"Ground, Steel",Mimicry,,109,81,99,66,84,32,0.7,20.5,,https://raw.githubusercontent.com/EchoFia/Learning-Through-Projects/refs/heads/main/Python/Pokemon/images/img766.png
619,V,Mienfoo,Fighting,"Inner Focus, Regenerator",Reckless,45,85,50,55,50,65,0.9,20.0,,https://raw.githubusercontent.com/EchoFia/Learning-Through-Projects/refs/heads/main/Python/Pokemon/images/img767.png
620,V,Mienshao,Fighting,"Inner Focus, Regenerator",Reckless,65,125,60,95,60,105,1.4,35.5,,https://raw.githubusercontent.com/EchoFia/Learning-Through-Projects/refs/heads/main/Python/Pokemon/images/img768.png
621,V,Druddigon,Dragon,"Rough Skin, Sheer Force",Mold Breaker,77,120,90,60,90,48,1.6,139.0,,https://raw.githubusercontent.com/EchoFia/Learning-Through-Projects/refs/heads/main/Python/Pokemon/images/img769.png
622,V,Golett,"Ground, Ghost","Iron Fist, Klutz",No Guard,59,74,50,35,50,35,1.0,92.0,,https://raw.githubusercontent.com/EchoFia/Learning-Through-Projects/refs/heads/main/Python/Pokemon/images/img770.png
623,V,Golurk,"Ground, Ghost","Iron Fist, Klutz",No Guard,89,124,80,55,80,55,2.8,330.0,,https://raw.githubusercontent.com/EchoFia/Learning-Through-Projects/refs/heads/main/Python/Pokemon/images/img771.png
623,V,Mega Golurk,"Ground, Ghost",Unseen Fist,,89,159,105,70,105,55,4.0,330.0,,https://raw.githubusercontent.com/EchoFia/Learning-Through-Projects/refs/heads/main/Python/Pokemon/images/img772.png
624,V,Pawniard,"Dark, Steel","Defiant, Inner Focus",Pressure,45,85,70,40,40,60,0.5,10.2,,https://raw.githubusercontent.com/EchoFia/Learning-Through-Projects/refs/heads/main/Python/Pokemon/images/img773.png
625,V,Bisharp,"Dark, Steel","Defiant, Inner Focus",Pressure,65,125,100,60,70,70,1.6,70.0,,https://raw.githubusercontent.com/EchoFia/Learning-Through-Projects/refs/heads/main/Python/Pokemon/images/img774.png
626,V,Bouffalant,Normal,"Reckless, Sap Sipper",Soundproof,95,110,95,40,95,55,1.6,94.6,,https://raw.githubusercontent.com/EchoFia/Learning-Through-Projects/refs/heads/main/Python/Pokemon/images/img775.png
627,V,Rufflet,"Normal, Flying","Keen Eye, Sheer Force",Hustle,70,83,50,37,50,60,0.5,10.5,,https://raw.githubusercontent.com/EchoFia/Learning-Through-Projects/refs/heads/main/Python/Pokemon/images/img776.png
628,V,Braviary,"Normal, Flying","Keen Eye, Sheer Force",Defiant,100,123,75,57,75,80,1.5,41.0,,https://raw.githubusercontent.com/EchoFia/Learning-Through-Projects/refs/heads/main/Python/Pokemon/images/img777.png
628,V,Hisuian Braviary,"Psychic, Flying","Keen Eye, Sheer Force",Tinted Lens,110,83,70,112,70,65,1.7,43.4,,https://raw.githubusercontent.com/EchoFia/Learning-Through-Projects/refs/heads/main/Python/Pokemon/images/img778.png
629,V,Vullaby,"Dark, Flying","Big Pecks, Overcoat",Weak Armor,70,55,75,45,65,60,0.5,9.0,,https://raw.githubusercontent.com/EchoFia/Learning-Through-Projects/refs/heads/main/Python/Pokemon/images/img779.png
630,V,Mandibuzz,"Dark, Flying","Big Pecks, Overcoat",Weak Armor,110,65,105,55,95,80,1.2,39.5,,https://raw.githubusercontent.com/EchoFia/Learning-Through-Projects/refs/heads/main/Python/Pokemon/images/img780.png
631,V,Heatmor,Fire,"Gluttony, Flash Fire",White Smoke,85,97,66,105,66,65,1.4,58.0,,https://raw.githubusercontent.com/EchoFia/Learning-Through-Projects/refs/heads/main/Python/Pokemon/images/img781.png
632,V,Durant,"Bug, Steel","Swarm, Hustle",Truant,58,109,112,48,48,109,0.3,33.0,,https://raw.githubusercontent.com/EchoFia/Learning-Through-Projects/refs/heads/main/Python/Pokemon/images/img782.png
633,V,Deino,"Dark, Dragon",Hustle,,52,65,50,45,50,38,0.8,17.3,,https://raw.githubusercontent.com/EchoFia/Learning-Through-Projects/refs/heads/main/Python/Pokemon/images/img783.png
634,V,Zweilous,"Dark, Dragon",Hustle,,72,85,70,65,70,58,1.4,50.0,,https://raw.githubusercontent.com/EchoFia/Learning-Through-Projects/refs/heads/main/Python/Pokemon/images/img784.png
635,V,Hydreigon,"Dark, Dragon",Levitate,,92,105,90,125,90,98,1.8,160.0,,https://raw.githubusercontent.com/EchoFia/Learning-Through-Projects/refs/heads/main/Python/Pokemon/images/img785.png
636,V,Larvesta,"Bug, Fire",Flame Body,Swarm,55,85,55,50,55,60,1.1,28.8,,https://raw.githubusercontent.com/EchoFia/Learning-Through-Projects/refs/heads/main/Python/Pokemon/images/img786.png
637,V,Volcarona,"Bug, Fire",Flame Body,Swarm,85,60,65,135,105,100,1.6,46.0,,https://raw.githubusercontent.com/EchoFia/Learning-Through-Projects/refs/heads/main/Python/Pokemon/images/img787.png
638,V,Cobalion,"Steel, Fighting",Justified,,91,90,129,90,72,108,2.1,250.0,,https://raw.githubusercontent.com/EchoFia/Learning-Through-Projects/refs/heads/main/Python/Pokemon/images/img788.png
639,V,Terrakion,"Rock, Fighting",Justified,,91,129,90,72,90,108,1.9,260.0,,https://raw.githubusercontent.com/EchoFia/Learning-Through-Projects/refs/heads/main/Python/Pokemon/images/img789.png
640,V,Virizion,"Grass, Fighting",Justified,,91,90,72,90,129,108,2.0,200.0,,https://raw.githubusercontent.com/EchoFia/Learning-Through-Projects/refs/heads/main/Python/Pokemon/images/img790.png
641,V,Tornadus Incarnate Forme,Flying,Prankster,Defiant,79,115,70,125,80,111,1.5,63.0,,https://raw.githubusercontent.com/EchoFia/Learning-Through-Projects/refs/heads/main/Python/Pokemon/images/img791.png
641,V,Tornadus Therian Forme,Flying,Regenerator,,79,100,80,110,90,121,1.4,63.0,,https://raw.githubusercontent.com/EchoFia/Learning-Through-Projects/refs/heads/main/Python/Pokemon/images/img792.png
642,V,Thundurus Incarnate Forme,"Electric, Flying",Prankster,Defiant,79,115,70,125,80,111,1.5,61.0,,https://raw.githubusercontent.com/EchoFia/Learning-Through-Projects/refs/heads/main/Python/Pokemon/images/img793.png
642,V,Thundurus Therian Forme,"Electric, Flying",Volt Absorb,,79,105,70,145,80,101,3.0,61.0,,https://raw.githubusercontent.com/EchoFia/Learning-Through-Projects/refs/heads/main/Python/Pokemon/images/img794.png
643,V,Reshiram,"Dragon, Fire",Turboblaze,,100,120,100,150,120,90,3.2,330.0,,https://raw.githubusercontent.com/EchoFia/Learning-Through-Projects/refs/heads/main/Python/Pokemon/images/img795.png
644,V,Zekrom,"Dragon, Electric",Teravolt,,100,150,120,120,100,90,2.9,345.0,,https://raw.githubusercontent.com/EchoFia/Learning-Through-Projects/refs/heads/main/Python/Pokemon/images/img796.png
645,V,Landorus Incarnate Forme,"Ground, Flying",Sand Force,Sheer Force,89,125,90,115,80,101,1.5,68.0,,https://raw.githubusercontent.com/EchoFia/Learning-Through-Projects/refs/heads/main/Python/Pokemon/images/img797.png
645,V,Landorus Therian Forme,"Ground, Flying",Intimidate,,89,145,90,105,80,91,1.3,68.0,,https://raw.githubusercontent.com/EchoFia/Learning-Through-Projects/refs/heads/main/Python/Pokemon/images/img798.png
646,V,Kyurem,"Dragon, Ice",Pressure,,125,130,90,130,90,95,3.0,325.0,,https://raw.githubusercontent.com/EchoFia/Learning-Through-Projects/refs/heads/main/Python/Pokemon/images/img799.png
646,V,Kyurem White,"Dragon, Ice",Turboblaze,,125,120,90,170,100,95,3.6,325.0,,https://raw.githubusercontent.com/EchoFia/Learning-Through-Projects/refs/heads/main/Python/Pokemon/images/img800.png
646,V,Kyurem Black,"Dragon, Ice",Teravolt,,125,170,100,120,90,95,3.3,325.0,,https://raw.githubusercontent.com/EchoFia/Learning-Through-Projects/refs/heads/main/Python/Pokemon/images/img801.png
647,V,Keldeo Ordinary Form,"Water, Fighting",Justified,,91,72,90,129,90,108,1.4,48.5,,https://raw.githubusercontent.com/EchoFia/Learning-Through-Projects/refs/heads/main/Python/Pokemon/images/img802.png
647,V,Keldeo Resolute Form,"Water, Fighting",Justified,,91,72,90,129,90,108,1.4,48.5,,https://raw.githubusercontent.com/EchoFia/Learning-Through-Projects/refs/heads/main/Python/Pokemon/images/img803.png
648,V,Meloetta Aria Forme,"Normal, Psychic",Serene Grace,,100,77,77,128,128,90,0.6,6.5,,https://raw.githubusercontent.com/EchoFia/Learning-Through-Projects/refs/heads/main/Python/Pokemon/images/img804.png
648,V,Meloetta Pirouette Forme,"Normal, Fighting",Serene Grace,,100,128,90,77,77,128,0.6,6.5,,https://raw.githubusercontent.com/EchoFia/Learning-Through-Projects/refs/heads/main/Python/Pokemon/images/img805.png
649,V,Genesect,"Bug, Steel",Download,,71,120,95,120,95,99,1.5,82.5,,https://raw.githubusercontent.com/EchoFia/Learning-Through-Projects/refs/heads/main/Python/Pokemon/images/img806.png
650,VI,Chespin,Grass,Overgrow,Bulletproof,56,61,65,48,45,38,0.4,9.0,,https://raw.githubusercontent.com/EchoFia/Learning-Through-Projects/refs/heads/main/Python/Pokemon/images/img807.png
651,VI,Quilladin,Grass,Overgrow,Bulletproof,61,78,95,56,58,57,0.7,29.0,,https://raw.githubusercontent.com/EchoFia/Learning-Through-Projects/refs/heads/main/Python/Pokemon/images/img808.png
652,VI,Chesnaught,"Grass, Fighting",Overgrow,Bulletproof,88,107,122,74,75,64,1.6,90.0,,https://raw.githubusercontent.com/EchoFia/Learning-Through-Projects/refs/heads/main/Python/Pokemon/images/img809.png
652,VI,Mega Chesnaught,"Grass, Fighting",Bulletproof,,88,137,172,74,115,44,1.6,90.0,,https://raw.githubusercontent.com/EchoFia/Learning-Through-Projects/refs/heads/main/Python/Pokemon/images/img810.png
653,VI,Fennekin,Fire,Blaze,Magician,40,45,40,62,60,60,0.4,9.4,,https://raw.githubusercontent.com/EchoFia/Learning-Through-Projects/refs/heads/main/Python/Pokemon/images/img811.png
654,VI,Braixen,Fire,Blaze,Magician,59,59,58,90,70,73,1.0,14.5,,https://raw.githubusercontent.com/EchoFia/Learning-Through-Projects/refs/heads/main/Python/Pokemon/images/img812.png
655,VI,Delphox,"Fire, Psychic",Blaze,Magician,75,69,72,114,100,104,1.5,39.0,,https://raw.githubusercontent.com/EchoFia/Learning-Through-Projects/refs/heads/main/Python/Pokemon/images/img813.png
655,VI,Mega Delphox,"Fire, Psychic",Levitate,,75,69,72,159,125,134,1.5,39.0,,https://raw.githubusercontent.com/EchoFia/Learning-Through-Projects/refs/heads/main/Python/Pokemon/images/img814.png
656,VI,Froakie,Water,Torrent,Protean,41,56,40,62,44,71,0.3,7.0,,https://raw.githubusercontent.com/EchoFia/Learning-Through-Projects/refs/heads/main/Python/Pokemon/images/img815.png
657,VI,Frogadier,Water,Torrent,Protean,54,63,52,83,56,97,0.6,10.9,,https://raw.githubusercontent.com/EchoFia/Learning-Through-Projects/refs/heads/main/Python/Pokemon/images/img816.png
658,VI,Greninja,"Water, Dark",Torrent,Protean,72,95,67,103,71,122,1.5,40.0,,https://raw.githubusercontent.com/EchoFia/Learning-Through-Projects/refs/heads/main/Python/Pokemon/images/img817.png
658,VI,Ash-Greninja,"Water, Dark",Protean,,72,145,67,153,71,132,1.5,40.0,,https://raw.githubusercontent.com/EchoFia/Learning-Through-Projects/refs/heads/main/Python/Pokemon/images/img818.png
658,VI,Mega Greninja,"Water, Dark",Protean,,72,125,77,133,81,142,1.5,40.0,,https://raw.githubusercontent.com/EchoFia/Learning-Through-Projects/refs/heads/main/Python/Pokemon/images/img819.png
659,VI,Bunnelby,Normal,"Pickup, Cheek Pouch",Huge Power,38,36,38,32,36,57,0.4,5.0,,https://raw.githubusercontent.com/EchoFia/Learning-Through-Projects/refs/heads/main/Python/Pokemon/images/img820.png
660,VI,Diggersby,"Normal, Ground","Pickup, Cheek Pouch",Huge Power,85,56,77,50,77,78,1.0,42.4,,https://raw.githubusercontent.com/EchoFia/Learning-Through-Projects/refs/heads/main/Python/Pokemon/images/img821.png
661,VI,Fletchling,"Normal, Flying",Big Pecks,Gale Wings,45,50,43,40,38,62,0.3,1.7,,https://raw.githubusercontent.com/EchoFia/Learning-Through-Projects/refs/heads/main/Python/Pokemon/images/img822.png
662,VI,Fletchinder,"Fire, Flying",Flame Body,Gale Wings,62,73,55,56,52,84,0.7,16.0,,https://raw.githubusercontent.com/EchoFia/Learning-Through-Projects/refs/heads/main/Python/Pokemon/images/img823.png
663,VI,Talonflame,"Fire, Flying",Flame Body,Gale Wings,78,81,71,74,69,126,1.2,24.5,,https://raw.githubusercontent.com/EchoFia/Learning-Through-Projects/refs/heads/main/Python/Pokemon/images/img824.png
664,VI,Scatterbug,Bug,"Shield Dust, Compound Eyes",Friend Guard,38,35,40,27,25,35,0.3,2.5,,https://raw.githubusercontent.com/EchoFia/Learning-Through-Projects/refs/heads/main/Python/Pokemon/images/img825.png
665,VI,Spewpa,Bug,Shed Skin,Friend Guard,45,22,60,27,30,29,0.3,8.4,,https://raw.githubusercontent.com/EchoFia/Learning-Through-Projects/refs/heads/main/Python/Pokemon/images/img826.png
666,VI,Vivillon,"Bug, Flying","Shield Dust, Compound Eyes",Friend Guard,80,52,50,90,50,89,1.2,17.0,,https://raw.githubusercontent.com/EchoFia/Learning-Through-Projects/refs/heads/main/Python/Pokemon/images/img827.png
667,VI,Litleo,"Fire, Normal","Rivalry, Unnerve",Moxie,62,50,58,73,54,72,0.6,13.5,,https://raw.githubusercontent.com/EchoFia/Learning-Through-Projects/refs/heads/main/Python/Pokemon/images/img828.png
668,VI,Pyroar,"Fire, Normal","Rivalry, Unnerve",Moxie,86,68,72,109,66,106,1.5,81.5,,https://raw.githubusercontent.com/EchoFia/Learning-Through-Projects/refs/heads/main/Python/Pokemon/images/img829.png
668,VI,Mega Pyroar,"Fire, Normal",Fire Mane,,86,88,92,129,86,126,1.5,93.3,,https://raw.githubusercontent.com/EchoFia/Learning-Through-Projects/refs/heads/main/Python/Pokemon/images/img830.png
669,VI,Flabébé,Fairy,Flower Veil,Symbiosis,44,38,39,61,79,42,0.1,0.1,,https://raw.githubusercontent.com/EchoFia/Learning-Through-Projects/refs/heads/main/Python/Pokemon/images/img831.png
670,VI,Floette,Fairy,Flower Veil,Symbiosis,54,45,47,75,98,52,0.2,0.9,,https://raw.githubusercontent.com/EchoFia/Learning-Through-Projects/refs/heads/main/Python/Pokemon/images/img832.png
670,VI,Floette Eternal Flower,Fairy,Flower Veil,Symbiosis,74,65,67,125,128,92,0.2,0.9,,https://raw.githubusercontent.com/EchoFia/Learning-Through-Projects/refs/heads/main/Python/Pokemon/images/img833.png
670,VI,Mega Floette,Fairy,Fairy Aura,,74,85,87,155,148,102,0.2,100.8,,https://raw.githubusercontent.com/EchoFia/Learning-Through-Projects/refs/heads/main/Python/Pokemon/images/img834.png
671,VI,Florges,Fairy,Flower Veil,Symbiosis,78,65,68,112,154,75,1.1,10.0,,https://raw.githubusercontent.com/EchoFia/Learning-Through-Projects/refs/heads/main/Python/Pokemon/images/img835.png
672,VI,Skiddo,Grass,Sap Sipper,Grass Pelt,66,65,48,62,57,52,0.9,31.0,,https://raw.githubusercontent.com/EchoFia/Learning-Through-Projects/refs/heads/main/Python/Pokemon/images/img836.png
673,VI,Gogoat,Grass,Sap Sipper,Grass Pelt,123,100,62,97,81,68,1.7,91.0,,https://raw.githubusercontent.com/EchoFia/Learning-Through-Projects/refs/heads/main/Python/Pokemon/images/img837.png
674,VI,Pancham,Fighting,"Iron Fist, Mold Breaker",Scrappy,67,82,62,46,48,43,0.6,8.0,,https://raw.githubusercontent.com/EchoFia/Learning-Through-Projects/refs/heads/main/Python/Pokemon/images/img838.png
675,VI,Pangoro,"Fighting, Dark","Iron Fist, Mold Breaker",Scrappy,95,124,78,69,71,58,2.1,136.0,,https://raw.githubusercontent.com/EchoFia/Learning-Through-Projects/refs/heads/main/Python/Pokemon/images/img839.png
676,VI,Furfrou,Normal,Fur Coat,,75,80,60,65,90,102,1.2,28.0,,https://raw.githubusercontent.com/EchoFia/Learning-Through-Projects/refs/heads/main/Python/Pokemon/images/img840.png
677,VI,Espurr,Psychic,"Keen Eye, Infiltrator",Own Tempo,62,48,54,63,60,68,0.3,3.5,,https://raw.githubusercontent.com/EchoFia/Learning-Through-Projects/refs/heads/main/Python/Pokemon/images/img841.png
678,VI,Meowstic Male,Psychic,"Keen Eye, Infiltrator",Prankster,74,48,76,83,81,104,0.6,8.5,,https://raw.githubusercontent.com/EchoFia/Learning-Through-Projects/refs/heads/main/Python/Pokemon/images/img842.png
678,VI,Meowstic Female,Psychic,Trace,,74,48,76,83,81,104,0.8,10.1,,https://raw.githubusercontent.com/EchoFia/Learning-Through-Projects/refs/heads/main/Python/Pokemon/images/img843.png
678,VI,Mega Meowstic,Psychic,Trace,,74,48,76,143,101,124,0.8,10.1,,https://raw.githubusercontent.com/EchoFia/Learning-Through-Projects/refs/heads/main/Python/Pokemon/images/img844.png
679,VI,Honedge,"Steel, Ghost",No Guard,,45,80,100,35,37,28,0.8,2.0,,https://raw.githubusercontent.com/EchoFia/Learning-Through-Projects/refs/heads/main/Python/Pokemon/images/img845.png
680,VI,Doublade,"Steel, Ghost",No Guard,,59,110,150,45,49,35,0.8,4.5,,https://raw.githubusercontent.com/EchoFia/Learning-Through-Projects/refs/heads/main/Python/Pokemon/images/img846.png
681,VI,Aegislash Shield Forme,"Steel, Ghost",Stance Change,,60,50,140,50,140,60,1.7,53.0,,https://raw.githubusercontent.com/EchoFia/Learning-Through-Projects/refs/heads/main/Python/Pokemon/images/img847.png
681,VI,Aegislash Blade Forme,"Steel, Ghost",Stance Change,,60,140,50,140,50,60,1.7,53.0,,https://raw.githubusercontent.com/EchoFia/Learning-Through-Projects/refs/heads/main/Python/Pokemon/images/img848.png
682,VI,Spritzee,Fairy,Healer,Aroma Veil,78,52,60,63,65,23,0.2,0.5,,https://raw.githubusercontent.com/EchoFia/Learning-Through-Projects/refs/heads/main/Python/Pokemon/images/img849.png
683,VI,Aromatisse,Fairy,Healer,Aroma Veil,101,72,72,99,89,29,0.8,15.5,,https://raw.githubusercontent.com/EchoFia/Learning-Through-Projects/refs/heads/main/Python/Pokemon/images/img850.png
684,VI,Swirlix,Fairy,Sweet Veil,Unburden,62,48,66,59,57,49,0.4,3.5,,https://raw.githubusercontent.com/EchoFia/Learning-Through-Projects/refs/heads/main/Python/Pokemon/images/img851.png
685,VI,Slurpuff,Fairy,Sweet Veil,Unburden,82,80,86,85,75,72,0.8,5.0,,https://raw.githubusercontent.com/EchoFia/Learning-Through-Projects/refs/heads/main/Python/Pokemon/images/img852.png
686,VI,Inkay,"Dark, Psychic","Contrary, Suction Cups",Infiltrator,53,54,53,37,46,45,0.4,3.5,,https://raw.githubusercontent.com/EchoFia/Learning-Through-Projects/refs/heads/main/Python/Pokemon/images/img853.png
687,VI,Malamar,"Dark, Psychic","Contrary, Suction Cups",Infiltrator,86,92,88,68,75,73,1.5,47.0,,https://raw.githubusercontent.com/EchoFia/Learning-Through-Projects/refs/heads/main/Python/Pokemon/images/img854.png
687,VI,Mega Malamar,"Dark, Psychic",Contrary,,86,102,88,98,120,88,2.9,69.8,,https://raw.githubusercontent.com/EchoFia/Learning-Through-Projects/refs/heads/main/Python/Pokemon/images/img855.png
688,VI,Binacle,"Rock, Water","Sniper, Tough Claws",Pickpocket,42,52,67,39,56,50,0.5,31.0,,https://raw.githubusercontent.com/EchoFia/Learning-Through-Projects/refs/heads/main/Python/Pokemon/images/img856.png
689,VI,Barbaracle,"Rock, Water","Sniper, Tough Claws",Pickpocket,72,105,115,54,86,68,1.3,96.0,,https://raw.githubusercontent.com/EchoFia/Learning-Through-Projects/refs/heads/main/Python/Pokemon/images/img857.png
689,VI,Mega Barbaracle,"Rock, Fighting",Tough Claws,,72,140,130,64,106,88,2.2,100.0,,https://raw.githubusercontent.com/EchoFia/Learning-Through-Projects/refs/heads/main/Python/Pokemon/images/img858.png
690,VI,Skrelp,"Poison, Water","Poison Point, Poison Touch",Adaptability,50,60,60,60,60,30,0.5,7.3,,https://raw.githubusercontent.com/EchoFia/Learning-Through-Projects/refs/heads/main/Python/Pokemon/images/img859.png
691,VI,Dragalge,"Poison, Dragon","Poison Point, Poison Touch",Adaptability,65,75,90,97,123,44,1.8,81.5,,https://raw.githubusercontent.com/EchoFia/Learning-Through-Projects/refs/heads/main/Python/Pokemon/images/img860.png
691,VI,Mega Dragalge,"Poison, Dragon",Regenerator,,65,85,105,132,163,44,2.1,100.3,,https://raw.githubusercontent.com/EchoFia/Learning-Through-Projects/refs/heads/main/Python/Pokemon/images/img861.png
692,VI,Clauncher,Water,Mega Launcher,,50,53,62,58,63,44,0.5,8.3,,https://raw.githubusercontent.com/EchoFia/Learning-Through-Projects/refs/heads/main/Python/Pokemon/images/img862.png
693,VI,Clawitzer,Water,Mega Launcher,,71,73,88,120,89,59,1.3,35.3,,https://raw.githubusercontent.com/EchoFia/Learning-Through-Projects/refs/heads/main/Python/Pokemon/images/img863.png
694,VI,Helioptile,"Electric, Normal","Dry Skin, Sand Veil",Solar Power,44,38,33,61,43,70,0.5,6.0,,https://raw.githubusercontent.com/EchoFia/Learning-Through-Projects/refs/heads/main/Python/Pokemon/images/img864.png
695,VI,Heliolisk,"Electric, Normal","Dry Skin, Sand Veil",Solar Power,62,55,52,109,94,109,1.0,21.0,,https://raw.githubusercontent.com/EchoFia/Learning-Through-Projects/refs/heads/main/Python/Pokemon/images/img865.png
696,VI,Tyrunt,"Rock, Dragon",Strong Jaw,Sturdy,58,89,77,45,45,48,0.8,26.0,,https://raw.githubusercontent.com/EchoFia/Learning-Through-Projects/refs/heads/main/Python/Pokemon/images/img866.png
697,VI,Tyrantrum,"Rock, Dragon",Strong Jaw,Rock Head,82,121,119,69,59,71,2.5,270.0,,https://raw.githubusercontent.com/EchoFia/Learning-Through-Projects/refs/heads/main/Python/Pokemon/images/img867.png
698,VI,Amaura,"Rock, Ice",Refrigerate,Snow Warning,77,59,50,67,63,46,1.3,25.2,,https://raw.githubusercontent.com/EchoFia/Learning-Through-Projects/refs/heads/main/Python/Pokemon/images/img868.png
699,VI,Aurorus,"Rock, Ice",Refrigerate,Snow Warning,123,77,72,99,92,58,2.7,225.0,,https://raw.githubusercontent.com/EchoFia/Learning-Through-Projects/refs/heads/main/Python/Pokemon/images/img869.png
700,VI,Sylveon,Fairy,Cute Charm,Pixilate,95,65,65,110,130,60,1.0,23.5,,https://raw.githubusercontent.com/EchoFia/Learning-Through-Projects/refs/heads/main/Python/Pokemon/images/img870.png
701,VI,Hawlucha,"Fighting, Flying","Limber, Unburden",Mold Breaker,78,92,75,74,63,118,0.8,21.5,,https://raw.githubusercontent.com/EchoFia/Learning-Through-Projects/refs/heads/main/Python/Pokemon/images/img871.png
701,VI,Mega Hawlucha,"Fighting, Flying",No Guard,,78,137,100,74,93,118,1.0,25.0,,https://raw.githubusercontent.com/EchoFia/Learning-Through-Projects/refs/heads/main/Python/Pokemon/images/img872.png
702,VI,Dedenne,"Electric, Fairy","Cheek Pouch, Pickup",Plus,67,58,57,81,67,101,0.2,2.2,,https://raw.githubusercontent.com/EchoFia/Learning-Through-Projects/refs/heads/main/Python/Pokemon/images/img873.png
703,VI,Carbink,"Rock, Fairy",Clear Body,Sturdy,50,50,150,50,150,50,0.3,5.7,,https://raw.githubusercontent.com/EchoFia/Learning-Through-Projects/refs/heads/main/Python/Pokemon/images/img874.png
704,VI,Goomy,Dragon,"Sap Sipper, Hydration",Gooey,45,50,35,55,75,40,0.3,2.8,,https://raw.githubusercontent.com/EchoFia/Learning-Through-Projects/refs/heads/main/Python/Pokemon/images/img875.png
705,VI,Sliggoo,Dragon,"Sap Sipper, Hydration",Gooey,68,75,53,83,113,60,0.8,17.5,,https://raw.githubusercontent.com/EchoFia/Learning-Through-Projects/refs/heads/main/Python/Pokemon/images/img876.png
705,VI,Hisuian Sliggoo,"Steel, Dragon","Sap Sipper, Shell Armor",Gooey,58,75,83,83,113,40,0.7,68.5,,https://raw.githubusercontent.com/EchoFia/Learning-Through-Projects/refs/heads/main/Python/Pokemon/images/img877.png
706,VI,Goodra,Dragon,"Sap Sipper, Hydration",Gooey,90,100,70,110,150,80,2.0,150.5,,https://raw.githubusercontent.com/EchoFia/Learning-Through-Projects/refs/heads/main/Python/Pokemon/images/img878.png
706,VI,Hisuian Goodra,"Steel, Dragon","Sap Sipper, Shell Armor",Gooey,80,100,100,110,150,60,1.7,334.1,,https://raw.githubusercontent.com/EchoFia/Learning-Through-Projects/refs/heads/main/Python/Pokemon/images/img879.png
707,VI,Klefki,"Steel, Fairy",Prankster,Magician,57,80,91,80,87,75,0.2,3.0,,https://raw.githubusercontent.com/EchoFia/Learning-Through-Projects/refs/heads/main/Python/Pokemon/images/img880.png
708,VI,Phantump,"Ghost, Grass","Natural Cure, Frisk",Harvest,43,70,48,50,60,38,0.4,7.0,,https://raw.githubusercontent.com/EchoFia/Learning-Through-Projects/refs/heads/main/Python/Pokemon/images/img881.png
709,VI,Trevenant,"Ghost, Grass","Natural Cure, Frisk",Harvest,85,110,76,65,82,56,1.5,71.0,,https://raw.githubusercontent.com/EchoFia/Learning-Through-Projects/refs/heads/main/Python/Pokemon/images/img882.png
710,VI,Pumpkaboo Average Size,"Ghost, Grass","Pickup, Frisk",Insomnia,49,66,70,44,55,51,0.4,5.0,,https://raw.githubusercontent.com/EchoFia/Learning-Through-Projects/refs/heads/main/Python/Pokemon/images/img883.png
710,VI,Pumpkaboo Small Size,"Ghost, Grass","Pickup, Frisk",Insomnia,44,66,70,44,55,56,0.3,3.5,,https://raw.githubusercontent.com/EchoFia/Learning-Through-Projects/refs/heads/main/Python/Pokemon/images/img884.png
710,VI,Pumpkaboo Large Size,"Ghost, Grass","Pickup, Frisk",Insomnia,54,66,70,44,55,46,0.5,7.5,,https://raw.githubusercontent.com/EchoFia/Learning-Through-Projects/refs/heads/main/Python/Pokemon/images/img885.png
710,VI,Pumpkaboo Super Size,"Ghost, Grass","Pickup, Frisk",Insomnia,59,66,70,44,55,41,0.8,15.0,,https://raw.githubusercontent.com/EchoFia/Learning-Through-Projects/refs/heads/main/Python/Pokemon/images/img886.png
711,VI,Gourgeist Average Size,"Ghost, Grass","Pickup, Frisk",Insomnia,65,90,122,58,75,84,0.9,12.5,,https://raw.githubusercontent.com/EchoFia/Learning-Through-Projects/refs/heads/main/Python/Pokemon/images/img887.png
711,VI,Gourgeist Small Size,"Ghost, Grass","Pickup, Frisk",Insomnia,55,85,122,58,75,99,0.7,9.5,,https://raw.githubusercontent.com/EchoFia/Learning-Through-Projects/refs/heads/main/Python/Pokemon/images/img888.png
711,VI,Gourgeist Large Size,"Ghost, Grass","Pickup, Frisk",Insomnia,75,95,122,58,75,69,1.1,14.0,,https://raw.githubusercontent.com/EchoFia/Learning-Through-Projects/refs/heads/main/Python/Pokemon/images/img889.png
711,VI,Gourgeist Super Size,"Ghost, Grass","Pickup, Frisk",Insomnia,85,100,122,58,75,54,1.7,39.0,,https://raw.githubusercontent.com/EchoFia/Learning-Through-Projects/refs/heads/main/Python/Pokemon/images/img890.png
712,VI,Bergmite,Ice,"Own Tempo, Ice Body",Sturdy,55,69,85,32,35,28,1.0,99.5,,https://raw.githubusercontent.com/EchoFia/Learning-Through-Projects/refs/heads/main/Python/Pokemon/images/img891.png
713,VI,Avalugg,Ice,"Own Tempo, Ice Body",Sturdy,95,117,184,44,46,28,2.0,505.0,,https://raw.githubusercontent.com/EchoFia/Learning-Through-Projects/refs/heads/main/Python/Pokemon/images/img892.png
713,VI,Hisuian Avalugg,"Ice, Rock","Strong Jaw, Ice Body",Sturdy,95,127,184,34,36,38,1.4,262.4,,https://raw.githubusercontent.com/EchoFia/Learning-Through-Projects/refs/heads/main/Python/Pokemon/images/img893.png
714,VI,Noibat,"Flying, Dragon","Frisk, Infiltrator",Telepathy,40,30,35,45,40,55,0.5,8.0,,https://raw.githubusercontent.com/EchoFia/Learning-Through-Projects/refs/heads/main/Python/Pokemon/images/img894.png
715,VI,Noivern,"Flying, Dragon","Frisk, Infiltrator",Telepathy,85,70,80,97,80,123,1.5,85.0,,https://raw.githubusercontent.com/EchoFia/Learning-Through-Projects/refs/heads/main/Python/Pokemon/images/img895.png
716,VI,Xerneas,Fairy,Fairy Aura,,126,131,95,131,98,99,3.0,215.0,,https://raw.githubusercontent.com/EchoFia/Learning-Through-Projects/refs/heads/main/Python/Pokemon/images/img896.png
717,VI,Yveltal,"Dark, Flying",Dark Aura,,126,131,95,131,98,99,5.8,203.0,,https://raw.githubusercontent.com/EchoFia/Learning-Through-Projects/refs/heads/main/Python/Pokemon/images/img897.png
718,VI,Zygarde 50% Forme,"Dragon, Ground","Aura Break, Power Construct",,108,100,121,81,95,95,5.0,305.0,,https://raw.githubusercontent.com/EchoFia/Learning-Through-Projects/refs/heads/main/Python/Pokemon/images/img898.png
718,VI,Zygarde 10% Forme,"Dragon, Ground","Aura Break, Power Construct",,54,100,71,61,85,115,1.2,33.5,,https://raw.githubusercontent.com/EchoFia/Learning-Through-Projects/refs/heads/main/Python/Pokemon/images/img899.png
718,VI,Zygarde Complete Forme,"Dragon, Ground",Power Construct,,216,100,121,91,95,85,4.5,610.0,,https://raw.githubusercontent.com/EchoFia/Learning-Through-Projects/refs/heads/main/Python/Pokemon/images/img900.png
718,VI,Mega Zygarde,"Dragon, Ground",,,216,70,91,216,85,100,7.7,610.0,,https://raw.githubusercontent.com/EchoFia/Learning-Through-Projects/refs/heads/main/Python/Pokemon/images/img901.png
719,VI,Diancie,"Rock, Fairy",Clear Body,,50,100,150,100,150,50,0.7,8.8,,https://raw.githubusercontent.com/EchoFia/Learning-Through-Projects/refs/heads/main/Python/Pokemon/images/img902.png
719,VI,Mega Diancie,"Rock, Fairy",Magic Bounce,,50,160,110,160,110,110,1.1,27.8,,https://raw.githubusercontent.com/EchoFia/Learning-Through-Projects/refs/heads/main/Python/Pokemon/images/img903.png
720,VI,Hoopa Hoopa Confined,"Psychic, Ghost",Magician,,80,110,60,150,130,70,0.5,9.0,,https://raw.githubusercontent.com/EchoFia/Learning-Through-Projects/refs/heads/main/Python/Pokemon/images/img904.png
720,VI,Hoopa Hoopa Unbound,"Psychic, Dark",Magician,,80,160,60,170,130,80,6.5,490.0,,https://raw.githubusercontent.com/EchoFia/Learning-Through-Projects/refs/heads/main/Python/Pokemon/images/img905.png
721,VI,Volcanion,"Fire, Water",Water Absorb,,80,110,120,130,90,70,1.7,195.0,,https://raw.githubusercontent.com/EchoFia/Learning-Through-Projects/refs/heads/main/Python/Pokemon/images/img906.png
722,VII,Rowlet,"Grass, Flying",Overgrow,Long Reach,68,55,55,50,50,42,0.3,1.5,,https://raw.githubusercontent.com/EchoFia/Learning-Through-Projects/refs/heads/main/Python/Pokemon/images/img907.png
723,VII,Dartrix,"Grass, Flying",Overgrow,Long Reach,78,75,75,70,70,52,0.7,16.0,,https://raw.githubusercontent.com/EchoFia/Learning-Through-Projects/refs/heads/main/Python/Pokemon/images/img908.png
724,VII,Decidueye,"Grass, Ghost",Overgrow,Long Reach,78,107,75,100,100,70,1.6,36.6,,https://raw.githubusercontent.com/EchoFia/Learning-Through-Projects/refs/heads/main/Python/Pokemon/images/img909.png
724,VII,Hisuian Decidueye,"Grass, Fighting",Overgrow,Scrappy,88,112,80,95,95,60,1.6,37.0,,https://raw.githubusercontent.com/EchoFia/Learning-Through-Projects/refs/heads/main/Python/Pokemon/images/img910.png
725,VII,Litten,Fire,Blaze,Intimidate,45,65,40,60,40,70,0.4,4.3,,https://raw.githubusercontent.com/EchoFia/Learning-Through-Projects/refs/heads/main/Python/Pokemon/images/img911.png
726,VII,Torracat,Fire,Blaze,Intimidate,65,85,50,80,50,90,0.7,25.0,,https://raw.githubusercontent.com/EchoFia/Learning-Through-Projects/refs/heads/main/Python/Pokemon/images/img912.png
727,VII,Incineroar,"Fire, Dark",Blaze,Intimidate,95,115,90,80,90,60,1.8,83.0,,https://raw.githubusercontent.com/EchoFia/Learning-Through-Projects/refs/heads/main/Python/Pokemon/images/img913.png
728,VII,Popplio,Water,Torrent,Liquid Voice,50,54,54,66,56,40,0.4,7.5,,https://raw.githubusercontent.com/EchoFia/Learning-Through-Projects/refs/heads/main/Python/Pokemon/images/img914.png
729,VII,Brionne,Water,Torrent,Liquid Voice,60,69,69,91,81,50,0.6,17.5,,https://raw.githubusercontent.com/EchoFia/Learning-Through-Projects/refs/heads/main/Python/Pokemon/images/img915.png
730,VII,Primarina,"Water, Fairy",Torrent,Liquid Voice,80,74,74,126,116,60,1.8,44.0,,https://raw.githubusercontent.com/EchoFia/Learning-Through-Projects/refs/heads/main/Python/Pokemon/images/img916.png
731,VII,Pikipek,"Normal, Flying","Keen Eye, Skill Link",Pickup,35,75,30,30,30,65,0.3,1.2,,https://raw.githubusercontent.com/EchoFia/Learning-Through-Projects/refs/heads/main/Python/Pokemon/images/img917.png
732,VII,Trumbeak,"Normal, Flying","Keen Eye, Skill Link",Pickup,55,85,50,40,50,75,0.6,14.8,,https://raw.githubusercontent.com/EchoFia/Learning-Through-Projects/refs/heads/main/Python/Pokemon/images/img918.png
733,VII,Toucannon,"Normal, Flying","Keen Eye, Skill Link",Sheer Force,80,120,75,75,75,60,1.1,26.0,,https://raw.githubusercontent.com/EchoFia/Learning-Through-Projects/refs/heads/main/Python/Pokemon/images/img919.png
734,VII,Yungoos,Normal,"Strong Jaw, Stakeout",Adaptability,48,70,30,30,30,45,0.4,6.0,,https://raw.githubusercontent.com/EchoFia/Learning-Through-Projects/refs/heads/main/Python/Pokemon/images/img920.png
735,VII,Gumshoos,Normal,"Strong Jaw, Stakeout",Adaptability,88,110,60,55,60,45,0.7,14.2,,https://raw.githubusercontent.com/EchoFia/Learning-Through-Projects/refs/heads/main/Python/Pokemon/images/img921.png
736,VII,Grubbin,Bug,Swarm,,47,62,45,55,45,46,0.4,4.4,,https://raw.githubusercontent.com/EchoFia/Learning-Through-Projects/refs/heads/main/Python/Pokemon/images/img922.png
737,VII,Charjabug,"Bug, Electric",Battery,,57,82,95,55,75,36,0.5,10.5,,https://raw.githubusercontent.com/EchoFia/Learning-Through-Projects/refs/heads/main/Python/Pokemon/images/img923.png
738,VII,Vikavolt,"Bug, Electric",Levitate,,77,70,90,145,75,43,1.5,45.0,,https://raw.githubusercontent.com/EchoFia/Learning-Through-Projects/refs/heads/main/Python/Pokemon/images/img924.png
739,VII,Crabrawler,Fighting,"Hyper Cutter, Iron Fist",Anger Point,47,82,57,42,47,63,0.6,7.0,,https://raw.githubusercontent.com/EchoFia/Learning-Through-Projects/refs/heads/main/Python/Pokemon/images/img925.png
740,VII,Crabominable,"Fighting, Ice","Hyper Cutter, Iron Fist",Anger Point,97,132,77,62,67,43,1.7,180.0,,https://raw.githubusercontent.com/EchoFia/Learning-Through-Projects/refs/heads/main/Python/Pokemon/images/img926.png
740,VII,Mega Crabominable,"Fighting, Ice",Iron Fist,,97,157,122,62,107,33,2.6,252.8,,https://raw.githubusercontent.com/EchoFia/Learning-Through-Projects/refs/heads/main/Python/Pokemon/images/img927.png
741,VII,Oricorio Baile Style,"Fire, Flying",Dancer,,75,70,70,98,70,93,0.6,3.4,,https://raw.githubusercontent.com/EchoFia/Learning-Through-Projects/refs/heads/main/Python/Pokemon/images/img928.png
741,VII,Oricorio Pom-Pom Style,"Electric, Flying",Dancer,,75,70,70,98,70,93,0.6,3.4,,https://raw.githubusercontent.com/EchoFia/Learning-Through-Projects/refs/heads/main/Python/Pokemon/images/img929.png
741,VII,Oricorio Pa'u Style,"Psychic, Flying",Dancer,,75,70,70,98,70,93,0.6,3.4,,https://raw.githubusercontent.com/EchoFia/Learning-Through-Projects/refs/heads/main/Python/Pokemon/images/img930.png
741,VII,Oricorio Sensu Style,"Ghost, Flying",Dancer,,75,70,70,98,70,93,0.6,3.4,,https://raw.githubusercontent.com/EchoFia/Learning-Through-Projects/refs/heads/main/Python/Pokemon/images/img931.png
742,VII,Cutiefly,"Bug, Fairy","Honey Gather, Shield Dust",Sweet Veil,40,45,40,55,40,84,0.1,0.2,,https://raw.githubusercontent.com/EchoFia/Learning-Through-Projects/refs/heads/main/Python/Pokemon/images/img932.png
743,VII,Ribombee,"Bug, Fairy","Honey Gather, Shield Dust",Sweet Veil,60,55,60,95,70,124,0.2,0.5,,https://raw.githubusercontent.com/EchoFia/Learning-Through-Projects/refs/heads/main/Python/Pokemon/images/img933.png
744,VII,Rockruff,Rock,"Keen Eye, Vital Spirit",Steadfast,45,65,40,30,40,60,0.5,9.2,,https://raw.githubusercontent.com/EchoFia/Learning-Through-Projects/refs/heads/main/Python/Pokemon/images/img934.png
744,VII,Rockruff Own Tempo Rockruff,Rock,Own Tempo,,45,65,40,30,40,60,0.5,9.2,,https://raw.githubusercontent.com/EchoFia/Learning-Through-Projects/refs/heads/main/Python/Pokemon/images/img935.png
745,VII,Lycanroc Midday Form,Rock,"Keen Eye, Sand Rush",Steadfast,75,115,65,55,65,112,0.8,25.0,,https://raw.githubusercontent.com/EchoFia/Learning-Through-Projects/refs/heads/main/Python/Pokemon/images/img936.png
745,VII,Lycanroc Midnight Form,Rock,"Keen Eye, Vital Spirit",No Guard,85,115,75,55,75,82,1.1,25.0,,https://raw.githubusercontent.com/EchoFia/Learning-Through-Projects/refs/heads/main/Python/Pokemon/images/img937.png
745,VII,Lycanroc Dusk Form,Rock,Tough Claws,,75,117,65,55,65,110,0.8,25.0,,https://raw.githubusercontent.com/EchoFia/Learning-Through-Projects/refs/heads/main/Python/Pokemon/images/img938.png
746,VII,Wishiwashi Solo Form,Water,Schooling,,45,20,20,25,25,40,0.2,0.3,,https://raw.githubusercontent.com/EchoFia/Learning-Through-Projects/refs/heads/main/Python/Pokemon/images/img939.png
746,VII,Wishiwashi School Form,Water,Schooling,,45,140,130,140,135,30,8.2,78.6,,https://raw.githubusercontent.com/EchoFia/Learning-Through-Projects/refs/heads/main/Python/Pokemon/images/img940.png
747,VII,Mareanie,"Poison, Water","Merciless, Limber",Regenerator,50,53,62,43,52,45,0.4,8.0,,https://raw.githubusercontent.com/EchoFia/Learning-Through-Projects/refs/heads/main/Python/Pokemon/images/img941.png
748,VII,Toxapex,"Poison, Water","Merciless, Limber",Regenerator,50,63,152,53,142,35,0.7,14.5,,https://raw.githubusercontent.com/EchoFia/Learning-Through-Projects/refs/heads/main/Python/Pokemon/images/img942.png
749,VII,Mudbray,Ground,"Own Tempo, Stamina",Inner Focus,70,100,70,45,55,45,1.0,110.0,,https://raw.githubusercontent.com/EchoFia/Learning-Through-Projects/refs/heads/main/Python/Pokemon/images/img943.png
750,VII,Mudsdale,Ground,"Own Tempo, Stamina",Inner Focus,100,125,100,55,85,35,2.5,920.0,,https://raw.githubusercontent.com/EchoFia/Learning-Through-Projects/refs/heads/main/Python/Pokemon/images/img944.png
751,VII,Dewpider,"Water, Bug",Water Bubble,Water Absorb,38,40,52,40,72,27,0.3,4.0,,https://raw.githubusercontent.com/EchoFia/Learning-Through-Projects/refs/heads/main/Python/Pokemon/images/img945.png
752,VII,Araquanid,"Water, Bug",Water Bubble,Water Absorb,68,70,92,50,132,42,1.8,82.0,,https://raw.githubusercontent.com/EchoFia/Learning-Through-Projects/refs/heads/main/Python/Pokemon/images/img946.png
753,VII,Fomantis,Grass,Leaf Guard,Contrary,40,55,35,50,35,35,0.3,1.5,,https://raw.githubusercontent.com/EchoFia/Learning-Through-Projects/refs/heads/main/Python/Pokemon/images/img947.png
754,VII,Lurantis,Grass,Leaf Guard,Contrary,70,105,90,80,90,45,0.9,18.5,,https://raw.githubusercontent.com/EchoFia/Learning-Through-Projects/refs/heads/main/Python/Pokemon/images/img948.png
755,VII,Morelull,"Grass, Fairy","Illuminate, Effect Spore",Rain Dish,40,35,55,65,75,15,0.2,1.5,,https://raw.githubusercontent.com/EchoFia/Learning-Through-Projects/refs/heads/main/Python/Pokemon/images/img949.png
756,VII,Shiinotic,"Grass, Fairy","Illuminate, Effect Spore",Rain Dish,60,45,80,90,100,30,1.0,11.5,,https://raw.githubusercontent.com/EchoFia/Learning-Through-Projects/refs/heads/main/Python/Pokemon/images/img950.png
757,VII,Salandit,"Poison, Fire",Corrosion,Oblivious,48,44,40,71,40,77,0.6,4.8,,https://raw.githubusercontent.com/EchoFia/Learning-Through-Projects/refs/heads/main/Python/Pokemon/images/img951.png
758,VII,Salazzle,"Poison, Fire",Corrosion,Oblivious,68,64,60,111,60,117,1.2,22.2,,https://raw.githubusercontent.com/EchoFia/Learning-Through-Projects/refs/heads/main/Python/Pokemon/images/img952.png
759,VII,Stufful,"Normal, Fighting","Fluffy, Klutz",Cute Charm,70,75,50,45,50,50,0.5,6.8,,https://raw.githubusercontent.com/EchoFia/Learning-Through-Projects/refs/heads/main/Python/Pokemon/images/img953.png
760,VII,Bewear,"Normal, Fighting","Fluffy, Klutz",Unnerve,120,125,80,55,60,60,2.1,135.0,,https://raw.githubusercontent.com/EchoFia/Learning-Through-Projects/refs/heads/main/Python/Pokemon/images/img954.png
761,VII,Bounsweet,Grass,"Leaf Guard, Oblivious",Sweet Veil,42,30,38,30,38,32,0.3,3.2,,https://raw.githubusercontent.com/EchoFia/Learning-Through-Projects/refs/heads/main/Python/Pokemon/images/img955.png
762,VII,Steenee,Grass,"Leaf Guard, Oblivious",Sweet Veil,52,40,48,40,48,62,0.7,8.2,,https://raw.githubusercontent.com/EchoFia/Learning-Through-Projects/refs/heads/main/Python/Pokemon/images/img956.png
763,VII,Tsareena,Grass,"Leaf Guard, Queenly Majesty",Sweet Veil,72,120,98,50,98,72,1.2,21.4,,https://raw.githubusercontent.com/EchoFia/Learning-Through-Projects/refs/heads/main/Python/Pokemon/images/img957.png
764,VII,Comfey,Fairy,"Flower Veil, Triage",Natural Cure,51,52,90,82,110,100,0.1,0.3,,https://raw.githubusercontent.com/EchoFia/Learning-Through-Projects/refs/heads/main/Python/Pokemon/images/img958.png
765,VII,Oranguru,"Normal, Psychic","Inner Focus, Telepathy",Symbiosis,90,60,80,90,110,60,1.5,76.0,,https://raw.githubusercontent.com/EchoFia/Learning-Through-Projects/refs/heads/main/Python/Pokemon/images/img959.png
766,VII,Passimian,Fighting,Receiver,Defiant,100,120,90,40,60,80,2.0,82.8,,https://raw.githubusercontent.com/EchoFia/Learning-Through-Projects/refs/heads/main/Python/Pokemon/images/img960.png
767,VII,Wimpod,"Bug, Water",Wimp Out,,25,35,40,20,30,80,0.5,12.0,,https://raw.githubusercontent.com/EchoFia/Learning-Through-Projects/refs/heads/main/Python/Pokemon/images/img961.png
768,VII,Golisopod,"Bug, Water",Emergency Exit,,75,125,140,60,90,40,2.0,108.0,,https://raw.githubusercontent.com/EchoFia/Learning-Through-Projects/refs/heads/main/Python/Pokemon/images/img962.png
768,VII,Mega Golisopod,"Bug, Steel",Tough Claws,,75,150,175,70,120,40,2.3,148.0,,https://raw.githubusercontent.com/EchoFia/Learning-Through-Projects/refs/heads/main/Python/Pokemon/images/img963.png
769,VII,Sandygast,"Ghost, Ground",Water Compaction,Sand Veil,55,55,80,70,45,15,0.5,70.0,,https://raw.githubusercontent.com/EchoFia/Learning-Through-Projects/refs/heads/main/Python/Pokemon/images/img964.png
770,VII,Palossand,"Ghost, Ground",Water Compaction,Sand Veil,85,75,110,100,75,35,1.3,250.0,,https://raw.githubusercontent.com/EchoFia/Learning-Through-Projects/refs/heads/main/Python/Pokemon/images/img965.png
771,VII,Pyukumuku,Water,Innards Out,Unaware,55,60,130,30,130,5,0.3,1.2,,https://raw.githubusercontent.com/EchoFia/Learning-Through-Projects/refs/heads/main/Python/Pokemon/images/img966.png
772,VII,Type: Null,Normal,Battle Armor,,95,95,95,95,95,59,1.9,120.5,,https://raw.githubusercontent.com/EchoFia/Learning-Through-Projects/refs/heads/main/Python/Pokemon/images/img967.png
773,VII,Silvally,Normal,RKS System,,95,95,95,95,95,95,2.3,100.5,,https://raw.githubusercontent.com/EchoFia/Learning-Through-Projects/refs/heads/main/Python/Pokemon/images/img968.png
774,VII,Minior Meteor Form,"Rock, Flying",Shields Down,,60,60,100,60,100,60,0.3,40.0,,https://raw.githubusercontent.com/EchoFia/Learning-Through-Projects/refs/heads/main/Python/Pokemon/images/img969.png
774,VII,Minior Core Form,"Rock, Flying",Shields Down,,60,100,60,100,60,120,0.3,0.3,,https://raw.githubusercontent.com/EchoFia/Learning-Through-Projects/refs/heads/main/Python/Pokemon/images/img970.png
775,VII,Komala,Normal,Comatose,,65,115,65,75,95,65,0.4,19.9,,https://raw.githubusercontent.com/EchoFia/Learning-Through-Projects/refs/heads/main/Python/Pokemon/images/img971.png
776,VII,Turtonator,"Fire, Dragon",Shell Armor,,60,78,135,91,85,36,2.0,212.0,,https://raw.githubusercontent.com/EchoFia/Learning-Through-Projects/refs/heads/main/Python/Pokemon/images/img972.png
777,VII,Togedemaru,"Electric, Steel","Iron Barbs, Lightning Rod",Sturdy,65,98,63,40,73,96,0.3,3.3,,https://raw.githubusercontent.com/EchoFia/Learning-Through-Projects/refs/heads/main/Python/Pokemon/images/img973.png
778,VII,Mimikyu,"Ghost, Fairy",Disguise,,55,90,80,50,105,96,0.2,0.7,,https://raw.githubusercontent.com/EchoFia/Learning-Through-Projects/refs/heads/main/Python/Pokemon/images/img974.png
779,VII,Bruxish,"Water, Psychic","Dazzling, Strong Jaw",Wonder Skin,68,105,70,70,70,92,0.9,19.0,,https://raw.githubusercontent.com/EchoFia/Learning-Through-Projects/refs/heads/main/Python/Pokemon/images/img975.png
780,VII,Drampa,"Normal, Dragon","Berserk, Sap Sipper",Cloud Nine,78,60,85,135,91,36,3.0,185.0,,https://raw.githubusercontent.com/EchoFia/Learning-Through-Projects/refs/heads/main/Python/Pokemon/images/img976.png
780,VII,Mega Drampa,"Normal, Dragon",Berserk,,78,85,110,160,116,36,3.0,240.5,,https://raw.githubusercontent.com/EchoFia/Learning-Through-Projects/refs/heads/main/Python/Pokemon/images/img977.png
781,VII,Dhelmise,"Ghost, Grass",Steelworker,,70,131,100,86,90,40,3.9,210.0,,https://raw.githubusercontent.com/EchoFia/Learning-Through-Projects/refs/heads/main/Python/Pokemon/images/img978.png
782,VII,Jangmo-o,Dragon,"Bulletproof, Soundproof",Overcoat,45,55,65,45,45,45,0.6,29.7,,https://raw.githubusercontent.com/EchoFia/Learning-Through-Projects/refs/heads/main/Python/Pokemon/images/img979.png
783,VII,Hakamo-o,"Dragon, Fighting","Bulletproof, Soundproof",Overcoat,55,75,90,65,70,65,1.2,47.0,,https://raw.githubusercontent.com/EchoFia/Learning-Through-Projects/refs/heads/main/Python/Pokemon/images/img980.png
784,VII,Kommo-o,"Dragon, Fighting","Bulletproof, Soundproof",Overcoat,75,110,125,100,105,85,1.6,78.2,,https://raw.githubusercontent.com/EchoFia/Learning-Through-Projects/refs/heads/main/Python/Pokemon/images/img981.png
785,VII,Tapu Koko,"Electric, Fairy",Electric Surge,Telepathy,70,115,85,95,75,130,1.8,20.5,,https://raw.githubusercontent.com/EchoFia/Learning-Through-Projects/refs/heads/main/Python/Pokemon/images/img982.png
786,VII,Tapu Lele,"Psychic, Fairy",Psychic Surge,Telepathy,70,85,75,130,115,95,1.2,18.6,,https://raw.githubusercontent.com/EchoFia/Learning-Through-Projects/refs/heads/main/Python/Pokemon/images/img983.png
787,VII,Tapu Bulu,"Grass, Fairy",Grassy Surge,Telepathy,70,130,115,85,95,75,1.9,45.5,,https://raw.githubusercontent.com/EchoFia/Learning-Through-Projects/refs/heads/main/Python/Pokemon/images/img984.png
788,VII,Tapu Fini,"Water, Fairy",Misty Surge,Telepathy,70,75,115,95,130,85,1.3,21.2,,https://raw.githubusercontent.com/EchoFia/Learning-Through-Projects/refs/heads/main/Python/Pokemon/images/img985.png
789,VII,Cosmog,Psychic,Unaware,,43,29,31,29,31,37,0.2,0.1,,https://raw.githubusercontent.com/EchoFia/Learning-Through-Projects/refs/heads/main/Python/Pokemon/images/img986.png
790,VII,Cosmoem,Psychic,Sturdy,,43,29,131,29,131,37,0.1,999.9,,https://raw.githubusercontent.com/EchoFia/Learning-Through-Projects/refs/heads/main/Python/Pokemon/images/img987.png
791,VII,Solgaleo,"Psychic, Steel",Full Metal Body,,137,137,107,113,89,97,3.4,230.0,,https://raw.githubusercontent.com/EchoFia/Learning-Through-Projects/refs/heads/main/Python/Pokemon/images/img988.png
792,VII,Lunala,"Psychic, Ghost",Shadow Shield,,137,113,89,137,107,97,4.0,120.0,,https://raw.githubusercontent.com/EchoFia/Learning-Through-Projects/refs/heads/main/Python/Pokemon/images/img989.png
793,VII,Nihilego,"Rock, Poison",Beast Boost,,109,53,47,127,131,103,1.2,55.5,,https://raw.githubusercontent.com/EchoFia/Learning-Through-Projects/refs/heads/main/Python/Pokemon/images/img990.png
794,VII,Buzzwole,"Bug, Fighting",Beast Boost,,107,139,139,53,53,79,2.4,333.6,,https://raw.githubusercontent.com/EchoFia/Learning-Through-Projects/refs/heads/main/Python/Pokemon/images/img991.png
795,VII,Pheromosa,"Bug, Fighting",Beast Boost,,71,137,37,137,37,151,1.8,25.0,,https://raw.githubusercontent.com/EchoFia/Learning-Through-Projects/refs/heads/main/Python/Pokemon/images/img992.png
796,VII,Xurkitree,Electric,Beast Boost,,83,89,71,173,71,83,3.8,100.0,,https://raw.githubusercontent.com/EchoFia/Learning-Through-Projects/refs/heads/main/Python/Pokemon/images/img993.png
797,VII,Celesteela,"Steel, Flying",Beast Boost,,97,101,103,107,101,61,9.2,999.9,,https://raw.githubusercontent.com/EchoFia/Learning-Through-Projects/refs/heads/main/Python/Pokemon/images/img994.png
798,VII,Kartana,"Grass, Steel",Beast Boost,,59,181,131,59,31,109,0.3,0.1,,https://raw.githubusercontent.com/EchoFia/Learning-Through-Projects/refs/heads/main/Python/Pokemon/images/img995.png
799,VII,Guzzlord,"Dark, Dragon",Beast Boost,,223,101,53,97,53,43,5.5,888.0,,https://raw.githubusercontent.com/EchoFia/Learning-Through-Projects/refs/heads/main/Python/Pokemon/images/img996.png
800,VII,Necrozma,Psychic,Prism Armor,,97,107,101,127,89,79,2.4,230.0,,https://raw.githubusercontent.com/EchoFia/Learning-Through-Projects/refs/heads/main/Python/Pokemon/images/img997.png
800,VII,Necrozma Dusk Mane,"Psychic, Steel",Prism Armor,,97,157,127,113,109,77,3.8,460.0,,https://raw.githubusercontent.com/EchoFia/Learning-Through-Projects/refs/heads/main/Python/Pokemon/images/img998.png
800,VII,Necrozma Dawn Wings,"Psychic, Ghost",Prism Armor,,97,113,109,157,127,77,4.2,350.0,,https://raw.githubusercontent.com/EchoFia/Learning-Through-Projects/refs/heads/main/Python/Pokemon/images/img999.png
800,VII,Necrozma Ultra,"Psychic, Dragon",Neuroforce,,97,167,97,167,97,129,7.5,230.0,,https://raw.githubusercontent.com/EchoFia/Learning-Through-Projects/refs/heads/main/Python/Pokemon/images/img1000.png
801,VII,Magearna,"Steel, Fairy",Soul-Heart,,80,95,115,130,115,65,1.0,80.5,,https://raw.githubusercontent.com/EchoFia/Learning-Through-Projects/refs/heads/main/Python/Pokemon/images/img1001.png
801,VII,Mega Magearna,"Steel, Fairy",Soul-Heart,,80,125,115,170,115,95,1.3,248.1,,https://raw.githubusercontent.com/EchoFia/Learning-Through-Projects/refs/heads/main/Python/Pokemon/images/img1002.png
802,VII,Marshadow,"Fighting, Ghost",Technician,,90,125,80,90,90,125,0.7,22.2,,https://raw.githubusercontent.com/EchoFia/Learning-Through-Projects/refs/heads/main/Python/Pokemon/images/img1003.png
803,VII,Poipole,Poison,Beast Boost,,67,73,67,73,67,73,0.6,1.8,,https://raw.githubusercontent.com/EchoFia/Learning-Through-Projects/refs/heads/main/Python/Pokemon/images/img1004.png
804,VII,Naganadel,"Poison, Dragon",Beast Boost,,73,73,73,127,73,121,3.6,150.0,,https://raw.githubusercontent.com/EchoFia/Learning-Through-Projects/refs/heads/main/Python/Pokemon/images/img1005.png
805,VII,Stakataka,"Rock, Steel",Beast Boost,,61,131,211,53,101,13,5.5,820.0,,https://raw.githubusercontent.com/EchoFia/Learning-Through-Projects/refs/heads/main/Python/Pokemon/images/img1006.png
806,VII,Blacephalon,"Fire, Ghost",Beast Boost,,53,127,53,151,79,107,1.8,13.0,,https://raw.githubusercontent.com/EchoFia/Learning-Through-Projects/refs/heads/main/Python/Pokemon/images/img1007.png
807,VII,Zeraora,Electric,Volt Absorb,,88,112,75,102,80,143,1.5,44.5,,https://raw.githubusercontent.com/EchoFia/Learning-Through-Projects/refs/heads/main/Python/Pokemon/images/img1008.png
807,VII,Mega Zeraora,Electric,Volt Absorb,,88,157,75,147,80,153,1.5,44.5,,https://raw.githubusercontent.com/EchoFia/Learning-Through-Projects/refs/heads/main/Python/Pokemon/images/img1009.png
808,VII,Meltan,Steel,Magnet Pull,,46,65,65,55,35,34,0.2,8.0,,https://raw.githubusercontent.com/EchoFia/Learning-Through-Projects/refs/heads/main/Python/Pokemon/images/img1010.png
809,VII,Melmetal,Steel,Iron Fist,,135,143,143,80,65,34,2.5,800.0,,https://raw.githubusercontent.com/EchoFia/Learning-Through-Projects/refs/heads/main/Python/Pokemon/images/img1011.png
810,VIII,Grookey,Grass,Overgrow,Grassy Surge,50,65,50,40,40,65,0.3,5.0,,https://raw.githubusercontent.com/EchoFia/Learning-Through-Projects/refs/heads/main/Python/Pokemon/images/img1012.png
811,VIII,Thwackey,Grass,Overgrow,Grassy Surge,70,85,70,55,60,80,0.7,14.0,,https://raw.githubusercontent.com/EchoFia/Learning-Through-Projects/refs/heads/main/Python/Pokemon/images/img1013.png
812,VIII,Rillaboom,Grass,Overgrow,Grassy Surge,100,125,90,60,70,85,2.1,90.0,,https://raw.githubusercontent.com/EchoFia/Learning-Through-Projects/refs/heads/main/Python/Pokemon/images/img1014.png
813,VIII,Scorbunny,Fire,Blaze,Libero,50,71,40,40,40,69,0.3,4.5,,https://raw.githubusercontent.com/EchoFia/Learning-Through-Projects/refs/heads/main/Python/Pokemon/images/img1015.png
814,VIII,Raboot,Fire,Blaze,Libero,65,86,60,55,60,94,0.6,9.0,,https://raw.githubusercontent.com/EchoFia/Learning-Through-Projects/refs/heads/main/Python/Pokemon/images/img1016.png
815,VIII,Cinderace,Fire,Blaze,Libero,80,116,75,65,75,119,1.4,33.0,,https://raw.githubusercontent.com/EchoFia/Learning-Through-Projects/refs/heads/main/Python/Pokemon/images/img1017.png
816,VIII,Sobble,Water,Torrent,Sniper,50,40,40,70,40,70,0.3,4.0,,https://raw.githubusercontent.com/EchoFia/Learning-Through-Projects/refs/heads/main/Python/Pokemon/images/img1018.png
817,VIII,Drizzile,Water,Torrent,Sniper,65,60,55,95,55,90,0.7,11.5,,https://raw.githubusercontent.com/EchoFia/Learning-Through-Projects/refs/heads/main/Python/Pokemon/images/img1019.png
818,VIII,Inteleon,Water,Torrent,Sniper,70,85,65,125,65,120,1.9,45.2,,https://raw.githubusercontent.com/EchoFia/Learning-Through-Projects/refs/heads/main/Python/Pokemon/images/img1020.png
819,VIII,Skwovet,Normal,Cheek Pouch,Gluttony,70,55,55,35,35,25,0.3,2.5,,https://raw.githubusercontent.com/EchoFia/Learning-Through-Projects/refs/heads/main/Python/Pokemon/images/img1021.png
820,VIII,Greedent,Normal,Cheek Pouch,Gluttony,120,95,95,55,75,20,0.6,6.0,,https://raw.githubusercontent.com/EchoFia/Learning-Through-Projects/refs/heads/main/Python/Pokemon/images/img1022.png
821,VIII,Rookidee,Flying,"Keen Eye, Unnerve",Big Pecks,38,47,35,33,35,57,0.2,1.8,,https://raw.githubusercontent.com/EchoFia/Learning-Through-Projects/refs/heads/main/Python/Pokemon/images/img1023.png
822,VIII,Corvisquire,Flying,"Keen Eye, Unnerve",Big Pecks,68,67,55,43,55,77,0.8,16.0,,https://raw.githubusercontent.com/EchoFia/Learning-Through-Projects/refs/heads/main/Python/Pokemon/images/img1024.png
